TXN_DATE_TIME,TRANSACTION_ID,CUSTOMER_ID,POLICY_NUMBER,POLICY_EFF_DT,LOSS_DT,REPORT_DT,INSURANCE_TYPE,PREMIUM_AMOUNT,CLAIM_AMOUNT,CUSTOMER_NAME,ADDRESS_LINE1,ADDRESS_LINE2,CITY,STATE,POSTAL_CODE,SSN,MARITAL_STATUS,AGE,TENURE,EMPLOYMENT_STATUS,NO_OF_FAMILY_MEMBERS,RISK_SEGMENTATION,HOUSE_TYPE,SOCIAL_CLASS,ROUTING_NUMBER,ACCT_NUMBER,CUSTOMER_EDUCATION_LEVEL,CLAIM_STATUS,INCIDENT_SEVERITY,AUTHORITY_CONTACTED,ANY_INJURY,POLICE_REPORT_AVAILABLE,INCIDENT_STATE,INCIDENT_CITY,INCIDENT_HOUR_OF_THE_DAY,AGENT_ID,VENDOR_ID
1/6/2020 0:00,TXN00000001,A00003822,PLC00008468,23/6/2015,16/5/2020,21/5/2020,Health,157.13,9000,Christopher Demarest,7701 West Saint John Road,#2010,Glendale,AZ,85308,087-11-1946,Y,54,89,Y,3,L,Own,LI,109134974,HXJP58258181908465,Bachelor,A,Major Loss,Police,0,1,GA,Savannah,4,AGENT00413,VNDR00556
1/6/2020 0:00,TXN00000004,A00007572,PLC00009292,29/11/2016,14/5/2020,19/5/2020,Health,172.87,16000,Steven Bassett,2803 River Drive,,Thunderbolt,GA,31404,669-92-1861,Y,36,16,Y,7,L,Mortgage,MI,18429110,WIKE91555436351397,Masters,A,Minor Loss,Ambulance,0,0,GA,Savannah,12,AGENT00278,VNDR00075
1/6/2020 0:00,TXN00000007,A00007245,PLC00002796,26/10/2012,13/5/2020,18/5/2020,Health,197.23,3000,Dennis Johnson,5119 Marla Drive,,Panama City,FL,32404,539-25-2348,Y,61,20,Y,7,L,Rent,MI,72461648,ZCMU49563664563577,NA,A,Major Loss,Police,1,1,CT,Manchester,10,AGENT00322,VNDR00150
1/6/2020 0:00,TXN00000013,A00003693,PLC00007839,12/6/2019,24/5/2020,27/5/2020,Health,157.95,11000,Lisa Rosario,12870 Old Seward Highway,#STE 000105,Anchorage,AK,99515,115-30-1247,Y,57,118,Y,3,M,Mortgage,LI,74438433,NAUY34845981013549,Bachelor,A,Major Loss,None,0,1,KY,Louisville,22,AGENT00015,VNDR00191
1/6/2020 0:00,TXN00000021,A00004720,PLC00003338,10/7/2015,30/5/2020,30/5/2020,Health,155.23,17000,Stacey Lopez,10 Skyline Way,,Hartford,VT,5001,889-29-6243,Y,51,51,Y,6,L,Own,MI,95548658,VRFH55935817723257,High School,A,Total Loss,Other,1,0,CO,Arvada,3,AGENT00446,VNDR00215
1/6/2020 0:00,TXN00000027,A00006946,PLC00009230,30/12/2011,14/5/2020,19/5/2020,Health,130.78,17000,Barbara Clouthier,4329 Howe Street,,Oakland,CA,94611,363-11-4142,Y,26,28,Y,3,L,Rent,MI,96206630,TTLB31669942391037,PhD,A,Total Loss,Police,1,1,GA,Savannah,11,AGENT00739,
1/6/2020 0:00,TXN00000028,A00004112,PLC00003274,23/6/2014,28/5/2020,29/5/2020,Health,119.4,19000,Elbert Felix,780 South Wilmington Avenue,#107,Fayetteville,AR,72701,438-24-0006,Y,57,85,Y,3,L,Own,HI,99964979,TPIY02608088603933,Masters,A,Minor Loss,Police,0,0,MA,Quincy,0,AGENT01169,VNDR00310
1/6/2020 0:00,TXN00000031,A00003691,PLC00009902,3/7/2010,14/5/2020,19/5/2020,Health,147.7,13000,Mildred Whitten,6225 West Citrus Way,,Glendale,AZ,85301,571-86-2413,N,25,117,Y,7,M,Rent,MI,49391929,EDWX65101648714154,PhD,A,Major Loss,Ambulance,1,0,CO,Arvada,3,AGENT00531,VNDR00249
3/6/2020 0:00,TXN00000069,A00007027,PLC00008450,9/2/2011,28/5/2020,30/5/2020,Health,156.2,3000,William Martin,2707 Eden Street,,Nashville,TN,37208,234-71-8403,Y,36,82,N,4,L,Rent,MI,125033376,VDAJ67452473390304,Bachelor,A,Total Loss,Police,0,0,CA,Oakland,7,AGENT00565,VNDR00239
3/6/2020 0:00,TXN00000089,A00005802,PLC00001608,25/4/2017,31/5/2020,31/5/2020,Health,102.63,9000,Joseph Walt,4329 Howe Street,,Oakland,CA,94611,870-21-9085,N,63,96,Y,3,L,Own,LI,60298742,RHPR40702585454712,Bachelor,A,Major Loss,None,0,1,MA,Lowell,4,AGENT00955,
3/6/2020 0:00,TXN00000090,A00006267,PLC00000932,7/8/2017,27/5/2020,29/5/2020,Health,199.63,16000,Kate Tito,6228 West Larkspur Drive,,Glendale,AZ,85304,290-88-1317,N,26,47,Y,3,L,Mortgage,MI,55301220,WIXZ74111109339982,High School,A,Major Loss,Police,1,1,FL,Panama City,9,AGENT00428,
4/6/2020 0:00,TXN00000092,A00009572,PLC00006462,16/1/2019,15/5/2020,20/5/2020,Health,153.52,19000,Vivian Kiesel,120 North Hurstbourne Parkway,#622,Louisville,KY,40222,300-10-2252,Y,28,108,Y,6,L,Rent,MI,74447301,TYFC08826193597098,High School,A,Minor Loss,Other,1,0,TN,Nashville,9,AGENT00573,VNDR00532
4/6/2020 0:00,TXN00000093,A00007477,PLC00008821,5/6/2015,23/5/2020,28/5/2020,Health,116.27,7000,Anthony Carpenter,178 Old Homestead Road,,Danville,VT,5873,653-32-2994,Y,60,119,Y,3,H,Own,HI,96851302,XWLE56259722141004,High School,A,Major Loss,Ambulance,1,1,CA,Oakland,7,AGENT00474,VNDR00251
4/6/2020 0:00,TXN00000114,A00001148,PLC00001545,19/6/2018,15/5/2020,20/5/2020,Health,189.17,10000,Jorge Anderson,4331 Foeburn Lane,,Louisville,KY,40207,692-56-5856,Y,47,11,Y,2,L,Rent,HI,65804995,GQSO10717982606748,High School,D,Total Loss,Police,0,0,CO,Arvada,17,AGENT00438,
5/6/2020 0:00,TXN00000140,A00002597,PLC00000553,5/7/2018,31/5/2020,1/6/2020,Health,121.26,3000,Rodney Miller,2068 Happy Lane,,Crofton,MD,21114,173-81-9522,Y,39,96,Y,5,M,Rent,MI,73287164,JTWJ38538262900895,High School,A,Total Loss,Ambulance,1,1,MA,Fall River,7,AGENT00639,VNDR00375
5/6/2020 0:00,TXN00000141,A00007505,PLC00005897,10/12/2019,16/5/2020,21/5/2020,Health,188.54,17000,Gary Frey,25721 Berryhill Road,,Anchorage,AK,99577,361-41-6956,N,31,67,Y,2,L,Mortgage,LI,59549965,KBNU55375330544312,Bachelor,A,Minor Loss,Police,1,0,GA,Savannah,10,AGENT00929,VNDR00583
6/6/2020 0:00,TXN00000152,A00005318,PLC00008962,6/10/2011,22/5/2020,27/5/2020,Health,135.82,16000,Catherine Sisco,800 West Street,,Panama City,FL,32404,705-23-3691,Y,32,9,Y,7,M,Own,LI,34202117,JPAU82001376717554,Bachelor,A,Major Loss,None,1,1,VT,Pawlet,10,AGENT00391,VNDR00292
6/6/2020 0:00,TXN00000156,A00007341,PLC00009169,10/5/2012,26/5/2020,31/5/2020,Health,124.56,8000,Deanna Humiston,439 Crestmont Drive,,Oakland,CA,94619,600-55-8563,Y,27,93,Y,4,M,Rent,LI,52209969,CAYF51585495045486,PhD,A,Total Loss,Ambulance,1,1,CO,Arvada,16,AGENT00031,
6/6/2020 0:00,TXN00000160,A00003149,PLC00005923,7/7/2013,1/6/2020,2/6/2020,Health,121.92,20000,Keith Martel,17020 West 64th Drive,,Arvada,CO,80007,562-73-6287,Y,60,29,Y,6,L,Rent,HI,58373983,XEBM72293296799002,High School,A,Total Loss,None,1,1,AL,Montgomery,9,AGENT00889,VNDR00397
6/6/2020 0:00,TXN00000162,A00009530,PLC00009483,31/8/2011,18/5/2020,23/5/2020,Health,187.72,1000,Calvin Howell,3425 North Futrall Drive,,Fayetteville,AR,72703,276-56-3370,Y,54,85,Y,7,H,Own,MI,101329020,TCAF46090102086345,Bachelor,D,Minor Loss,None,1,0,MD,Severn,19,AGENT00568,
6/6/2020 0:00,TXN00000171,A00002764,PLC00001151,13/5/2019,3/6/2020,3/6/2020,Health,164.79,8000,Tony Hunter,127 Andover Drive,,Savannah,GA,31405,735-22-1634,Y,36,100,Y,5,M,Mortgage,MI,29894365,WDEE57746224784089,Masters,A,Minor Loss,Police,1,0,AL,Montgomery,13,AGENT00781,
6/6/2020 0:00,TXN00000177,A00003613,PLC00007162,8/1/2013,3/6/2020,3/6/2020,Health,140.37,5000,Walter Thibodeaux,5529 East Saddleridge Drive,,Fayetteville,AR,72703,066-80-1161,N,52,87,Y,4,H,Own,MI,16866571,UROP89090452769409,College,A,Minor Loss,Police,1,0,CO,Arvada,3,AGENT00905,
7/6/2020 0:00,TXN00000185,A00002397,PLC00002699,8/9/2015,31/5/2020,2/6/2020,Health,183.13,12000,Mark Jones,10819 Bluegrass Parkway,,Jeffersontown,KY,40299,580-84-3030,N,60,43,Y,6,L,Mortgage,MI,96070361,TMUY79955993227304,Bachelor,A,Total Loss,Ambulance,0,0,MA,Scituate,20,AGENT00543,VNDR00429
7/6/2020 0:00,TXN00000197,A00008439,PLC00008346,1/10/2012,5/6/2020,5/6/2020,Health,145.92,11000,Mary Bentz,12 Fletcher Lane,,Shelburne,VT,5482,473-39-8600,Y,60,41,Y,4,M,Rent,HI,53877400,HEDB45849625461825,Bachelor,A,Total Loss,Ambulance,0,1,AL,Montgomery,6,AGENT00739,VNDR00279
7/6/2020 0:00,TXN00000198,A00007899,PLC00009038,1/9/2012,30/5/2020,2/6/2020,Health,148.66,16000,Susan Ridgeway,15510 Champion Lakes Place,,Louisville,KY,40245,329-24-9833,Y,61,11,Y,7,L,Rent,LI,78025622,QAGV22303050448390,Bachelor,A,Minor Loss,Police,1,1,MA,Springfield,2,AGENT01194,
7/6/2020 0:00,TXN00000207,A00000149,PLC00007673,24/8/2013,6/6/2020,6/6/2020,Health,181.29,6000,Gail Mauldin,165 Saint John Street,,Manchester,CT,6040,753-43-6681,N,63,59,Y,2,H,Mortgage,MI,82929086,NQPE33737115459661,Bachelor,A,Major Loss,None,1,1,CA,Livermore,4,AGENT00319,
8/6/2020 0:00,TXN00000221,A00000704,PLC00002509,5/3/2013,20/5/2020,25/5/2020,Health,190.93,1000,Peter Jones,125 Summer Street,,Manchester,CT,6040,051-53-1038,Y,46,12,Y,7,L,Own,MI,25577152,RVZF34897936886560,Bachelor,A,Major Loss,Other,1,0,VT,Randolph,2,AGENT00162,VNDR00395
8/6/2020 0:00,TXN00000223,A00009037,PLC00001490,9/8/2011,24/5/2020,29/5/2020,Health,119.13,13000,Buddy Hinkle,653 Vermont 12,,Hartland,VT,5048,002-26-6560,Y,50,84,Y,7,M,Own,MI,68143381,LIFV50323629362199,Masters,A,Major Loss,None,1,0,MD,Crownsville,10,AGENT00601,
9/6/2020 0:00,TXN00000226,A00003800,PLC00009464,14/3/2014,24/5/2020,29/5/2020,Health,118.33,7000,Thomas Hickson,1261 Steamboat Drive,#3,Fayetteville,AR,72704,593-56-3766,Y,50,73,Y,4,H,Own,MI,55229467,EGPN11128071675298,High School,A,Major Loss,None,1,1,CT,Manchester,3,AGENT00395,VNDR00168
9/6/2020 0:00,TXN00000233,A00008547,PLC00007452,14/12/2011,2/6/2020,4/6/2020,Health,129.55,5000,Randi Dinsmoor,2316 Northwest 113th Street,,Oklahoma City,OK,73120,563-41-0141,N,45,51,Y,4,M,Rent,HI,120090424,KLNQ44323456771787,MD,A,Total Loss,Ambulance,1,1,CO,Greeley,8,AGENT00980,VNDR00313
9/6/2020 0:00,TXN00000235,A00007605,PLC00008431,22/4/2011,24/5/2020,29/5/2020,Health,149.02,2000,Walter Daughtry,17433 Teklanika Drive,,Anchorage,AK,99577,711-81-1226,N,36,109,Y,2,H,Mortgage,MI,81450857,BSRL46269462933100,Masters,A,Major Loss,Ambulance,0,1,CO,Arvada,19,AGENT00660,
10/6/2020 0:00,TXN00000250,A00005816,PLC00005168,12/8/2018,30/5/2020,4/6/2020,Health,190.93,4000,Jennifer Macdonald,152 Teddy Drive,,Union City,CA,94587,776-68-6774,Y,45,8,Y,7,H,Mortgage,HI,10440016,GUCT24555967299339,Bachelor,A,Major Loss,Ambulance,1,1,CT,Manchester,14,AGENT00367,VNDR00529
10/6/2020 0:00,TXN00000266,A00004971,PLC00002386,28/11/2014,31/5/2020,3/6/2020,Health,149.03,2000,Ryan Perez,802 Virginia Avenue,,Lynn Haven,FL,32444,404-50-1354,Y,36,111,Y,5,M,Mortgage,MI,39637606,PMEN38704566633943,College,A,Major Loss,None,1,0,CT,Manchester,19,AGENT00480,VNDR00509
11/6/2020 0:00,TXN00000272,A00000412,PLC00003751,14/11/2013,8/6/2020,8/6/2020,Health,131.7,11000,Ethel Forti,2622 Martin Luther King Junior Boulevard,,Fayetteville,AR,72704,092-62-1896,Y,26,6,Y,7,M,Rent,MI,26646464,RYSF86065317836886,High School,A,Major Loss,None,1,0,OK,Edmond,20,AGENT00115,VNDR00545
11/6/2020 0:00,TXN00000274,A00008093,PLC00008826,21/8/2012,29/5/2020,3/6/2020,Health,180.34,12000,Griselda Blackman,7450 Wade Circle,,Anchorage,AK,99518,699-35-4813,Y,62,86,Y,3,M,Rent,MI,66780649,SMCV98011257015265,Bachelor,A,Total Loss,Ambulance,1,1,CO,Arvada,23,AGENT00667,
11/6/2020 0:00,TXN00000277,A00008295,PLC00001572,24/7/2018,1/6/2020,4/6/2020,Health,141.15,11000,Christopher Vollmer,32 Royal Drive,,Louisville,KY,40214,570-81-9012,Y,46,80,Y,2,M,Own,MI,52396115,ZMPH49852398928788,High School,A,Minor Loss,Other,1,1,KY,Louisville,10,AGENT00741,
11/6/2020 0:00,TXN00000283,A00004975,PLC00000973,30/8/2014,24/5/2020,29/5/2020,Health,117.02,19000,Mitchell Schultz,9302 West 58th Avenue,,Arvada,CO,80002,321-79-6627,Y,56,37,Y,5,H,Own,HI,45586026,EFRB10366659869678,NA,A,Minor Loss,Ambulance,0,0,CO,Arvada,19,AGENT00542,
11/6/2020 0:00,TXN00000284,A00002933,PLC00007090,17/7/2012,26/5/2020,31/5/2020,Health,113.93,10000,Andrea Rivera,307 Joel Street,,Pooler,GA,31322,006-28-7382,Y,63,40,Y,6,M,Rent,MI,124925524,WKLE63262791439705,MD,D,Major Loss,Ambulance,0,1,OK,Midwest City,6,AGENT00647,VNDR00377
12/6/2020 0:00,TXN00000300,A00004346,PLC00007834,15/10/2013,1/6/2020,6/6/2020,Health,107.93,19000,Gabriel Vangieson,2928 Avon Road,,Panama City,FL,32405,714-73-5400,N,59,36,Y,6,M,Mortgage,MI,17686608,RLYO18394811074102,College,D,Major Loss,Ambulance,0,0,TN,Nashville,10,AGENT00825,
12/6/2020 0:00,TXN00000305,A00006175,PLC00004012,9/10/2013,29/5/2020,3/6/2020,Health,151.57,5000,Rebecca Ramirez,6740 West Montebello Avenue,#3B,Glendale,AZ,85303,342-59-6947,Y,30,102,Y,7,H,Own,MI,38079456,GLCU49524621283061,Masters,A,Total Loss,None,1,1,VT,,22,AGENT00922,
12/6/2020 0:00,TXN00000309,A00000282,PLC00003414,21/2/2018,26/5/2020,31/5/2020,Health,116.33,4000,Nathan Yusef,6505 South Lagoon Drive,,Panama City Beach,FL,32408,880-47-3295,N,54,98,N,5,M,Rent,MI,29392197,JCZA59284212244287,High School,A,Major Loss,Police,1,1,AK,Anchorage,15,AGENT00921,VNDR00513
12/6/2020 0:00,TXN00000311,A00006472,PLC00002326,28/2/2018,31/5/2020,5/6/2020,Health,107.76,4000,Gina Butler,1720 Quacco Road,A,Pooler,GA,31322,689-71-7015,N,36,91,Y,2,M,Rent,LI,19320577,OBRQ69719627723633,Bachelor,A,Total Loss,Police,0,1,CO,Arvada,9,AGENT00278,VNDR00364
13/6/2020 0:00,TXN00000318,A00004584,PLC00004585,19/10/2015,25/5/2020,30/5/2020,Health,125.57,5000,Thomas Conlisk,1632 North Lunsford Avenue,,Fayetteville,AR,72701,251-01-1239,Y,50,80,Y,4,M,Own,MI,85873689,DOCU12941022669182,MD,A,Minor Loss,Ambulance,0,1,TN,Nashville,23,AGENT00923,VNDR00415
13/6/2020 0:00,TXN00000319,A00009111,PLC00004631,18/2/2015,27/5/2020,1/6/2020,Health,151.18,2000,Gerard Duncan,159 North Pawlet Road,,Pawlet,VT,5761,401-71-7096,Y,38,33,N,6,M,Own,LI,30813445,GFIX10293812157371,College,A,Minor Loss,Police,1,1,MD,Pasadena,6,AGENT00066,VNDR00183
13/6/2020 0:00,TXN00000320,A00005461,PLC00004097,13/2/2012,27/5/2020,1/6/2020,Health,181.48,10000,Charlene Schnitker,2961 Vinson Road,,Montgomery,AL,36110,741-74-1659,Y,62,34,N,3,M,Mortgage,MI,57278364,GEDH60560282050802,Masters,A,Minor Loss,Ambulance,1,0,AL,Montgomery,3,AGENT00614,VNDR00324
13/6/2020 0:00,TXN00000329,A00009658,PLC00005025,25/9/2015,24/5/2020,29/5/2020,Health,168.21,16000,David Peterson,5792 Owl Hill Avenue,,Santa Rosa,CA,95409,131-97-1818,Y,60,53,Y,6,M,Own,MI,45119493,UNFF56959734266135,College,A,Major Loss,Ambulance,1,1,CA,Selma,10,AGENT00095,
13/6/2020 0:00,TXN00000331,A00008673,PLC00004011,5/7/2013,9/6/2020,10/6/2020,Health,117.76,5000,Marilyn Henry,12 Fletcher Lane,,Shelburne,VT,5482,401-04-3265,Y,57,60,Y,7,L,Mortgage,MI,34535363,BRTP42088374018930,MD,A,Total Loss,Ambulance,0,1,OK,Edmond,16,AGENT00196,VNDR00005
14/6/2020 0:00,TXN00000340,A00006198,PLC00003498,14/6/2011,25/5/2020,30/5/2020,Health,169.13,6000,Bettie Cook,1629 South Razorback Road,#108,Fayetteville,AR,72701,208-80-3830,Y,52,109,Y,7,H,Mortgage,HI,120716216,QGCI61623796284020,Masters,A,Total Loss,Ambulance,1,1,CT,Manchester,14,AGENT01039,VNDR00106
14/6/2020 0:00,TXN00000343,A00002041,PLC00000086,25/5/2013,12/6/2020,12/6/2020,Health,181.09,15000,Irene Nixon,5208 Colorado Avenue Northwest,,Washington,DC,20011,054-57-1971,Y,50,8,Y,3,L,Mortgage,HI,93774123,MBUZ28344171261523,Masters,A,Minor Loss,Police,0,1,KY,Louisville,4,AGENT00763,
14/6/2020 0:00,TXN00000346,A00007981,PLC00001538,1/4/2013,28/5/2020,2/6/2020,Health,120.46,11000,Timothy Carter,26 Seaman Circle,,Manchester,CT,6040,642-32-3820,Y,36,42,Y,5,M,Rent,LI,59799760,KHAC13975972984827,Bachelor,A,Total Loss,Other,1,0,GA,Pooler,15,AGENT01176,
14/6/2020 0:00,TXN00000349,A00002084,PLC00003715,9/12/2012,25/5/2020,30/5/2020,Health,126.27,16000,Herman Decoteau,4 Stemson Way,,Port Wentworth,GA,31407,162-52-3157,Y,50,58,Y,6,L,Rent,HI,33899754,RZAQ60845132850724,College,A,Minor Loss,Ambulance,1,1,AR,Fayetteville,6,AGENT00543,VNDR00484
14/6/2020 0:00,TXN00000361,A00008500,PLC00002970,30/1/2015,6/6/2020,9/6/2020,Health,157.08,5000,Johnnie Collazo,8801 North 63rd Drive,,Glendale,AZ,85302,718-83-3519,N,42,98,Y,2,H,Own,LI,16866034,KMHC67502942433704,Masters,A,Total Loss,Ambulance,0,1,AL,Montgomery,6,AGENT00577,VNDR00109
15/6/2020 0:00,TXN00000372,A00008129,PLC00001045,11/6/2012,1/6/2020,6/6/2020,Health,183.36,6000,Randal Klein,7024 Johnny Mercer Boulevard,,Savannah,GA,31410,199-71-8475,Y,59,119,Y,5,M,Rent,MI,94446049,MEYE99699041448259,High School,A,Minor Loss,Ambulance,1,0,AL,Montgomery,17,AGENT00253,
15/6/2020 0:00,TXN00000378,A00002958,PLC00009834,15/3/2014,11/6/2020,12/6/2020,Health,195.7,5000,Faye Moore,5529 East Saddleridge Drive,,Fayetteville,AR,72703,040-09-4040,Y,52,78,Y,7,M,Mortgage,HI,81436703,VZQV81944460608333,NA,A,Total Loss,Ambulance,1,1,AZ,Glendale,15,AGENT00420,
15/6/2020 0:00,TXN00000379,A00006631,PLC00001795,20/8/2013,4/6/2020,9/6/2020,Health,135.65,10000,David Williams,6748 West San Juan Avenue,,Glendale,AZ,85303,595-30-8506,Y,60,66,Y,3,M,Own,HI,117141360,VDSM11955475769982,Bachelor,A,Total Loss,None,1,1,KY,Louisville,23,AGENT00214,VNDR00034
15/6/2020 0:00,TXN00000384,A00001261,PLC00003674,20/8/2017,12/6/2020,12/6/2020,Health,193.07,15000,Mario Caruso,3905 Lyceum Avenue,,Los Angeles,CA,90066,690-10-7315,N,47,98,Y,3,M,Rent,HI,61093195,GGOI45279315921316,High School,A,Major Loss,Police,1,1,CA,Alameda,8,AGENT01192,VNDR00448
15/6/2020 0:00,TXN00000385,A00005509,PLC00001109,24/3/2015,6/6/2020,9/6/2020,Health,141.39,12000,Scott Phillips,3500 15th Street Northeast,,Washington,DC,20017,888-87-0661,Y,36,74,Y,3,L,Own,MI,77972239,DLSC25945363763517,Bachelor,A,Minor Loss,Other,1,1,CO,Evergreen,7,AGENT00471,
15/6/2020 0:00,TXN00000388,A00008791,PLC00003092,8/12/2011,13/6/2020,13/6/2020,Health,102.47,18000,William Santiago,7851 Snow View Drive,,Anchorage,AK,99507,249-24-0310,N,37,8,Y,7,M,Mortgage,MI,85324688,PNXI51847312712988,NA,A,Total Loss,Other,0,1,MD,Severna Park,12,AGENT01041,VNDR00211
15/6/2020 0:00,TXN00000398,A00002966,PLC00007629,3/5/2015,2/6/2020,7/6/2020,Health,154.17,15000,Carlos Chary,427 Gulf View Drive,,Panama City Beach,FL,32413,333-38-3415,N,57,88,Y,3,L,Own,HI,101881762,QKVL01367717246909,Bachelor,A,Major Loss,Ambulance,1,0,MD,Gambrills,9,AGENT00938,VNDR00470
16/6/2020 0:00,TXN00000406,A00002331,PLC00006307,28/5/2017,29/5/2020,3/6/2020,Health,172.4,19000,Ruth Reamy,404 Middle Turnpike West,,Manchester,CT,6040,844-02-9210,N,58,92,Y,3,M,Own,LI,67033081,CBQL57685453189226,Bachelor,A,Minor Loss,Police,1,1,CA,San Leandro,22,AGENT01076,VNDR00582
16/6/2020 0:00,TXN00000414,A00003486,PLC00006559,26/12/2012,2/6/2020,7/6/2020,Health,108.02,15000,Robert Stoute,2057 Lucas Street,,Montgomery,AL,36107,014-68-8004,Y,28,91,Y,7,L,Rent,MI,11004697,TPTC11052076183712,Bachelor,A,Major Loss,Other,0,0,MD,Severn,13,AGENT00529,VNDR00537
16/6/2020 0:00,TXN00000421,A00000369,PLC00000836,10/6/2018,6/6/2020,9/6/2020,Health,103.4,2000,Meridith Hoag,2355 Pearl Point,#5?,Fayetteville,AR,72701,350-09-4220,Y,32,7,Y,3,L,Own,MI,43260315,EDOP28493702056183,College,D,Major Loss,Police,1,1,DC,Washington,16,AGENT00799,
17/6/2020 0:00,TXN00000434,A00004710,PLC00000539,23/12/2010,5/6/2020,10/6/2020,Health,109.65,18000,Erik Hester,8277 Lamar Place,,Arvada,CO,80003,103-99-0195,Y,32,94,Y,6,M,Mortgage,MI,18469219,JCVB25790554105847,College,A,Major Loss,Other,0,1,OK,Edmond,5,AGENT00765,VNDR00323
17/6/2020 0:00,TXN00000439,A00002883,PLC00004459,31/10/2013,6/6/2020,11/6/2020,Health,103.64,7000,Robert Desatnik,112 Joyner Avenue,,Nashville,TN,37210,011-45-3226,Y,41,119,Y,3,L,Mortgage,MI,26488965,CKIF97313442226310,Bachelor,A,Total Loss,Police,1,1,TN,Nashville,6,AGENT00140,VNDR00109
17/6/2020 0:00,TXN00000445,A00009114,PLC00000450,23/7/2016,13/6/2020,14/6/2020,Health,143.83,20000,Ramonita Nunez,1217 Cottondale Road,,Montgomery,AL,36109,417-67-1092,Y,48,29,Y,2,H,Own,MI,30189470,YCLF58529837414102,Bachelor,D,Major Loss,Police,1,1,AR,Fayetteville,22,AGENT01117,VNDR00408
17/6/2020 0:00,TXN00000446,A00004624,PLC00008314,15/10/2018,3/6/2020,8/6/2020,Health,189.2,14000,Jeffrey Benner,780 South Wilmington Avenue,#107,Fayetteville,AR,72701,635-73-4442,Y,57,8,N,5,M,Mortgage,MI,101393425,TKBK97848571375270,High School,A,Major Loss,None,0,1,OK,Oklahoma City,10,AGENT00429,VNDR00280
17/6/2020 0:00,TXN00000447,A00008629,PLC00002046,18/4/2012,6/6/2020,11/6/2020,Health,143.39,9000,Donald Rieck,2200 East Victory Drive,#36,Savannah,GA,31404,667-25-1189,Y,57,75,Y,4,M,Own,LI,125663131,SVGI38809847704664,NA,A,Major Loss,Ambulance,1,0,DC,Washington,21,AGENT00311,
17/6/2020 0:00,TXN00000453,A00005933,PLC00008343,31/7/2016,5/6/2020,10/6/2020,Health,103.05,14000,Kimberly Lesh,2223 North Fernwood Court,,Savannah,GA,31404,015-36-4360,Y,33,87,Y,3,L,Rent,HI,100009260,DOXB60493905751749,High School,A,Total Loss,Police,1,0,TN,Nashville,2,AGENT00890,
18/6/2020 0:00,TXN00000457,A00002721,PLC00008721,7/9/2017,3/6/2020,8/6/2020,Health,167.32,1000,Gary Green,10222 Pine Glen Circle,,Louisville,KY,40291,163-87-7245,Y,51,68,Y,7,M,Own,MI,72663226,ULGF55685955136908,Bachelor,A,Minor Loss,Police,0,1,CA,Alameda,5,AGENT01199,VNDR00115
18/6/2020 0:00,TXN00000458,A00009630,PLC00009616,26/5/2019,7/6/2020,12/6/2020,Health,102.2,14000,David Schmid,712 Parkside Place Northeast,,Washington,DC,20019,843-10-7272,Y,47,44,Y,5,M,Own,MI,91050315,LHSO36854985577767,Bachelor,D,Total Loss,Ambulance,0,1,MD,Annapolis,12,AGENT00101,VNDR00523
18/6/2020 0:00,TXN00000465,A00008118,PLC00008787,16/9/2017,4/6/2020,9/6/2020,Health,136.09,3000,Roger Dodson,1718 Underwood Road,,Gambrills,MD,21054,249-15-7013,Y,41,9,N,6,H,Own,MI,97074366,QCPW44737090252474,College,A,Major Loss,Police,1,1,GA,Pooler,0,AGENT00436,VNDR00593
19/6/2020 0:00,TXN00000491,A00000004,PLC00003596,16/12/2018,3/6/2020,8/6/2020,Health,122.21,12000,Norma Manning,3701 Lake Towne Drive,,Nashville,TN,37013,650-65-7274,N,34,10,Y,5,H,Rent,LI,103596246,HAJP34291129864764,Bachelor,A,Major Loss,Ambulance,1,0,CA,Fremont,2,AGENT00777,VNDR00265
19/6/2020 0:00,TXN00000505,A00004873,PLC00007822,3/2/2011,5/6/2020,10/6/2020,Health,130.06,17000,Bruce Weinstein,915 Arkansas Avenue,,Lynn Haven,FL,32444,380-63-8544,Y,46,9,Y,2,M,Rent,MI,69833519,OTMS62044555160384,Bachelor,A,Major Loss,Ambulance,1,1,AR,Fayetteville,6,AGENT01001,
20/6/2020 0:00,TXN00000517,A00001307,PLC00008414,3/9/2019,16/6/2020,17/6/2020,Health,187.29,9000,Elias Bishop,165 Quincy Shore Drive,#C27,Quincy,MA,2171,225-22-4022,Y,47,43,Y,3,L,Rent,LI,124263150,SRCV53174545823708,Bachelor,A,Major Loss,Ambulance,1,1,CO,Arvada,10,AGENT00669,VNDR00163
20/6/2020 0:00,TXN00000519,A00003189,PLC00006435,16/2/2019,4/6/2020,9/6/2020,Health,115.94,10000,Barbara Arwood,21 Longview Bluff Drive East,,Savannah,GA,31419,249-08-1400,Y,38,8,Y,4,L,Rent,HI,72619869,BWTY16190323850182,Masters,A,Total Loss,Ambulance,1,0,AK,Anchorage,7,AGENT00713,
20/6/2020 0:00,TXN00000524,A00006851,PLC00001405,15/6/2015,2/6/2020,7/6/2020,Health,135.76,17000,Laurie Aikens,1495 Snell Boulevard,,Nashville,TN,37218,429-96-0456,N,44,19,Y,7,M,Mortgage,MI,65296367,HDHI53199930752102,High School,A,Total Loss,None,1,0,CA,Oakland,23,AGENT01048,
20/6/2020 0:00,TXN00000525,A00000505,PLC00005355,31/10/2019,17/6/2020,17/6/2020,Health,193.41,8000,William Avery,5396 North Reese Avenue,,Fresno,CA,93722,770-36-9067,Y,53,75,Y,7,M,Mortgage,LI,129596408,EUMK12186659746605,High School,A,Major Loss,Ambulance,0,1,GA,Savannah,6,AGENT00679,VNDR00564
20/6/2020 0:00,TXN00000530,A00009549,PLC00006576,3/1/2011,17/6/2020,17/6/2020,Health,115.81,1000,Sharon Wright,1400 Doris Drive,,Louisville,KY,40118,403-32-9155,Y,32,37,Y,7,L,Rent,HI,66484738,TYRA07287000165934,Bachelor,A,Major Loss,Ambulance,1,1,CT,Manchester,23,AGENT01110,
21/6/2020 0:00,TXN00000550,A00001863,PLC00000965,6/7/2016,18/6/2020,18/6/2020,Health,189.95,1000,Nancy Mason,424 Callan Avenue,#216,San Leandro,CA,94577,298-82-2926,Y,36,115,Y,2,M,Own,LI,45098268,ATMX48144581165904,MD,A,Total Loss,Police,0,1,GA,Savannah,13,AGENT00539,
21/6/2020 0:00,TXN00000551,A00003075,PLC00007480,15/1/2020,13/6/2020,16/6/2020,Health,145.78,10000,Joan Berry,115 Saint John Street,,Manchester,CT,6040,431-59-6758,Y,36,93,Y,4,L,Mortgage,HI,21610000,UGDN36435635641543,NA,A,Total Loss,Other,0,1,MD,Glen Burnie,19,AGENT00051,VNDR00460
21/6/2020 0:00,TXN00000552,A00000163,PLC00008268,24/6/2015,16/6/2020,17/6/2020,Health,167.28,18000,David Burns,123 Remember Baker Lane,,Hartford,VT,5001,385-82-9607,Y,52,63,Y,3,M,Mortgage,HI,68461911,JXCL51623956175483,NA,A,Minor Loss,Other,1,1,CO,Arvada,10,AGENT00414,VNDR00122
22/6/2020 0:00,TXN00000575,A00001684,PLC00004825,6/12/2017,2/6/2020,7/6/2020,Health,138.47,5000,Allison Lysiak,1809 Cedar Drive,,Severn,MD,21144,256-19-5713,Y,56,87,Y,6,L,Rent,LI,16177781,QAQU01470074914506,Bachelor,A,Major Loss,Ambulance,0,1,AL,Montgomery,7,AGENT00286,VNDR00344
23/6/2020 0:00,TXN00000589,A00001733,PLC00000015,9/3/2013,13/6/2020,16/6/2020,Health,165.75,3000,Cora Marrara,12420 West Montebello Avenue,,Litchfield Park,AZ,85340,138-18-5938,Y,34,91,Y,2,M,Rent,MI,128945762,LXXA80382980833297,High School,A,Total Loss,Police,1,1,MD,Annapolis,2,AGENT00847,
23/6/2020 0:00,TXN00000590,A00006309,PLC00005886,15/12/2010,22/6/2020,22/6/2020,Health,170.21,16000,Dewey Forbes,7998 Chase Circle,#1,Arvada,CO,80003,857-56-8320,N,29,119,N,6,L,Mortgage,LI,82139038,EGTI33084805069889,College,A,Total Loss,Ambulance,1,1,GA,Savannah,19,AGENT00228,VNDR00327
23/6/2020 0:00,TXN00000601,A00005998,PLC00008775,12/12/2014,15/6/2020,18/6/2020,Health,162.61,7000,James Ceraos,1169 East Hopkins Avenue,,Aspen,CO,81611,175-78-5479,Y,29,97,N,3,M,Mortgage,LI,42185912,DQNH24590070393165,Bachelor,A,Major Loss,None,1,1,AL,Montgomery,12,AGENT00839,
23/6/2020 0:00,TXN00000602,A00004454,PLC00008699,27/10/2010,11/6/2020,16/6/2020,Health,108.44,7000,Vanessa Bellamy,103 Aspen Place Northeast,,Calhoun,GA,30701,098-33-5926,N,47,11,N,6,M,Own,MI,31178493,ZOUF02602211496844,High School,A,Major Loss,Other,1,1,AZ,Glendale,22,AGENT00478,VNDR00339
23/6/2020 0:00,TXN00000605,A00008626,PLC00001825,18/2/2014,16/6/2020,18/6/2020,Health,153.74,14000,Robert Beals,2944 Sheldon Jackson Street,,Anchorage,AK,99508,200-47-8226,N,27,78,Y,5,L,Rent,MI,75591887,QFTH98070769896520,Masters,A,Minor Loss,Ambulance,1,1,TN,Nashville,8,AGENT01113,VNDR00583
23/6/2020 0:00,TXN00000607,A00008239,PLC00003009,9/1/2019,9/6/2020,14/6/2020,Health,183.6,6000,Laura Campbell,415 West 42nd Street,,Savannah,GA,31401,065-60-8533,Y,57,10,Y,4,H,Mortgage,MI,17960269,NUJN52350828044486,Bachelor,D,Minor Loss,Police,1,1,GA,Savannah,23,AGENT01188,
25/6/2020 0:00,TXN00000638,A00008321,PLC00005871,29/9/2017,24/6/2020,24/6/2020,Health,100.35,10000,Carlos Oden,105 Gilmore Street,,Glen Burnie,MD,21061,426-82-2579,N,36,60,Y,3,L,Mortgage,MI,30710166,SRRM01477078246982,Masters,A,Minor Loss,Ambulance,1,0,TN,Nashville,2,AGENT00837,VNDR00247
25/6/2020 0:00,TXN00000640,A00005187,PLC00000348,21/9/2011,7/6/2020,12/6/2020,Health,142.29,3000,Millard Garza,302 Depot Road,,Boxborough,MA,1719,537-66-8985,Y,27,58,Y,7,M,Mortgage,MI,99658722,PZMO06105689698046,Bachelor,A,Major Loss,Police,1,0,GA,Savannah,17,AGENT00276,VNDR00060
25/6/2020 0:00,TXN00000641,A00006085,PLC00007538,7/11/2015,14/6/2020,19/6/2020,Health,172.36,2000,Paul Richardson,2170 Benton Boulevard,#2107,Pooler,GA,31322,877-94-8108,Y,52,100,Y,6,L,Mortgage,MI,51124210,DDEH80879648718567,High School,A,Total Loss,Police,1,1,CA,Orange,15,AGENT00247,VNDR00310
25/6/2020 0:00,TXN00000646,A00001892,PLC00009930,1/6/2018,12/6/2020,17/6/2020,Health,157.27,13000,Kristie Garcia,159 Downey Drive,A,Manchester,CT,6040,697-90-8003,Y,31,37,Y,7,L,Own,LI,11555858,TZYT67271994081672,College,A,Total Loss,Ambulance,1,1,CT,Manchester,21,AGENT01160,
25/6/2020 0:00,TXN00000647,A00005331,PLC00006892,10/8/2010,10/6/2020,15/6/2020,Health,107.21,3000,Jesse Smith,9134 Brook Park Drive,,Montgomery,AL,36117,176-93-9275,Y,41,37,Y,5,H,Rent,MI,30371071,IODY57966726296409,Bachelor,A,Total Loss,Ambulance,1,1,AZ,Glendale,13,AGENT00910,VNDR00590
25/6/2020 0:00,TXN00000652,A00008488,PLC00006517,27/7/2015,18/6/2020,20/6/2020,Health,116.19,6000,Shirley Smith,10632 Admiral Court,,Oklahoma City,OK,73162,559-05-9128,Y,49,33,Y,4,M,Own,LI,76751875,PGMW73920110241703,High School,A,Major Loss,Ambulance,1,0,FL,Mexico Beach,2,AGENT00727,
25/6/2020 0:00,TXN00000656,A00003453,PLC00001481,26/9/2011,21/6/2020,22/6/2020,Health,141.65,2000,Lloyd Rowley,7 Maple Hill Road,,Aquinnah,MA,2535,406-28-3469,Y,47,16,Y,7,L,Own,MI,75229023,UVCR63648578414330,College,A,Total Loss,Police,1,1,CT,Manchester,10,AGENT00364,
26/6/2020 0:00,TXN00000668,A00004026,PLC00007002,12/8/2018,20/6/2020,22/6/2020,Health,146.06,20000,Thomas Breitbart,531 Bobbin Mill Road,,Lunenburg,VT,5906,506-82-2244,N,38,117,Y,2,L,Rent,HI,84438371,XNIY43603703750802,High School,A,Minor Loss,Police,0,1,GA,Savannah,23,AGENT00970,
26/6/2020 0:00,TXN00000679,A00005028,PLC00008742,9/11/2018,23/6/2020,23/6/2020,Health,185.58,15000,Diane Freeman,135 Northshore Drive,,Burlington,VT,5408,755-48-5428,N,59,16,Y,4,L,Own,MI,32141759,WFSZ71163741893959,College,A,Total Loss,Police,1,0,VT,Bristol,18,AGENT00424,VNDR00189
27/6/2020 0:00,TXN00000699,A00008941,PLC00002218,29/3/2014,12/6/2020,17/6/2020,Health,150.43,16000,William Maes,1403 Boulder Court,,Hanover,MD,21076,560-54-8168,Y,56,52,Y,7,M,Mortgage,LI,57030612,EPQS10779784824190,High School,A,Minor Loss,Police,1,1,CT,Manchester,15,AGENT01063,
27/6/2020 0:00,TXN00000702,A00009822,PLC00000662,31/8/2013,9/6/2020,14/6/2020,Health,138.78,9000,Henry Russell,91 Courthouse Drive,,Guildhall,VT,5905,279-66-3669,Y,41,85,Y,3,M,Rent,LI,50436349,TJMZ15830520797573,Bachelor,A,Minor Loss,Ambulance,1,1,CA,Berkeley,15,AGENT00458,VNDR00557
28/6/2020 0:00,TXN00000711,A00005054,PLC00003375,19/6/2011,16/6/2020,21/6/2020,Health,118.46,12000,Terry Lohman,2747 68th Avenue,,Oakland,CA,94605,646-62-4186,Y,28,88,Y,3,L,Mortgage,MI,118703163,LKQB22408707795868,PhD,A,Minor Loss,Ambulance,0,1,CA,Berkeley,23,AGENT01107,
28/6/2020 0:00,TXN00000717,A00000868,PLC00006684,17/4/2017,26/6/2020,26/6/2020,Health,121.54,20000,Jaime Cramer,217 West Congress Street,,Savannah,GA,31401,263-20-3752,Y,45,49,Y,7,H,Mortgage,MI,110102542,JJTI14338710267406,Masters,A,Total Loss,Police,1,0,FL,Panama City,1,AGENT00348,
28/6/2020 0:00,TXN00000720,A00003441,PLC00003368,8/5/2019,11/6/2020,16/6/2020,Health,183.15,18000,Neal Whitson,3030 Breckenridge Lane,#314,Louisville,KY,40220,755-63-7005,N,39,104,Y,2,H,Mortgage,MI,56625015,EXFD01430679160667,NA,D,Major Loss,None,0,1,VT,Barre,19,AGENT00131,
29/6/2020 0:00,TXN00000728,A00006207,PLC00008065,23/8/2014,14/6/2020,19/6/2020,Health,165.49,18000,Cathy Hadley,3109 Thistle Down Lane,,Nashville,TN,37013,811-12-5300,Y,54,100,Y,6,L,Mortgage,MI,25754357,HZHE50629550330735,High School,A,Minor Loss,Police,1,1,AZ,Glendale,2,AGENT00578,VNDR00265
29/6/2020 0:00,TXN00000729,A00004400,PLC00004716,19/12/2011,13/6/2020,18/6/2020,Health,158.47,7000,Duane Defosses,13417 West Marlette Court,,Litchfield Park,AZ,85340,243-90-4560,Y,36,63,N,7,M,Mortgage,LI,46939274,YVIC67336776786298,High School,A,Major Loss,Ambulance,1,1,GA,Savannah,15,AGENT00265,
29/6/2020 0:00,TXN00000730,A00000581,PLC00008247,17/6/2010,23/6/2020,25/6/2020,Health,193.99,11000,Denis Wendler,5144 Cattail Court,,Fayetteville,AR,72701,611-58-7563,Y,26,77,Y,7,M,Mortgage,MI,117321410,WUAS61548361588497,Bachelor,A,Total Loss,None,1,0,OK,Oklahoma City,23,AGENT00199,VNDR00260
29/6/2020 0:00,TXN00000731,A00000748,PLC00004877,6/2/2012,10/6/2020,15/6/2020,Health,122.83,6000,Josephine Kranz,1736 81st Avenue,#1,Oakland,CA,94621,161-26-2267,Y,56,65,Y,7,L,Rent,HI,119958878,BGMQ00726211328917,High School,A,Major Loss,Other,0,1,CO,Arvada,23,AGENT00260,VNDR00460
29/6/2020 0:00,TXN00000734,A00003128,PLC00001447,7/4/2016,14/6/2020,19/6/2020,Health,172.74,17000,Fay Delosh,10802 Brickside Court,,Riverview,FL,33579,266-96-1455,Y,26,67,Y,4,M,Rent,LI,36095720,UWDX54575182449336,Bachelor,A,Minor Loss,Ambulance,1,1,CA,Olivehurst,10,AGENT01006,VNDR00104
29/6/2020 0:00,TXN00000740,A00009554,PLC00006647,13/11/2011,11/6/2020,16/6/2020,Health,133.82,2000,Felix Simas,2121 Stepping Stone Trail,,Edmond,OK,73013,489-61-6116,N,46,8,Y,4,L,Own,LI,15216711,JHYR24484084644010,High School,A,Total Loss,Other,0,1,AZ,Glendale,8,AGENT00632,VNDR00598
29/6/2020 0:00,TXN00000742,A00001247,PLC00002396,26/6/2011,26/6/2020,26/6/2020,Health,130.72,10000,Dana Athayde,107 Mark Drive,,Glen Burnie,MD,21061,033-85-4634,Y,59,95,Y,2,L,Own,LI,92970287,JOTE98247402865730,High School,A,Major Loss,Other,1,1,TN,Nashville,17,AGENT00482,VNDR00169
29/6/2020 0:00,TXN00000744,A00002009,PLC00009014,23/11/2017,14/6/2020,19/6/2020,Health,114.62,5000,Geraldine Carroll,6030 Newland Street,,Arvada,CO,80003,399-77-8289,N,33,10,Y,2,L,Own,LI,115783429,KHUI02684482237042,High School,A,Minor Loss,Ambulance,1,0,CO,Pueblo,22,AGENT01098,VNDR00532
30/6/2020 0:00,TXN00000754,A00000313,PLC00005525,10/5/2013,17/6/2020,22/6/2020,Health,131.4,14000,Laura Neel,8569 Vermont 9,,Woodford,VT,5201,233-44-6706,Y,48,16,Y,3,L,Own,MI,107630360,PSSB03956294009941,Bachelor,D,Major Loss,Other,1,0,AK,Anchorage,17,AGENT00785,
30/6/2020 0:00,TXN00000755,A00008040,PLC00006921,31/10/2018,21/6/2020,24/6/2020,Health,150.66,8000,Walter Chambers,217 West Congress Street,,Savannah,GA,31401,013-73-2750,Y,59,86,Y,7,H,Rent,LI,67213681,LJYT77955504216960,Masters,A,Minor Loss,Ambulance,1,0,AK,Anchorage,22,AGENT00160,VNDR00267
30/6/2020 0:00,TXN00000766,A00005184,PLC00008713,25/10/2015,14/6/2020,19/6/2020,Health,109.54,5000,James Mckenzie,2409 Research Boulevard,,Fort Collins,CO,80526,747-29-3802,N,29,78,Y,3,H,Own,MI,66390534,KWNW25655113093081,Bachelor,A,Total Loss,Ambulance,1,0,KY,Louisville,11,AGENT00276,VNDR00287
30/6/2020 0:00,TXN00000770,A00005800,PLC00001813,7/12/2018,18/6/2020,23/6/2020,Health,189.99,16000,Jonathan Salvietti,1627 Connecticut Avenue Northwest,,Washington,DC,20009,148-07-9464,Y,57,81,N,4,M,Own,LI,86651305,EDHR03556534129494,Bachelor,A,Total Loss,Ambulance,0,1,CT,Manchester,21,AGENT01168,
30/6/2020 0:00,TXN00000771,A00001437,PLC00006140,16/4/2011,16/6/2020,21/6/2020,Health,171.31,2000,Evelyn Montenegro,6800 West Bell Road,,Glendale,AZ,85308,081-12-2200,Y,50,51,Y,2,M,Rent,MI,15268808,XCHP67126498427621,Bachelor,A,Minor Loss,Police,0,1,AK,Anchorage,7,AGENT00598,VNDR00123
30/6/2020 0:00,TXN00000774,A00005957,PLC00000545,12/10/2019,27/6/2020,27/6/2020,Health,152.03,3000,Christine Gongalves,109 East 64th Street,,Savannah,GA,31405,774-94-4463,Y,61,61,Y,3,H,Rent,MI,61643367,YUTK88192272510490,Masters,A,Total Loss,None,1,1,CA,Grass Valley,4,AGENT00815,VNDR00228
30/6/2020 0:00,TXN00000776,A00003420,PLC00003480,10/8/2013,23/6/2020,25/6/2020,Health,122.47,17000,Robert Ha,39 Newhall Street,#7,Lynn,MA,1902,487-02-9306,Y,59,58,Y,2,L,Rent,MI,63089851,PDJG64976349963889,NA,A,Total Loss,Ambulance,0,1,TN,Nashville,19,AGENT00777,VNDR00330
1/7/2020 0:00,TXN00000779,A00000728,PLC00000667,4/10/2019,16/6/2020,21/6/2020,Health,128.83,14000,Ruby Ziglar,36043 Soapberry Commons,,Fremont,CA,94536,554-46-6604,Y,51,59,Y,4,M,Rent,HI,104222807,WRZQ83632097603328,High School,A,Minor Loss,Ambulance,1,1,CA,San Leandro,10,AGENT00146,
1/7/2020 0:00,TXN00000792,A00003101,PLC00008365,30/8/2017,24/6/2020,26/6/2020,Health,128.32,8000,Rene Thompson,705 Upshur Street Northwest,,Washington,DC,20011,572-91-2437,N,28,83,Y,7,M,Rent,LI,68950341,GZJW85127931529847,High School,A,Minor Loss,Ambulance,0,1,KY,Saint Matthews,19,AGENT00692,VNDR00265
3/7/2020 0:00,TXN00000821,A00003000,PLC00006199,18/7/2015,2/7/2020,2/7/2020,Health,130.62,10000,Vicente Warren,310 West Trinity Lane,,Nashville,TN,37207,020-32-1186,N,31,54,Y,5,H,Rent,LI,29381946,RFGD71889065943826,MD,A,Major Loss,Ambulance,0,1,GA,Savannah,15,AGENT00705,
3/7/2020 0:00,TXN00000825,A00001350,PLC00000329,28/7/2011,23/6/2020,26/6/2020,Health,113.42,3000,Jeannine Mcconnell,123 Elizabeth Drive,,Manchester,CT,6042,897-62-0001,Y,49,83,Y,2,L,Mortgage,MI,90031306,ETUT05367439568027,Bachelor,A,Total Loss,Ambulance,1,1,DC,Washington,8,AGENT00394,VNDR00398
3/7/2020 0:00,TXN00000828,A00005994,PLC00002429,4/6/2018,17/6/2020,22/6/2020,Health,166.15,14000,Elizabeth Johnson,24 Lawton Road,,Manchester,CT,6042,867-81-7935,Y,50,60,N,3,M,Mortgage,MI,12858525,MJFG97834018210653,Masters,A,Major Loss,Ambulance,1,1,OK,Edmond,11,AGENT01028,VNDR00134
3/7/2020 0:00,TXN00000832,A00008264,PLC00002531,7/12/2012,16/6/2020,21/6/2020,Health,194.08,10000,Claire Childress,6911 Steven Road,,Panama City,FL,32404,855-75-9740,Y,37,110,Y,5,H,Own,LI,18945869,USDJ17554911048775,Bachelor,A,Minor Loss,Police,1,1,KY,Louisville,21,AGENT00373,
3/7/2020 0:00,TXN00000834,A00009676,PLC00007477,28/3/2019,21/6/2020,26/6/2020,Health,161.02,9000,Ernest Marvin,3404 Lakeside Drive,,Anchorage,AK,99515,679-13-1224,Y,38,54,Y,2,L,Rent,MI,124050169,ONDX67843901292303,Masters,A,Minor Loss,None,1,1,DC,Washington,4,AGENT00553,VNDR00366
3/7/2020 0:00,TXN00000835,A00006745,PLC00008703,5/6/2010,21/6/2020,26/6/2020,Health,181.27,12000,Elias Leon,4253 San Juan Avenue,,Fremont,CA,94536,066-93-6093,Y,31,36,Y,2,L,Mortgage,MI,119197448,XTBI79280485088796,High School,A,Minor Loss,Ambulance,1,1,CT,Manchester,13,AGENT00964,VNDR00113
4/7/2020 0:00,TXN00000839,A00001953,PLC00004969,4/12/2017,30/6/2020,1/7/2020,Health,199.39,3000,Byron Piercy,1536 Rachaels Ridge,,Nashville,TN,37076,372-57-4384,Y,38,101,Y,3,M,Mortgage,MI,85367344,OTDB02576977427703,High School,A,Major Loss,Ambulance,1,1,OK,Norman,8,AGENT00034,VNDR00579
4/7/2020 0:00,TXN00000842,A00003059,PLC00003841,16/7/2011,18/6/2020,23/6/2020,Health,193.31,16000,Evan Elliott,982 Stonington Drive,,Arnold,MD,21012,646-78-4827,Y,55,71,Y,5,L,Own,MI,80210739,VYZX12260588308069,Bachelor,A,Minor Loss,None,1,1,DC,Washington,14,AGENT01016,VNDR00077
4/7/2020 0:00,TXN00000857,A00004520,PLC00002136,15/6/2015,23/6/2020,28/6/2020,Health,183.95,17000,Eric Owens,802 East 37th Street,,Savannah,GA,31401,830-23-7271,Y,39,101,Y,4,L,Mortgage,MI,66846017,AESX08456726738385,MD,A,Major Loss,Police,0,1,CT,Manchester,0,AGENT00126,
5/7/2020 0:00,TXN00000860,A00002973,PLC00000592,10/8/2015,29/6/2020,1/7/2020,Health,161.16,7000,Kristen Deblauw,4300 Woodley Square,,Montgomery,AL,36116,559-49-4116,Y,30,26,Y,4,L,Mortgage,MI,71889674,FSAW49516359249207,High School,A,Major Loss,Police,1,1,AL,Montgomery,6,AGENT01098,VNDR00369
5/7/2020 0:00,TXN00000866,A00004001,PLC00007045,21/2/2012,17/6/2020,22/6/2020,Health,182.54,2000,Calvin Smith,7071 Senators Drive,,Montgomery,AL,36117,599-29-3178,Y,53,16,Y,3,M,Rent,MI,124789391,FXTI72236338549768,High School,A,Total Loss,Other,1,1,MA,Medford,13,AGENT00294,
5/7/2020 0:00,TXN00000875,A00002693,PLC00007268,31/1/2015,17/6/2020,22/6/2020,Health,173.18,3000,James Dixon,2 Misty Marsh Drive,,Savannah,GA,31419,776-39-5201,Y,41,116,Y,4,M,Rent,MI,59045278,PWDF17226520121931,Bachelor,A,Minor Loss,None,0,1,CA,Dublin,13,AGENT00828,VNDR00592
5/7/2020 0:00,TXN00000881,A00007236,PLC00007548,13/2/2012,4/7/2020,4/7/2020,Health,199.67,9000,Jeffery Chernosky,1852 Cherry Road,,Annapolis,MD,21409,837-80-5543,Y,32,11,N,3,M,Own,MI,53497411,OIAT56007819246842,Masters,A,Minor Loss,None,0,1,MD,Pasadena,2,AGENT00402,VNDR00431
5/7/2020 0:00,TXN00000883,A00006145,PLC00003642,29/10/2018,15/6/2020,20/6/2020,Health,115.54,11000,Catherine Thomas,7981 Robinson Way,,Arvada,CO,80004,689-41-2808,Y,34,76,Y,6,L,Own,MI,10249042,ZPKL88490901435643,High School,A,Total Loss,Ambulance,0,0,FL,Fountain,10,AGENT00363,VNDR00529
6/7/2020 0:00,TXN00000886,A00009790,PLC00001200,27/4/2018,19/6/2020,24/6/2020,Health,168.93,18000,Paul Crim,12013 Blue Moon Avenue,,Oklahoma City,OK,73162,083-75-3340,Y,31,23,Y,7,M,Rent,HI,20498582,CLSX01305684630128,Bachelor,A,Major Loss,Ambulance,1,1,CA,Oakland,19,AGENT01078,
6/7/2020 0:00,TXN00000891,A00007902,PLC00006597,11/6/2017,18/6/2020,23/6/2020,Health,179.08,19000,Paul Jones,61 Cubles Drive,,Brimfield,MA,1010,072-02-8552,Y,30,105,Y,7,L,Own,LI,25145199,LOIJ77116687645837,Bachelor,A,Total Loss,Ambulance,1,1,VT,South Burlington,13,AGENT00381,VNDR00493
6/7/2020 0:00,TXN00000893,A00000332,PLC00009873,3/8/2016,5/7/2020,5/7/2020,Health,179.86,14000,Jean Murray,354 North University Avenue,,Fayetteville,AR,72701,650-40-2515,N,40,81,Y,5,M,Rent,MI,113941784,CSZY21901012648351,Bachelor,A,Major Loss,Ambulance,1,1,CA,Santa Cruz,16,AGENT00295,VNDR00293
6/7/2020 0:00,TXN00000898,A00007133,PLC00005108,29/2/2012,28/6/2020,1/7/2020,Health,116.07,11000,Don Cooper,1230 Stafford Drive,,Montgomery,AL,36117,072-06-6031,Y,50,95,Y,3,M,Rent,HI,61972407,SKLI62471784417618,NA,A,Minor Loss,Other,0,1,MD,Annapolis,11,AGENT00837,VNDR00071
7/7/2020 0:00,TXN00000918,A00008352,PLC00006749,19/9/2010,4/7/2020,4/7/2020,Health,147.31,14000,Norman Nguyen,716 O Street,#APT 000010,Anchorage,AK,99501,554-97-9490,Y,39,79,Y,3,L,Rent,LI,89326983,ZIVT15501644620026,Bachelor,A,Major Loss,Ambulance,1,1,TN,Nashville,19,AGENT00580,VNDR00186
9/7/2020 0:00,TXN00000958,A00000800,PLC00009319,21/3/2019,7/7/2020,7/7/2020,Health,134.51,19000,Wanda Melton,22709 Canyon Terrace Drive,#2,Castro Valley,CA,94552,030-17-5928,Y,54,118,Y,6,M,Mortgage,MI,51781132,BOBL46065946916065,High School,A,Minor Loss,Ambulance,1,1,TN,Nashville,2,AGENT00951,VNDR00161
9/7/2020 0:00,TXN00000959,A00002425,PLC00006432,3/8/2016,29/6/2020,2/7/2020,Health,117.27,18000,Jasmine Quarnstrom,1653 Brooks Avenue,,Fayetteville,AR,72701,494-38-3248,Y,54,40,Y,2,L,Mortgage,MI,88131881,KUFX59728274102292,High School,A,Total Loss,Ambulance,1,1,TN,Nashville,17,AGENT00520,VNDR00244
9/7/2020 0:00,TXN00000960,A00007299,PLC00005984,8/3/2016,22/6/2020,27/6/2020,Health,120.29,16000,Barbara Levin,275 Ridge Lane,#204,Waltham,MA,2452,673-85-5306,Y,37,34,Y,3,L,Rent,LI,101991513,JCPZ46960119514203,High School,A,Minor Loss,None,1,0,CA,Truckee,16,AGENT01198,VNDR00012
9/7/2020 0:00,TXN00000962,A00001517,PLC00002939,30/4/2016,21/6/2020,26/6/2020,Health,140.83,5000,Donald Jasso,2815 Saint Edwards Drive,,Nashville,TN,37211,291-29-4647,Y,55,16,Y,6,L,Rent,HI,62225658,QWAR99353394521236,High School,A,Total Loss,Other,1,1,MA,Fitchburg,6,AGENT00703,
9/7/2020 0:00,TXN00000970,A00002131,PLC00001442,6/10/2017,22/6/2020,27/6/2020,Health,134.49,5000,Kerry Spicer,3116 Northwest 61st Terrace,,Oklahoma City,OK,73112,292-86-2719,Y,40,100,Y,2,M,Rent,MI,45982646,ZDOV34040532797444,Bachelor,A,Major Loss,Ambulance,1,1,AR,Fayetteville,7,AGENT00165,
9/7/2020 0:00,TXN00000971,A00006391,PLC00002408,25/6/2011,21/6/2020,26/6/2020,Health,110.98,13000,Dorothy King,831 West Center Street,#224,Fayetteville,AR,72701,072-68-8045,Y,26,93,Y,3,L,Rent,HI,34716399,FDZX59840519762331,College,A,Major Loss,Ambulance,1,0,TN,Nashville,13,AGENT00743,
9/7/2020 0:00,TXN00000975,A00009945,PLC00003827,31/8/2016,28/6/2020,3/7/2020,Health,169.11,5000,Celestine Travis,25 Edwards Street,,Manchester,CT,6042,886-74-3025,Y,31,65,Y,2,L,Rent,MI,43615889,COGY44030462077825,Bachelor,A,Total Loss,Ambulance,1,1,AL,Montgomery,2,AGENT01189,VNDR00023
9/7/2020 0:00,TXN00000978,A00002988,PLC00001722,22/11/2016,8/7/2020,8/7/2020,Health,114.61,13000,Sandra Snell,178 Connecticut River Road,,,VT,5156,331-82-6115,Y,29,117,Y,4,L,Rent,MI,106730203,RKXG51800072835767,NA,A,Major Loss,Other,1,0,VT,Pittsford,16,AGENT01050,
9/7/2020 0:00,TXN00000980,A00000682,PLC00000714,19/8/2019,1/7/2020,4/7/2020,Health,147.48,12000,William Nystrom,7728 Twin Oaks Road,,Severn,MD,21144,525-77-8222,N,48,44,Y,7,M,Mortgage,MI,109212142,IOIA69434263535271,College,A,Total Loss,Ambulance,1,1,VT,Townshend,1,AGENT01045,VNDR00466
10/7/2020 0:00,TXN00000991,A00000633,PLC00003711,17/8/2016,4/7/2020,6/7/2020,Health,152.41,1000,Julie Cullum,17 Elm Street,#4,Cambridge,MA,2139,524-18-6945,Y,52,69,N,7,H,Rent,LI,96174306,YCUC28193977997247,NA,A,Total Loss,None,1,1,AZ,Litchfield Park,1,AGENT00140,VNDR00461
10/7/2020 0:00,TXN00000993,A00000506,PLC00002514,27/3/2012,23/6/2020,28/6/2020,Health,164.22,9000,Melvin Lee,5316 Silver Wing Boulevard,,Louisville,KY,40241,709-79-1535,Y,37,73,Y,7,H,Mortgage,LI,117858792,MYOV67545660151088,Bachelor,D,Total Loss,Ambulance,0,1,CA,Berkeley,4,AGENT00576,VNDR00517
10/7/2020 0:00,TXN00000997,A00007111,PLC00009491,8/6/2015,6/7/2020,7/7/2020,Health,140.02,20000,Brenda Castleman,6116 West Charter Oak Road,,Glendale,AZ,85304,312-96-4795,Y,50,92,Y,2,M,Rent,LI,70727355,KQYE85291587479936,College,A,Total Loss,Ambulance,1,1,OK,Oklahoma City,18,AGENT00009,VNDR00440
10/7/2020 0:00,TXN00000999,A00002350,PLC00008580,9/12/2016,1/7/2020,4/7/2020,Health,106.51,20000,Robert Goodman,115 Falkirk Street,,Savannah,GA,31407,638-06-5931,N,30,108,Y,7,L,Rent,MI,69157538,HOVD74076904487841,Masters,A,Major Loss,Ambulance,0,1,GA,Thunderbolt,16,AGENT01038,VNDR00289
10/7/2020 0:00,TXN00001007,A00008450,PLC00008135,4/5/2012,9/7/2020,9/7/2020,Health,164.76,20000,Roger Sato,35 Leominster Road,#1,Lunenburg,MA,1462,340-07-9176,Y,51,113,Y,5,M,Mortgage,MI,51942078,FXNK83378046124330,Masters,A,Minor Loss,Ambulance,1,1,MA,Medway,9,AGENT00560,VNDR00539
10/7/2020 0:00,TXN00001012,A00003828,PLC00005598,29/6/2015,22/6/2020,27/6/2020,Health,159.21,11000,Mildred Johnson,6234 West 68th Circle,,Arvada,CO,80003,708-03-8328,N,62,33,Y,2,M,Rent,LI,86510514,HZOC43341679797256,College,A,Minor Loss,Ambulance,0,1,CA,Oakland,15,AGENT00955,VNDR00544
11/7/2020 0:00,TXN00001020,A00000720,PLC00006882,9/1/2013,8/7/2020,8/7/2020,Health,130.59,7000,Anthony Larkin,600 Marshall Street,#125,Louisville,KY,40202,580-66-0314,Y,35,53,Y,6,L,Mortgage,MI,67454521,TMHL04816862791200,PhD,D,Minor Loss,Police,0,0,AL,Montgomery,7,AGENT00505,VNDR00403
11/7/2020 0:00,TXN00001024,A00002102,PLC00000542,29/12/2014,9/7/2020,9/7/2020,Health,110.45,1000,Dorothy Mckenzie,8752 Pierce Way,#127,Arvada,CO,80003,724-30-1124,Y,26,64,Y,5,L,Own,HI,46658186,NDPM63754532471213,Bachelor,A,Total Loss,Other,0,1,GA,Savannah,13,AGENT00414,
11/7/2020 0:00,TXN00001026,A00001545,PLC00005888,16/9/2018,21/6/2020,26/6/2020,Health,143.37,9000,John Mayhugh,13628 West 62nd Drive,,Arvada,CO,80004,682-81-1072,N,28,118,Y,5,L,Rent,MI,75149954,RIAT78125368937450,MD,D,Total Loss,Police,0,0,OK,Edmond,5,AGENT01085,
12/7/2020 0:00,TXN00001053,A00008315,PLC00003157,1/6/2010,2/7/2020,5/7/2020,Health,103.34,12000,David Medley,5614 Kipling Parkway,#404,Arvada,CO,80002,351-53-4685,N,44,26,Y,3,L,Mortgage,HI,29069200,HXSG11004181788691,College,A,Minor Loss,Ambulance,1,0,AK,Anchorage,14,AGENT00190,VNDR00268
12/7/2020 0:00,TXN00001055,A00007508,PLC00002560,11/5/2014,6/7/2020,8/7/2020,Health,111.1,2000,Daniel Jones,949 South Lawrence Street,,Montgomery,AL,36104,471-30-4245,Y,27,105,Y,4,M,Rent,LI,41412194,CHKH73901551463954,Bachelor,D,Major Loss,Police,1,1,FL,Lynn Haven,6,AGENT00059,VNDR00186
13/7/2020 0:00,TXN00001060,A00008899,PLC00009259,19/6/2015,4/7/2020,7/7/2020,Health,139.81,15000,Nicholas Denes,606 National Street,#306,Fayetteville,AR,72701,177-99-2896,N,47,102,Y,7,L,Mortgage,MI,51334152,UCFI16638747690030,MD,A,Total Loss,Police,1,1,AZ,Glendale,5,AGENT00971,VNDR00108
13/7/2020 0:00,TXN00001065,A00008447,PLC00005267,13/7/2011,24/6/2020,29/6/2020,Health,177.98,15000,Hal Perdue,8726 Downey Road,,Severn,MD,21144,848-48-2407,Y,40,9,Y,2,L,Mortgage,HI,82895961,PJQY81978456513157,PhD,A,Major Loss,Police,1,1,AR,Fayetteville,17,AGENT00309,VNDR00498
13/7/2020 0:00,TXN00001069,A00001772,PLC00002259,25/10/2015,3/7/2020,6/7/2020,Health,173.98,8000,Molly Marcus,10222 Pine Glen Circle,,Louisville,KY,40291,230-61-5286,Y,52,85,Y,6,L,Rent,MI,38798818,CZIY11072774256241,High School,A,Major Loss,Other,1,1,AK,Anchorage,0,AGENT00301,VNDR00252
13/7/2020 0:00,TXN00001074,A00003238,PLC00008613,3/1/2013,3/7/2020,6/7/2020,Health,117.76,19000,Esther Griffith,8752 Pierce Way,#127,Arvada,CO,80003,272-95-6533,Y,57,103,Y,5,M,Rent,LI,18340642,UBKA26715118031252,Bachelor,A,Total Loss,Ambulance,1,1,MD,Glen Burnie,21,AGENT00845,VNDR00504
13/7/2020 0:00,TXN00001079,A00000623,PLC00009212,4/5/2017,2/7/2020,7/7/2020,Health,104.99,3000,Michael Knaff,347 Brewer Drive,,Nashville,TN,37211,131-84-3665,Y,41,59,Y,5,L,Rent,MI,23580264,AKQM07977069152245,Bachelor,A,Minor Loss,Ambulance,1,0,MA,Everett,12,AGENT00175,VNDR00206
13/7/2020 0:00,TXN00001083,A00008537,PLC00007517,9/10/2011,6/7/2020,8/7/2020,Health,158.52,17000,Jacqueline Wilkinson,2310 Donleigh Court,,Louisville,KY,40222,375-61-6656,Y,28,70,Y,2,L,Rent,MI,128801042,JGTW78466269044613,Bachelor,A,Minor Loss,Ambulance,0,1,TN,Nashville,5,AGENT00793,
13/7/2020 0:00,TXN00001086,A00007269,PLC00006726,22/2/2016,29/6/2020,4/7/2020,Health,117.19,10000,Sharon Garland,2315 Chestnut Street,,Montgomery,AL,36107,298-18-0015,N,48,66,Y,6,H,Own,MI,121759463,RDDF53322473452937,Bachelor,A,Major Loss,Ambulance,1,1,AK,Anchorage,23,AGENT00390,
14/7/2020 0:00,TXN00001109,A00004365,PLC00009037,21/9/2011,8/7/2020,10/7/2020,Health,119.12,3000,Lynne Good,5959 North 55th Avenue,,Glendale,AZ,85301,142-57-9266,N,45,110,Y,4,L,Rent,MI,93788944,ASZM01160299382719,Bachelor,A,Minor Loss,Police,1,1,OK,Del City,13,AGENT00757,
14/7/2020 0:00,TXN00001110,A00002067,PLC00008784,8/10/2017,28/6/2020,3/7/2020,Health,196.3,1000,Irvin Hooker,4306 Bylsma Circle,,Panama City,FL,32404,470-76-3685,Y,46,104,Y,7,L,Mortgage,HI,78541892,NJMM95006857581110,Bachelor,A,Total Loss,Ambulance,1,0,AK,Anchorage,21,AGENT00169,
14/7/2020 0:00,TXN00001118,A00008398,PLC00002122,31/1/2016,28/6/2020,3/7/2020,Health,154.87,2000,Paul Power,3652 East Blue Stone Drive,,Fayetteville,AR,72764,512-52-1896,Y,44,55,Y,6,M,Own,HI,81263374,JDVJ76101414758334,Bachelor,A,Minor Loss,Other,1,1,CO,Arvada,9,AGENT00655,VNDR00592
15/7/2020 0:00,TXN00001138,A00009285,PLC00005671,26/4/2019,4/7/2020,9/7/2020,Health,187.39,4000,Lisa Yarrington,12061 Johns Road,#APT 000002,Anchorage,AK,99515,310-81-8785,Y,63,118,Y,2,H,Mortgage,HI,96418415,OUGD71116609161560,High School,D,Total Loss,Ambulance,0,1,TN,Nashville,18,AGENT00989,VNDR00277
15/7/2020 0:00,TXN00001140,A00004620,PLC00008337,3/4/2019,14/7/2020,14/7/2020,Health,100.1,14000,Jeannette Smith,3100 Don Juan Court,,Montgomery,AL,36110,392-97-1556,Y,61,12,Y,5,M,Mortgage,HI,58691500,HODV88406024826315,High School,A,Minor Loss,Ambulance,1,1,VT,Pawlet,11,AGENT01120,VNDR00597
15/7/2020 0:00,TXN00001142,A00008749,PLC00004029,28/10/2013,11/7/2020,12/7/2020,Health,141.6,8000,Joellen Thompson,38676 Greenwich Circle,,Fremont,CA,94536,093-14-8486,Y,61,115,Y,7,L,Mortgage,LI,59306454,ZLNH76828973350427,Masters,A,Minor Loss,Ambulance,1,1,AL,Montgomery,16,AGENT01127,
16/7/2020 0:00,TXN00001143,A00007461,PLC00006846,3/8/2014,13/7/2020,13/7/2020,Health,111.11,18000,Kerri Bissonnette,1505 Rosewood Avenue,#11,Louisville,KY,40204,738-73-7535,Y,34,74,Y,7,H,Mortgage,MI,76582413,OBEM04727444578871,Bachelor,A,Minor Loss,Police,1,1,AK,Anchorage,11,AGENT00933,
16/7/2020 0:00,TXN00001144,A00006150,PLC00001935,9/5/2016,30/6/2020,5/7/2020,Health,194.87,10000,Lucy Mcclure,318 Lydall Street,,Manchester,CT,6042,650-55-5677,Y,42,99,Y,3,M,Own,LI,61490015,RYFI19264270198092,NA,A,Major Loss,Police,1,0,CA,Hayward,18,AGENT00567,VNDR00592
16/7/2020 0:00,TXN00001153,A00002785,PLC00004257,20/2/2013,14/7/2020,14/7/2020,Health,161.51,9000,Terri Filmore,12300 Apache Avenue,#107,Savannah,GA,31419,328-38-3720,Y,31,8,Y,6,L,Mortgage,MI,90697915,ZWQW12803154830322,High School,A,Total Loss,None,0,0,AL,Montgomery,13,AGENT00955,VNDR00191
16/7/2020 0:00,TXN00001156,A00005186,PLC00009414,14/10/2018,11/7/2020,12/7/2020,Health,144.79,17000,Julian Dees,4074 North Sunflower Circle,,Fayetteville,AR,72703,708-45-9688,Y,41,62,Y,4,L,Mortgage,LI,81441374,BIUK74464864995722,High School,A,Minor Loss,Police,1,0,AK,Anchorage,18,AGENT00269,
16/7/2020 0:00,TXN00001169,A00001989,PLC00009373,24/3/2018,8/7/2020,11/7/2020,Health,135.03,5000,Suzanne Weiss,8277 Lamar Place,,Arvada,CO,80003,585-53-2844,Y,57,26,Y,3,M,Own,MI,76227406,MQHP86937933196760,Bachelor,A,Total Loss,None,1,1,OK,Moore,15,AGENT00296,
16/7/2020 0:00,TXN00001170,A00002390,PLC00004076,31/10/2017,7/7/2020,10/7/2020,Health,147.88,7000,Scott Young,314 Mesa Street,,Wheatland,CA,95692,566-74-9821,Y,56,25,Y,6,M,Rent,LI,59126207,YIWC84797016280993,High School,A,Minor Loss,Police,1,0,CA,San Diego,22,AGENT01080,
16/7/2020 0:00,TXN00001174,A00009771,PLC00009985,21/4/2012,6/7/2020,9/7/2020,Health,153.28,2000,Sharon Lairy,13852 West 66th Place,,Arvada,CO,80004,392-03-4601,Y,33,84,Y,3,M,Rent,MI,82662864,RZFK92434784989008,Bachelor,A,Minor Loss,Ambulance,1,1,OK,Oklahoma City,7,AGENT00513,VNDR00326
16/7/2020 0:00,TXN00001176,A00006457,PLC00003152,18/1/2013,4/7/2020,9/7/2020,Health,178.33,10000,Gloria Mahn,491 Arabian Way,,Grand Junction,CO,81504,567-23-6444,Y,41,107,Y,7,L,Rent,LI,40455819,JAIY83333728920151,High School,A,Major Loss,Police,0,0,AL,Montgomery,21,AGENT00972,
17/7/2020 0:00,TXN00001181,A00002828,PLC00006893,25/7/2010,14/7/2020,14/7/2020,Health,173.44,16000,Timothy Gabriele,3578 Galindo Street,,Oakland,CA,94601,896-21-3008,Y,38,43,Y,7,M,Rent,MI,117968297,BMKL93142205903448,College,D,Minor Loss,Other,1,1,OK,Oklahoma City,0,AGENT00757,
17/7/2020 0:00,TXN00001182,A00006965,PLC00009794,16/9/2019,2/7/2020,7/7/2020,Health,169.34,9000,Terry Cruz,25 Morton Street,#216,Quincy,MA,2169,196-14-6917,N,45,70,Y,3,M,Rent,HI,44248970,UCKR44026944949491,Bachelor,A,Major Loss,Police,1,1,CA,Linda,23,AGENT00420,
17/7/2020 0:00,TXN00001192,A00001527,PLC00002535,9/4/2016,7/7/2020,10/7/2020,Health,175.16,18000,Danielle Saeteun,261 East Old Hickory Boulevard,,Nashville,TN,37115,455-07-4767,Y,42,18,Y,2,M,Own,HI,100981265,CKFY95363337923275,Bachelor,A,Minor Loss,None,1,1,AR,Fayetteville,1,AGENT00318,
17/7/2020 0:00,TXN00001199,A00009540,PLC00006302,16/5/2011,8/7/2020,11/7/2020,Health,153.56,12000,Kathleen Medders,349 North Sabine Pass Road,,Fayetteville,AR,72704,125-99-3962,Y,46,18,Y,5,M,Own,MI,35220648,AWQW32795634596102,High School,A,Minor Loss,Police,1,1,VT,Wilmington,2,AGENT00339,
18/7/2020 0:00,TXN00001212,A00006012,PLC00008857,2/9/2015,6/7/2020,11/7/2020,Health,165.54,10000,Darlene Leigland,1939 Greenwood Street,,Savannah,GA,31404,499-33-4808,N,29,113,Y,6,L,Rent,LI,47465750,GFNB53339804792542,High School,A,Major Loss,Ambulance,1,1,AK,Anchorage,23,AGENT00266,VNDR00332
18/7/2020 0:00,TXN00001214,A00003647,PLC00009928,2/4/2018,28/6/2020,3/7/2020,Health,172.53,1000,Craig Brown,1403 12th Street Northwest,,Washington,DC,20005,610-88-9084,Y,62,81,Y,6,L,Rent,HI,44922733,MPCU21227016148971,College,A,Major Loss,Other,1,0,VT,Swanton,6,AGENT01120,VNDR00326
18/7/2020 0:00,TXN00001216,A00006230,PLC00004320,9/7/2016,5/7/2020,10/7/2020,Health,131.31,18000,Ralph Corona,600 West North Street,#D2,Fayetteville,AR,72701,297-04-4417,Y,50,101,Y,5,L,Own,HI,123865902,SBOM57498892105677,High School,A,Total Loss,Other,0,1,GA,Calhoun,14,AGENT00486,VNDR00479
19/7/2020 0:00,TXN00001226,A00006516,PLC00001780,11/5/2017,5/7/2020,10/7/2020,Health,157.93,14000,Eloise Dunkley,1007 Ash Street,,Louisville,KY,40217,539-62-9950,Y,55,48,Y,3,L,Rent,LI,109493903,LBMG21863852113023,High School,A,Minor Loss,Police,1,1,KY,Louisville,12,AGENT00406,VNDR00128
19/7/2020 0:00,TXN00001234,A00004433,PLC00007446,15/3/2011,3/7/2020,8/7/2020,Health,180.73,20000,William Finkbeiner,1244 South 4th Street,#211,Louisville,KY,40203,474-56-2421,Y,30,84,Y,3,M,Mortgage,MI,40067757,YDLR93380132681377,High School,A,Minor Loss,Police,1,1,CO,Arvada,8,AGENT00028,
20/7/2020 0:00,TXN00001248,A00005335,PLC00007518,14/5/2017,1/7/2020,6/7/2020,Health,188.36,14000,Margaret Pascua,5348 Main Street,,Franklin,VT,5457,746-39-6075,Y,44,102,Y,3,M,Own,MI,33134888,IYDD98914886805646,High School,A,Major Loss,Police,1,0,AZ,Glendale,18,AGENT00494,VNDR00314
20/7/2020 0:00,TXN00001262,A00000202,PLC00003335,14/12/2010,16/7/2020,17/7/2020,Health,169.34,16000,Matthew Salisbury,1865 North Higley Road,,Mesa,AZ,85205,458-59-7983,Y,56,78,Y,5,H,Mortgage,HI,45093988,NAVW32312401054363,High School,A,Major Loss,None,1,1,AR,Fayetteville,6,AGENT00222,
20/7/2020 0:00,TXN00001263,A00005369,PLC00002171,1/10/2017,8/7/2020,13/7/2020,Health,168.93,15000,Audrey Leon,1612 Beech Street,,Louisville,KY,40211,848-35-8146,Y,64,43,Y,5,M,Rent,MI,84397962,VJHU40112756904556,High School,A,Major Loss,Police,0,1,CA,Oakland,2,AGENT00630,VNDR00046
20/7/2020 0:00,TXN00001266,A00003068,PLC00002216,9/2/2012,14/7/2020,16/7/2020,Health,178.15,11000,Raul Scholz,6401 Green Meadow Lane,,Oklahoma City,OK,73132,088-89-9533,Y,57,96,Y,4,L,Rent,LI,60471475,LGSS09567597430200,NA,A,Major Loss,Ambulance,1,1,CA,Berkeley,16,AGENT01170,VNDR00574
20/7/2020 0:00,TXN00001270,A00006439,PLC00001489,29/12/2016,13/7/2020,15/7/2020,Health,181.92,5000,Steven Houck,5 Winslow Circle,,Pooler,GA,31322,216-38-1515,Y,43,22,Y,4,M,Rent,MI,106547849,DJBF09558393540990,High School,A,Minor Loss,Police,1,1,FL,Lynn Haven,17,AGENT00015,
20/7/2020 0:00,TXN00001273,A00002405,PLC00000716,4/3/2011,10/7/2020,13/7/2020,Health,142.37,6000,Mary Choate,81 Reynolds Drive,,Colchester,VT,5446,219-49-2708,N,50,90,Y,2,L,Rent,HI,124247985,SYEZ26082257090069,High School,A,Total Loss,Ambulance,0,0,CA,Oakland,9,AGENT01139,
21/7/2020 0:00,TXN00001285,A00000250,PLC00005832,1/1/2017,11/7/2020,14/7/2020,Health,178.11,16000,James Coleman,1380 Quincy Street Northwest,,Washington,DC,20011,570-18-2615,N,39,33,Y,3,M,Mortgage,MI,30590755,IRJK96796842818405,High School,A,Total Loss,Other,1,0,AK,Anchorage,5,AGENT01097,VNDR00562
21/7/2020 0:00,TXN00001287,A00000599,PLC00003478,15/1/2014,4/7/2020,9/7/2020,Health,176.42,11000,Christian Carp,4231 Laurel Street,#APT 000101,Anchorage,AK,99508,077-24-5754,Y,36,113,Y,6,L,Rent,MI,106261853,VBQO38508907922491,Bachelor,A,Total Loss,Police,0,0,GA,Pooler,20,AGENT00224,
21/7/2020 0:00,TXN00001296,A00006789,PLC00009495,24/10/2014,18/7/2020,18/7/2020,Health,110.68,6000,Mary Beard,30 Tanner Street,,Manchester,CT,6042,517-38-2814,Y,34,53,Y,7,L,Mortgage,MI,60635347,KBDK80466326138094,College,A,Major Loss,Police,0,1,AR,Fayetteville,11,AGENT00049,VNDR00470
22/7/2020 0:00,TXN00001307,A00008961,PLC00002467,11/1/2018,15/7/2020,17/7/2020,Health,100.02,6000,James Thompson,3001 Spyglass Hill Road,,Edmond,OK,73034,123-12-9877,Y,63,119,N,6,H,Rent,MI,41606955,XQPY85183963824541,Bachelor,A,Total Loss,Police,1,0,CO,Arvada,13,AGENT01019,VNDR00082
22/7/2020 0:00,TXN00001312,A00005130,PLC00003106,24/2/2011,19/7/2020,19/7/2020,Health,126.83,8000,Beulah Cornelius,109 Summit Street,,Burlington,VT,5401,066-06-7879,N,50,73,Y,2,L,Mortgage,LI,125277938,PDSR86992812562274,Masters,A,Minor Loss,Ambulance,0,0,FL,Panama City,8,AGENT00801,VNDR00382
23/7/2020 0:00,TXN00001320,A00008455,PLC00006885,9/12/2017,10/7/2020,15/7/2020,Health,145.81,7000,Gary Walker,7607 Beulah Church Road,,Louisville,KY,40228,819-79-1240,Y,64,21,Y,6,L,Rent,HI,36251535,SSEU67860414290399,Masters,A,Major Loss,Ambulance,1,1,KY,Louisville,8,AGENT00794,VNDR00186
23/7/2020 0:00,TXN00001323,A00009047,PLC00004679,13/9/2018,18/7/2020,19/7/2020,Health,182.69,7000,Altagracia Burns,234 East Beach Drive,,Panama City,FL,32401,056-51-2076,N,46,25,Y,2,M,Own,HI,94239133,GEFW34309118625183,College,D,Total Loss,None,1,1,FL,Panama City,1,AGENT01110,VNDR00592
23/7/2020 0:00,TXN00001342,A00006940,PLC00008103,2/6/2015,18/7/2020,19/7/2020,Health,194.54,13000,George Majors,5514 West Altadena Avenue,,Glendale,AZ,85304,219-50-9069,Y,33,98,Y,3,L,Rent,HI,57579212,NKKI54449636791878,College,D,Major Loss,Ambulance,1,1,KY,Louisville,23,AGENT00428,VNDR00523
24/7/2020 0:00,TXN00001359,A00001070,PLC00002287,3/1/2016,8/7/2020,13/7/2020,Health,108.5,4000,Alexander Holder,1011 Bell Avenue,,Glen Burnie,MD,21060,780-93-7107,Y,25,22,Y,3,M,Rent,LI,43114937,XCKE05426760053283,College,A,Major Loss,Other,0,1,CA,Oakland,13,AGENT00729,VNDR00167
25/7/2020 0:00,TXN00001375,A00005476,PLC00002058,17/3/2012,8/7/2020,13/7/2020,Health,112.56,14000,Andrew Garcia,7 Cloutman Street,#1,Salem,MA,1970,292-64-0234,N,58,44,Y,6,M,Mortgage,LI,77721723,MBUW20770271279501,College,A,Total Loss,Ambulance,1,1,KY,Louisville,5,AGENT00846,VNDR00374
25/7/2020 0:00,TXN00001377,A00001726,PLC00008883,22/6/2018,11/7/2020,16/7/2020,Health,144.16,20000,Terry Brown,1700 William E Summers III Avenue,#201,Louisville,KY,40211,614-51-1751,N,61,20,Y,2,L,Rent,MI,51839686,HJNP13537564546502,Bachelor,A,Major Loss,None,0,1,CT,Manchester,10,AGENT00988,VNDR00002
25/7/2020 0:00,TXN00001380,A00005231,PLC00005158,8/9/2018,18/7/2020,20/7/2020,Health,115.75,11000,Loretta Rush,141 Parker Road,,Pittsford,VT,5763,649-87-6493,Y,29,6,Y,5,M,Own,LI,40556255,KUVG50244497857693,High School,A,Major Loss,Ambulance,0,0,TN,Nashville,23,AGENT00711,VNDR00132
25/7/2020 0:00,TXN00001382,A00002717,PLC00005153,27/9/2017,6/7/2020,11/7/2020,Health,175.23,14000,Russell Davis,51035 Conifer Drive,,Soda Springs,CA,95728,126-43-8678,N,26,24,Y,3,L,Rent,MI,96227295,WOMQ37287100731115,High School,A,Total Loss,Ambulance,1,1,FL,Panama City,17,AGENT00495,VNDR00332
25/7/2020 0:00,TXN00001383,A00003690,PLC00003592,12/2/2015,22/7/2020,22/7/2020,Health,112.35,15000,Nydia Bowser,1637 Acre Circle,,Panama City Beach,FL,32407,760-73-0114,N,58,109,Y,6,M,Mortgage,MI,108962480,PLIT95845171789277,Masters,A,Major Loss,Ambulance,1,1,CT,Manchester,15,AGENT00230,VNDR00068
25/7/2020 0:00,TXN00001384,A00001832,PLC00006596,14/12/2018,22/7/2020,22/7/2020,Health,154.17,5000,Shaun Santos,30544 Whitmore Road,,Whitmore,CA,96096,503-13-4935,Y,39,75,Y,7,L,Rent,MI,66522865,CUBM56501728126965,High School,A,Minor Loss,None,0,0,DC,Washington,0,AGENT00633,VNDR00422
25/7/2020 0:00,TXN00001385,A00005259,PLC00008725,27/7/2018,19/7/2020,21/7/2020,Health,146.79,15000,Robert Monske,24 Lambert Street,,Medford,MA,2155,785-46-6634,N,55,105,Y,4,M,Rent,HI,22447719,UOAX63624504466423,Bachelor,A,Minor Loss,Police,0,1,VT,Washington,23,AGENT00764,VNDR00243
25/7/2020 0:00,TXN00001386,A00004516,PLC00007970,7/11/2010,6/7/2020,11/7/2020,Health,195.97,10000,Wesley George,4 Orchard Street,,Manchester,CT,6040,810-92-1012,N,57,88,Y,4,L,Rent,HI,18326925,HTTO54083000472839,College,A,Major Loss,Police,1,1,DC,Washington,1,AGENT00570,VNDR00096
25/7/2020 0:00,TXN00001398,A00009203,PLC00002613,21/1/2012,13/7/2020,18/7/2020,Health,193.67,4000,Babette Simon,1079 East Kentucky Street,,Louisville,KY,40204,429-61-2695,Y,36,109,Y,6,M,Rent,HI,35272285,BBJZ12561200332881,High School,A,Minor Loss,Ambulance,1,1,MD,Pasadena,12,AGENT00531,
26/7/2020 0:00,TXN00001399,A00000812,PLC00003388,8/12/2015,12/7/2020,17/7/2020,Health,147.2,5000,Kevin Waldrop,5108 Bass Place Southeast,,Washington,DC,20019,097-52-6669,Y,40,17,Y,7,M,Rent,MI,62644718,SCTW42290165377917,Bachelor,A,Major Loss,Other,0,0,CA,Union City,8,AGENT00011,VNDR00204
26/7/2020 0:00,TXN00001400,A00005144,PLC00006353,22/12/2018,22/7/2020,23/7/2020,Health,128.7,7000,Nicole Smith,1002 Cedar Ridge Court,,Annapolis,MD,21403,023-63-7963,N,34,69,Y,2,L,Rent,MI,69125010,WRZP89621763849004,High School,A,Major Loss,Ambulance,0,0,MD,Deale,15,AGENT00646,VNDR00183
26/7/2020 0:00,TXN00001407,A00007286,PLC00008310,1/3/2018,6/7/2020,11/7/2020,Health,162.45,16000,Jose Moore,5 Yerxa Road,#2,Cambridge,MA,2140,783-46-1886,Y,64,40,Y,7,L,Mortgage,MI,118860077,TMQS17026728875142,Bachelor,A,Major Loss,Police,1,0,AZ,Glendale,15,AGENT00811,
26/7/2020 0:00,TXN00001412,A00001229,PLC00004955,14/7/2015,9/7/2020,14/7/2020,Health,119.25,1000,Emmanuel Hawley,1983 Reidsville Street,,Annapolis,MD,21401,532-47-5937,Y,33,77,Y,5,H,Mortgage,MI,125632609,QJUO50924623936865,Masters,A,Major Loss,None,0,1,GA,Savannah,10,AGENT00661,
26/7/2020 0:00,TXN00001413,A00009519,PLC00009705,9/8/2018,24/7/2020,24/7/2020,Health,183.91,8000,Maria Kosmowski,533 Forest Ridge Court,,Montgomery,AL,36109,447-52-4197,Y,54,70,Y,5,L,Rent,LI,124732160,LAXP69894915639466,Bachelor,A,Total Loss,Ambulance,0,1,OK,Harrah,3,AGENT00118,
26/7/2020 0:00,TXN00001421,A00008795,PLC00001520,8/1/2014,9/7/2020,14/7/2020,Health,167.8,18000,Ashley Holloway,1641 Kramer Street Northeast,,Washington,DC,20002,708-11-6921,N,42,21,N,4,M,Own,LI,120844447,XFYP89308320893542,Bachelor,A,Major Loss,Ambulance,1,1,AK,Anchorage,1,AGENT00864,
26/7/2020 0:00,TXN00001426,A00001587,PLC00005433,26/12/2019,23/7/2020,23/7/2020,Health,178.3,11000,Doris Koon,82 Fairfield Street,,Manchester,CT,6040,143-87-7694,N,31,110,Y,5,L,Mortgage,MI,43859234,TSKY75688886797264,Bachelor,A,Total Loss,Ambulance,0,1,DC,Washington,4,AGENT01194,VNDR00377
27/7/2020 0:00,TXN00001432,A00008857,PLC00004026,9/5/2016,14/7/2020,19/7/2020,Health,131.01,1000,Crystal Taylor,1809 Hughes Street,,Nashville,TN,37208,861-02-6181,Y,41,8,N,6,L,Rent,LI,66020752,PMXT60765227616392,Masters,A,Total Loss,None,1,1,AR,Fayetteville,2,AGENT01008,VNDR00375
27/7/2020 0:00,TXN00001433,A00009712,PLC00006567,9/4/2017,20/7/2020,22/7/2020,Health,153.39,18000,Maris Allen,23 Whitcomb Street,,Springfield,VT,5156,314-44-9650,N,52,105,Y,3,H,Own,MI,80597931,RXWK14855714625316,PhD,A,Minor Loss,Ambulance,1,1,CT,Manchester,0,AGENT01150,VNDR00115
27/7/2020 0:00,TXN00001438,A00001135,PLC00002648,10/10/2012,16/7/2020,21/7/2020,Health,167.33,10000,Milton Howerton,28250 Dickens Avenue,,Hayward,CA,94544,122-36-3653,Y,35,62,Y,7,M,Own,MI,42236751,XPRP39174404358454,High School,A,Minor Loss,Police,1,0,MA,Haverhill,3,AGENT01051,VNDR00494
27/7/2020 0:00,TXN00001443,A00003043,PLC00009068,7/6/2011,14/7/2020,19/7/2020,Health,103.87,17000,Earl Hassinger,226 Tranquility Lane,,Saint Albans Town,VT,5488,006-29-4640,Y,44,106,Y,6,L,Own,HI,129152855,ZTSA43192260184497,NA,A,Total Loss,None,0,0,TN,Nashville,9,AGENT00375,VNDR00509
28/7/2020 0:00,TXN00001445,A00007122,PLC00005438,16/2/2014,19/7/2020,22/7/2020,Health,125.01,1000,Lori Urquhart,9805 Meadow Vale Drive,,Louisville,KY,40242,394-28-6239,Y,53,79,Y,2,M,Rent,HI,126053863,QPWY85558011067771,High School,A,Total Loss,Police,0,1,DC,Washington,2,AGENT01157,
28/7/2020 0:00,TXN00001450,A00009178,PLC00004565,2/4/2019,27/7/2020,27/7/2020,Health,125.33,13000,Lloyd Ellis,8219 Minor Lane,#9,Louisville,KY,40219,546-19-3514,N,47,13,Y,5,M,Mortgage,MI,117001138,CZUL03942543310775,College,A,Minor Loss,None,1,0,TN,Nashville,22,AGENT00644,
28/7/2020 0:00,TXN00001453,A00005734,PLC00002782,8/9/2012,13/7/2020,18/7/2020,Health,130.31,19000,Saul Howard,7431 Candace Way,#1,Louisville,KY,40214,189-05-8255,N,64,99,Y,4,M,Rent,HI,127300117,LLZX46744488127295,College,A,Total Loss,Police,1,1,GA,Savannah,17,AGENT01015,
28/7/2020 0:00,TXN00001457,A00008001,PLC00006009,12/12/2018,15/7/2020,20/7/2020,Health,193.95,20000,Timothy Mcknight,4201 Georgia Avenue Northwest,,Washington,DC,20011,049-85-0176,Y,28,114,Y,4,M,Own,HI,105956583,QINW89303521054729,Bachelor,A,Total Loss,Ambulance,1,1,AK,Anchorage,22,AGENT01199,VNDR00191
28/7/2020 0:00,TXN00001466,A00006262,PLC00005937,10/10/2015,8/7/2020,13/7/2020,Health,133.64,5000,Geri Rodgers,180 Center Street,,Manchester,CT,6040,641-82-7848,Y,31,11,Y,2,L,Mortgage,MI,41789283,CFNW40095154392896,College,A,Total Loss,None,1,1,CA,San Jose,6,AGENT00303,
28/7/2020 0:00,TXN00001467,A00008614,PLC00001553,17/2/2017,12/7/2020,17/7/2020,Health,171.74,15000,Sue Tillotson,1431 King George Boulevard,#21-C,Savannah,GA,31419,679-37-6351,N,55,61,Y,5,M,Rent,HI,129527956,FWQL49828675064801,College,A,Minor Loss,Ambulance,1,1,MA,Lynn,7,AGENT00913,
28/7/2020 0:00,TXN00001469,A00005389,PLC00002338,16/3/2016,19/7/2020,22/7/2020,Health,120.7,2000,Johnny Bledsoe,8521 Crystal Street,,Anchorage,AK,99502,363-59-2183,Y,64,32,Y,4,L,Own,HI,25322624,JJQC92900559178217,High School,A,Major Loss,Police,0,0,CA,San Diego,13,AGENT00054,
29/7/2020 0:00,TXN00001476,A00009729,PLC00009455,20/3/2013,23/7/2020,25/7/2020,Health,153.42,16000,Thelma Henry,2121 Stepping Stone Trail,,Edmond,OK,73013,130-78-7824,Y,47,17,Y,2,M,Mortgage,MI,124379471,HBAG94922691572679,High School,D,Total Loss,None,1,0,OK,Midwest City,8,AGENT00666,VNDR00265
29/7/2020 0:00,TXN00001481,A00006665,PLC00002291,3/9/2019,19/7/2020,22/7/2020,Health,118.97,17000,Miguel Holland,19 Keyes Drive,#12,Peabody,MA,1960,013-21-5345,Y,29,82,N,7,L,Own,LI,71443654,FHGA95125598056178,High School,A,Major Loss,Police,0,0,MA,Peabody,23,AGENT00558,VNDR00039
29/7/2020 0:00,TXN00001495,A00007032,PLC00006023,14/11/2012,23/7/2020,25/7/2020,Health,108.98,20000,Kenneth Currie,5005 North Miller Avenue,,Oklahoma City,OK,73112,875-13-8694,Y,35,47,Y,3,M,Rent,MI,119184969,NVVH60914893004188,Bachelor,A,Major Loss,Ambulance,1,1,TN,Nashville,9,AGENT00361,
30/7/2020 0:00,TXN00001500,A00009579,PLC00000144,6/5/2013,10/7/2020,15/7/2020,Health,174.84,3000,Nickolas Blanchard,1622 Orchard Avenue,,Louisville,KY,40213,205-76-4352,Y,31,9,Y,5,M,Rent,LI,71726559,JNFQ58228325369600,Bachelor,A,Major Loss,None,1,1,CO,Greeley,16,AGENT00013,VNDR00122
30/7/2020 0:00,TXN00001501,A00006966,PLC00002507,14/11/2016,19/7/2020,24/7/2020,Health,192.39,1000,Jessie Laubhan,906 West Berry Street,#204,Fayetteville,AR,72701,314-95-6050,N,59,77,Y,2,L,Rent,MI,67634066,ZXYX42794744541982,High School,A,Total Loss,Ambulance,1,0,MA,Attleboro,17,AGENT01060,
30/7/2020 0:00,TXN00001502,A00000213,PLC00005249,11/11/2013,29/7/2020,29/7/2020,Health,197.71,6000,Louise Wilson,104 Lakeridge Drive,,Panama City,FL,32405,289-43-8242,Y,62,81,Y,7,M,Mortgage,MI,88003621,AYDJ06040860205575,MD,A,Minor Loss,Ambulance,1,1,GA,Savannah,14,AGENT00070,VNDR00361
30/7/2020 0:00,TXN00001503,A00009691,PLC00005555,16/11/2017,26/7/2020,27/7/2020,Health,195.69,12000,Madelyn Riojas,95 Briarwood Drive,,Manchester,CT,6040,803-20-9321,N,31,52,N,5,L,Mortgage,LI,61393044,ZKLA54509891566370,Bachelor,A,Major Loss,Police,1,0,MD,Millersville,11,AGENT00947,
30/7/2020 0:00,TXN00001510,A00000322,PLC00003720,1/8/2016,24/7/2020,26/7/2020,Health,127.34,12000,Eileen Stephenson,332 Concord Avenue,,Cambridge,MA,2138,103-98-1429,Y,37,54,Y,7,M,Own,LI,88528012,NXEY83194867052796,High School,A,Total Loss,Ambulance,1,1,TN,Nashville,22,AGENT00318,VNDR00002
30/7/2020 0:00,TXN00001511,A00004269,PLC00000478,12/6/2015,28/7/2020,28/7/2020,Health,164.81,12000,Kristin Womack,6721 Boundary Run,,Nashville,TN,37221,610-74-7243,Y,33,48,Y,3,L,Mortgage,MI,102747326,XLHE57812670757827,MD,A,Minor Loss,None,1,1,CA,Mountain View,20,AGENT00379,VNDR00488
30/7/2020 0:00,TXN00001512,A00009186,PLC00007377,19/9/2011,18/7/2020,23/7/2020,Health,102.25,9000,Suzanne Minnich,184 Woodland Street,,Manchester,CT,6042,704-43-4060,Y,55,96,Y,3,M,Own,HI,46203926,KIOV12785690350989,Masters,A,Total Loss,None,1,1,AK,Anchorage,7,AGENT00981,VNDR00317
30/7/2020 0:00,TXN00001513,A00001740,PLC00002736,1/5/2013,14/7/2020,19/7/2020,Health,161.88,12000,Ann Luebke,2400 Easy Street,,San Leandro,CA,94578,432-44-4625,N,38,35,Y,2,L,Rent,LI,31898537,ANUZ42753721287248,Masters,A,Minor Loss,None,0,1,MA,Medford,5,AGENT00205,
30/7/2020 0:00,TXN00001514,A00000445,PLC00009668,8/2/2013,26/7/2020,27/7/2020,Health,112.91,6000,Alexander Anderson,89 Plaistow Road,,Haverhill,MA,1830,547-63-3600,N,58,49,Y,7,H,Rent,MI,122022694,AILG59821553440260,Bachelor,A,Total Loss,Police,0,1,CA,Bakersfield,11,AGENT00591,
31/7/2020 0:00,TXN00001526,A00001094,PLC00008933,26/7/2012,21/7/2020,24/7/2020,Health,146.17,3000,Douglas Blankenship,7450 Wade Circle,,Anchorage,AK,99518,818-93-8133,N,39,26,N,5,L,Rent,MI,33007960,SQLJ06762308880143,High School,A,Total Loss,Ambulance,1,1,MD,Glen Burnie,1,AGENT00757,
1/8/2020 0:00,TXN00001550,A00001681,PLC00003020,14/4/2016,25/7/2020,27/7/2020,Health,197.25,11000,Ronald Bannister,415 West 42nd Street,,Savannah,GA,31401,795-33-6293,N,52,25,Y,2,M,Own,HI,97324016,NOZH78379241317531,Bachelor,A,Major Loss,Ambulance,1,1,TN,Nashville,8,AGENT01125,
1/8/2020 0:00,TXN00001552,A00001811,PLC00003386,16/1/2012,25/7/2020,27/7/2020,Health,190.49,10000,Stephen Ferrell,4408 Bonaparte Boulevard,,Midwest City,OK,73110,535-07-8506,N,31,37,Y,4,M,Mortgage,MI,27287107,ZOBN90653243395781,NA,A,Major Loss,Police,1,0,OK,Oklahoma City,13,AGENT00251,VNDR00454
1/8/2020 0:00,TXN00001554,A00007187,PLC00007795,26/3/2017,12/7/2020,17/7/2020,Health,162.81,12000,Phillip Hendershot,2504 Longest Avenue,,Louisville,KY,40204,655-06-6210,N,51,44,Y,3,L,Rent,MI,20954880,TEIJ56466695739955,Bachelor,A,Total Loss,Other,1,1,FL,Panama City,7,AGENT00225,VNDR00076
2/8/2020 0:00,TXN00001557,A00009096,PLC00004156,3/9/2013,1/8/2020,1/8/2020,Health,186.09,11000,Rhonda Eslinger,21 Glenoak Lane Northwest,B,Glen Burnie,MD,21061,432-84-3731,N,58,72,Y,7,L,Own,HI,106803321,ZNIC15927304713195,Bachelor,A,Minor Loss,None,1,1,AZ,Glendale,0,AGENT01050,VNDR00250
2/8/2020 0:00,TXN00001559,A00005726,PLC00003175,19/4/2014,16/7/2020,21/7/2020,Health,121.31,8000,Benjamin Dahl,5306 Ritchie Highway,,Baltimore,MD,21225,629-32-0787,N,27,106,Y,5,M,Rent,HI,55088789,DUEB56225655830756,College,A,Total Loss,Other,0,1,AZ,Glendale,13,AGENT00721,VNDR00266
2/8/2020 0:00,TXN00001560,A00003895,PLC00001408,15/1/2016,22/7/2020,27/7/2020,Health,141.59,14000,Ruth Hoskins,3325 Dix Street Northeast,,Washington,DC,20019,544-89-0605,Y,59,117,N,7,L,Mortgage,MI,84945479,QTWG97278508540189,NA,A,Total Loss,Ambulance,0,1,DC,Washington,2,AGENT00642,
2/8/2020 0:00,TXN00001565,A00006545,PLC00007887,4/10/2015,28/7/2020,29/7/2020,Health,191.91,9000,Tandy Thomas,86 Highland Street,,Manchester,CT,6040,102-94-4239,Y,42,73,Y,5,L,Rent,MI,78848744,CXMN75468859814060,Bachelor,A,Minor Loss,Police,1,1,GA,Bloomingdale,12,AGENT00806,VNDR00249
2/8/2020 0:00,TXN00001579,A00000494,PLC00000375,18/9/2012,22/7/2020,27/7/2020,Health,189.07,4000,Lillie Kenny,Biloxi Crossing,#3,Fayetteville,AR,72701,229-75-4802,N,62,111,Y,5,L,Mortgage,MI,126314308,RQEK62389490357051,Bachelor,A,Total Loss,Police,1,1,CO,Arvada,23,AGENT00968,VNDR00166
2/8/2020 0:00,TXN00001588,A00005916,PLC00009786,14/10/2016,13/7/2020,18/7/2020,Health,103.17,15000,Naomi Hoover,7187 Holland Court,,Arvada,CO,80005,011-67-3262,Y,56,112,Y,7,H,Rent,LI,122073180,NRVL76935141757614,College,A,Minor Loss,None,1,1,MD,Severn,22,AGENT00565,VNDR00293
3/8/2020 0:00,TXN00001606,A00002926,PLC00005635,14/9/2014,23/7/2020,28/7/2020,Health,189.66,19000,Timothy Bullock,6672 Urban Court,,Arvada,CO,80004,413-02-0240,N,49,107,Y,4,H,Rent,MI,37182221,NZQW40839268145551,High School,A,Major Loss,Police,1,0,AL,Montgomery,6,AGENT00052,VNDR00075
3/8/2020 0:00,TXN00001610,A00002614,PLC00008922,13/8/2018,18/7/2020,23/7/2020,Health,133.88,4000,John Hannan,321 Kentucky Avenue Southeast,,Washington,DC,20003,746-37-7599,Y,51,99,Y,5,L,Own,LI,129303400,OUJD39902784570815,College,A,Total Loss,Ambulance,0,1,AR,Fayetteville,2,AGENT00668,
5/8/2020 0:00,TXN00001639,A00005209,PLC00009990,27/4/2017,27/7/2020,30/7/2020,Health,127.13,19000,Mary Wright,1008 Rhode Island Avenue Northwest,,Washington,DC,20001,526-84-4916,Y,28,41,Y,5,H,Mortgage,LI,27703966,MUHF91475496682212,College,A,Total Loss,None,1,1,OK,Norman,1,AGENT00687,VNDR00096
5/8/2020 0:00,TXN00001650,A00002268,PLC00004860,8/5/2019,31/7/2020,1/8/2020,Health,158.78,20000,Jessica Greer,51 Edgar Road,,Scituate,MA,2066,655-64-2777,Y,36,44,N,3,L,Rent,MI,111713749,QKTT90897726784137,Masters,A,Minor Loss,Ambulance,1,1,GA,Savannah,2,AGENT00472,VNDR00395
5/8/2020 0:00,TXN00001651,A00000684,PLC00008272,11/6/2019,24/7/2020,29/7/2020,Health,169.27,18000,Edna Armstrong,1939 Greenwood Street,,Savannah,GA,31404,124-33-3569,N,61,108,Y,4,M,Mortgage,MI,71508557,HHWW39068252435045,Masters,A,Total Loss,Other,1,1,MD,Glen Burnie,18,AGENT00916,VNDR00297
6/8/2020 0:00,TXN00001658,A00009645,PLC00008239,7/12/2016,19/7/2020,24/7/2020,Health,178.93,7000,Joseph Brandenburg,201 Juniper Springs Drive,#311,Mammoth Lakes,CA,93546,182-41-8968,Y,52,100,Y,3,M,Rent,MI,43660821,SRHG96656114520614,Bachelor,A,Total Loss,Ambulance,1,1,AZ,Glendale,23,AGENT00815,VNDR00373
6/8/2020 0:00,TXN00001659,A00007757,PLC00007736,17/8/2015,5/8/2020,5/8/2020,Health,197.86,14000,Ashley George,5624 Oakes Drive,,Brentwood,TN,37027,346-82-2743,Y,42,16,Y,4,L,Rent,MI,25452646,HZTO94750104672184,Masters,A,Minor Loss,Police,1,1,TN,Nashville,2,AGENT01039,VNDR00222
6/8/2020 0:00,TXN00001660,A00004028,PLC00008053,11/11/2015,29/7/2020,1/8/2020,Health,191.68,5000,Gordon Blankenship,2812 Jasper Street Southeast,,Washington,DC,20020,631-05-3250,Y,55,79,Y,7,L,Own,MI,64589389,DPOG32287604346944,Bachelor,A,Major Loss,Other,1,1,CT,Manchester,15,AGENT00706,
6/8/2020 0:00,TXN00001671,A00001929,PLC00000407,10/8/2011,18/7/2020,23/7/2020,Health,110.93,15000,Flora Troke,22649 McManus Drive,,Anchorage,AK,99567,056-11-1443,N,28,26,Y,4,M,Rent,HI,40071785,JIOK11827657013530,PhD,A,Major Loss,Ambulance,0,1,FL,Lynn Haven,1,AGENT00887,VNDR00164
6/8/2020 0:00,TXN00001675,A00008206,PLC00004065,7/2/2016,2/8/2020,3/8/2020,Health,153.52,16000,Riva Hunter,534 Hamilton Street Northeast,,Washington,DC,20011,036-91-9884,N,55,53,Y,2,M,Rent,HI,125663089,LFSA63471863936253,MD,D,Minor Loss,Other,0,1,MD,Deale,19,AGENT00535,VNDR00430
6/8/2020 0:00,TXN00001680,A00004526,PLC00008973,9/9/2015,26/7/2020,31/7/2020,Health,123.72,3000,Dennis Fuller,6862 North 44th Avenue,#3,Glendale,AZ,85301,177-28-8694,Y,47,20,N,5,L,Rent,HI,99142746,ULXY15642107019361,MD,A,Minor Loss,Ambulance,1,1,AR,Farmington,20,AGENT00886,
7/8/2020 0:00,TXN00001683,A00007100,PLC00004384,19/12/2019,6/8/2020,6/8/2020,Health,183.66,2000,Jorge Jones,6818 North Lagoon Drive,,Panama City,FL,32408,445-61-1569,Y,64,62,Y,5,M,Own,LI,114138091,CCFK79395989720321,High School,A,Total Loss,Ambulance,0,0,MD,Brooklyn Park,14,AGENT01117,
7/8/2020 0:00,TXN00001688,A00003681,PLC00001241,20/5/2016,18/7/2020,23/7/2020,Health,150.13,18000,Thomas White,6060 West Royal Palm Road,#226,Glendale,AZ,85302,075-03-1591,Y,46,73,Y,2,M,Own,MI,82403667,PPHF27686354547003,College,A,Major Loss,Police,1,1,OK,Moore,2,AGENT00741,
7/8/2020 0:00,TXN00001691,A00007293,PLC00007602,10/8/2013,24/7/2020,29/7/2020,Health,100.78,19000,Todd Kelley,650 Malvern Street,,Montgomery,AL,36108,513-56-4539,Y,63,29,Y,6,M,Mortgage,LI,103358387,YLPX20316130611222,High School,A,Total Loss,None,0,1,DC,Washington,7,AGENT01199,VNDR00557
7/8/2020 0:00,TXN00001692,A00009838,PLC00001606,14/8/2015,26/7/2020,31/7/2020,Health,125.04,18000,William Oliver,4225 Eatons Creek Road,,Nashville,TN,37218,448-36-8657,N,53,86,Y,6,L,Own,LI,101958190,VVVC00008000077201,Bachelor,A,Major Loss,None,1,1,GA,Savannah,11,AGENT01124,VNDR00265
7/8/2020 0:00,TXN00001697,A00006006,PLC00000292,13/12/2016,2/8/2020,3/8/2020,Health,196.1,7000,Rogelio Richards,8064 Claytie Circle,,Nashville,TN,37221,357-32-0860,Y,25,54,Y,2,L,Rent,LI,66289755,CLSI36813803958727,Bachelor,A,Major Loss,Police,1,0,AR,Fayetteville,22,AGENT00823,VNDR00228
7/8/2020 0:00,TXN00001703,A00003491,PLC00000580,27/5/2014,3/8/2020,4/8/2020,Health,129.39,1000,Stanley Limones,2552 Massachusetts Avenue Northwest,,Washington,DC,20008,120-09-7787,Y,37,80,Y,7,L,Own,MI,55959614,FTJT20031964254166,High School,A,Minor Loss,Police,1,1,MA,Brockton,20,AGENT00709,
7/8/2020 0:00,TXN00001704,A00005119,PLC00005918,14/11/2015,28/7/2020,31/7/2020,Health,131.63,19000,Earl Fort,34 Harris Street,#6,Brookline,MA,2446,854-71-6116,Y,62,30,Y,6,H,Mortgage,LI,86538211,PNNG74958050604587,College,A,Minor Loss,None,1,0,FL,Mexico Beach,0,AGENT00952,VNDR00060
8/8/2020 0:00,TXN00001710,A00004672,PLC00001367,13/11/2017,22/7/2020,27/7/2020,Health,157.42,6000,Rebecca Lance,2443 Sierra Nevada Road,#N5,Mammoth Lakes,CA,93546,556-54-2741,N,36,35,Y,7,L,Own,HI,16326493,ZVNY96436399154711,College,A,Major Loss,None,0,1,VT,Pawlet,17,AGENT00365,VNDR00279
8/8/2020 0:00,TXN00001720,A00006666,PLC00004989,17/2/2016,27/7/2020,1/8/2020,Health,126.97,18000,Herman Headrick,109 Cambridge Station Road,,Louisville,KY,40223,894-99-2258,N,34,7,N,4,M,Own,HI,88802110,BZVY61532970094454,High School,A,Minor Loss,None,1,0,MD,Arnold,8,AGENT00815,VNDR00009
9/8/2020 0:00,TXN00001728,A00004820,PLC00006291,4/11/2010,4/8/2020,5/8/2020,Health,116.54,9000,Henry Gardner,122 Coral Drive,,Panama City Beach,FL,32413,307-76-3804,Y,60,18,N,5,M,Rent,HI,106868256,YLZJ19640698481020,High School,A,Total Loss,Ambulance,1,1,MD,Millersville,21,AGENT00873,VNDR00359
9/8/2020 0:00,TXN00001731,A00006713,PLC00007744,23/2/2013,5/8/2020,6/8/2020,Health,150.23,10000,Madelyn Gordon,1026 Orchard Avenue,,Louisville,KY,40213,415-74-7417,Y,49,100,Y,2,M,Mortgage,MI,84635064,VDUT99372957119358,Bachelor,A,Major Loss,Police,1,0,MA,Falmouth,23,AGENT00198,
9/8/2020 0:00,TXN00001736,A00008545,PLC00005215,14/1/2016,25/7/2020,30/7/2020,Health,115.73,7000,John Morris,6500 Park Club Circle,,Louisville,KY,40229,763-58-5595,Y,56,111,Y,6,L,Own,MI,54642977,XVOO45564925555690,High School,A,Total Loss,Ambulance,0,1,CA,Dublin,12,AGENT00632,
9/8/2020 0:00,TXN00001740,A00002044,PLC00006586,6/9/2010,21/7/2020,26/7/2020,Health,118.61,8000,Ann Farber,74 Springfield Street,B,Agawam,MA,1001,273-80-6968,Y,41,84,Y,2,M,Mortgage,LI,126341203,SYXD61490297483215,High School,A,Total Loss,Ambulance,0,0,MD,Crownsville,18,AGENT00796,VNDR00297
9/8/2020 0:00,TXN00001745,A00006805,PLC00004356,17/6/2015,20/7/2020,25/7/2020,Health,143.62,1000,Melinda Creger,509 Franklin Street Northeast,,Washington,DC,20017,454-71-6461,Y,48,114,Y,7,M,Own,LI,54589234,MZDO74683674747680,MD,A,Minor Loss,Police,1,1,CA,Mammoth Lakes,17,AGENT00950,VNDR00012
9/8/2020 0:00,TXN00001748,A00001333,PLC00003061,13/8/2011,5/8/2020,6/8/2020,Health,117.7,6000,Adam Laub,3008 Russell Street,#R 1,Berkeley,CA,94705,019-45-7215,N,43,19,Y,7,M,Mortgage,LI,125370000,URXW21650442120963,Bachelor,A,Total Loss,Ambulance,1,0,AZ,Glendale,9,AGENT00877,
10/8/2020 0:00,TXN00001750,A00009477,PLC00001190,17/3/2013,25/7/2020,30/7/2020,Health,173.46,19000,Terry Tibbert,5707 Whispering Hills Boulevard,,Louisville,KY,40219,675-96-6758,Y,36,32,Y,6,L,Own,LI,68646820,OZFV07202869589728,Bachelor,A,Minor Loss,None,1,1,AZ,Glendale,13,AGENT00943,
10/8/2020 0:00,TXN00001753,A00001303,PLC00001469,31/8/2018,2/8/2020,5/8/2020,Health,196.8,13000,Brian Phillips,3313 Daisy Trail,,Nashville,TN,37013,448-56-9180,N,31,41,Y,7,L,Mortgage,LI,53072687,IXUK11155467040613,College,D,Major Loss,Police,1,1,AR,Fayetteville,13,AGENT00503,
10/8/2020 0:00,TXN00001757,A00008708,PLC00000777,13/7/2013,2/8/2020,5/8/2020,Health,100.47,8000,Ruth Lawton,205 West Montgomery Cross Road,#1602,Savannah,GA,31406,033-26-2917,Y,38,64,Y,7,M,Rent,HI,77758217,URIJ67559787201310,High School,A,Minor Loss,Police,1,0,AZ,Glendale,1,AGENT00130,
10/8/2020 0:00,TXN00001759,A00003182,PLC00009260,16/9/2016,28/7/2020,2/8/2020,Health,107.91,3000,Diane Brownlow,4216 Winter Lake Drive,,Louisville,KY,40272,296-03-6928,Y,32,8,Y,7,L,Rent,HI,119636491,MAYP37321491600801,High School,A,Minor Loss,Ambulance,1,0,GA,Savannah,15,AGENT00905,VNDR00296
10/8/2020 0:00,TXN00001766,A00000938,PLC00002660,5/3/2015,4/8/2020,6/8/2020,Health,194.05,18000,Rachel Ramirez,4107 East 68th Avenue,APT D,Anchorage,AK,99507,143-32-0544,Y,49,28,Y,3,L,Mortgage,MI,10184453,BELS51160896649874,College,A,Total Loss,None,1,1,VT,Guildhall,3,AGENT00814,VNDR00407
11/8/2020 0:00,TXN00001777,A00005151,PLC00008927,3/9/2013,6/8/2020,7/8/2020,Health,130.85,11000,Benjamin Baisley,457 Mountain Village Boulevard,#320-3,Mountain Village,CO,81435,600-13-9438,N,35,84,N,2,L,Own,HI,110194741,RTOT71501953373907,Bachelor,A,Total Loss,Police,1,1,CO,Arvada,6,AGENT00514,
11/8/2020 0:00,TXN00001780,A00002752,PLC00002525,26/4/2016,28/7/2020,2/8/2020,Health,136.04,4000,Nancy Gonzalez,4050 Lake Otis Parkway,#STE 000102,Anchorage,AK,99508,704-21-4112,Y,27,111,Y,2,M,Own,MI,119880629,HYHW65022209592046,College,A,Minor Loss,Police,0,1,OK,Oklahoma City,20,AGENT00223,VNDR00369
11/8/2020 0:00,TXN00001783,A00009250,PLC00001688,11/2/2019,1/8/2020,4/8/2020,Health,128.42,6000,Harriet Vashaw,2411 Alteras Drive,,Nashville,TN,37211,482-53-8434,Y,56,116,Y,4,H,Rent,HI,125760924,LOZO39746562155443,Bachelor,A,Total Loss,Police,1,1,KY,Louisville,1,AGENT01118,
12/8/2020 0:00,TXN00001797,A00005848,PLC00003118,24/5/2012,28/7/2020,2/8/2020,Health,183.42,18000,Fred Medved,816 West 19th Avenue,,Anchorage,AK,99503,691-16-4112,Y,34,96,Y,5,L,Mortgage,LI,47931365,UCTE82150674391332,Bachelor,A,Total Loss,Police,1,1,OK,Oklahoma City,21,AGENT00108,VNDR00211
12/8/2020 0:00,TXN00001799,A00003083,PLC00003762,16/3/2019,26/7/2020,31/7/2020,Health,144.16,5000,Maria Peoples,2433 Southwest 36th Street,,Oklahoma City,OK,73109,458-95-7793,Y,29,30,Y,2,L,Rent,HI,88529079,LVHB80083253972112,Bachelor,A,Major Loss,Ambulance,0,1,AL,Pelham,6,AGENT01177,VNDR00276
12/8/2020 0:00,TXN00001805,A00008402,PLC00000349,15/4/2014,25/7/2020,30/7/2020,Health,136.43,1000,Mercedes Powell,2185 Howe Pond Road,,Readsboro,VT,5350,884-43-2808,Y,28,113,Y,6,M,Own,LI,56911897,JIAO09401875880636,Bachelor,A,Major Loss,None,1,1,CT,Groton,15,AGENT00671,VNDR00319
12/8/2020 0:00,TXN00001806,A00009433,PLC00007216,7/1/2012,29/7/2020,3/8/2020,Health,174.22,17000,Linda Stutzman,5715 Saint Matthew Drive,,Newark,CA,94560,069-72-2419,N,57,89,Y,6,M,Mortgage,MI,107900362,HGXE25318351965077,PhD,A,Major Loss,Police,1,1,MD,Pasadena,7,AGENT00890,VNDR00057
12/8/2020 0:00,TXN00001815,A00006330,PLC00007014,6/2/2011,28/7/2020,2/8/2020,Health,143,12000,Joseph Dobson,22524 Sambar Loop,,Anchorage,AK,99567,505-35-9373,Y,47,76,Y,5,M,Mortgage,MI,52404447,GRAI63384695426423,NA,A,Minor Loss,Other,0,1,CO,Arvada,23,AGENT00754,VNDR00052
12/8/2020 0:00,TXN00001817,A00007474,PLC00003088,29/3/2011,3/8/2020,6/8/2020,Health,121.88,3000,Crystal Williams,325 Autumn Street,,Manchester,CT,6040,603-83-1911,Y,26,69,Y,2,H,Mortgage,LI,94433845,QOJX66435345624398,College,A,Minor Loss,Police,1,1,AR,Fayetteville,7,AGENT00669,VNDR00268
13/8/2020 0:00,TXN00001825,A00008924,PLC00005691,10/12/2010,29/7/2020,3/8/2020,Health,162.81,4000,William Johnson,6911 Steven Road,,Panama City,FL,32404,692-64-8457,Y,33,36,Y,2,M,Mortgage,MI,87350980,GLFQ01717302055821,Bachelor,A,Major Loss,Other,1,1,CA,Oakland,1,AGENT00192,VNDR00344
13/8/2020 0:00,TXN00001828,A00007449,PLC00005476,17/11/2018,1/8/2020,6/8/2020,Health,121.67,5000,Helen Sanchez,4537 Tanglewood Trail,,Boulder,CO,80301,545-85-6721,Y,56,100,Y,6,M,Own,MI,98326042,FWND90085475418971,Bachelor,A,Major Loss,None,1,0,CA,Fremont,18,AGENT00963,VNDR00552
13/8/2020 0:00,TXN00001836,A00006008,PLC00007514,14/10/2010,4/8/2020,7/8/2020,Health,194.15,13000,Renee Stevens,5228 North 70th Avenue,,Glendale,AZ,85303,177-48-2800,Y,64,43,Y,6,M,Own,MI,70691957,PLGH33212250194938,College,A,Major Loss,None,0,0,KY,Louisville,8,AGENT00970,VNDR00278
13/8/2020 0:00,TXN00001839,A00004344,PLC00000609,3/4/2017,29/7/2020,3/8/2020,Health,129.29,11000,Tony Merhar,1937 Carleton Street,M,Berkeley,CA,94704,557-93-5761,Y,64,52,Y,3,L,Own,MI,26454258,OEFQ99220578177216,Bachelor,A,Minor Loss,Police,1,0,AR,Fayetteville,2,AGENT00053,VNDR00232
13/8/2020 0:00,TXN00001849,A00006285,PLC00004043,15/7/2016,29/7/2020,3/8/2020,Health,125.33,6000,Zola Chowenhill,68 Bigelow Street,,Manchester,CT,6040,800-24-7075,Y,38,94,Y,3,L,Rent,MI,109394167,FHYU98914307931732,MD,D,Total Loss,Police,1,0,CO,Arvada,21,AGENT00318,
14/8/2020 0:00,TXN00001852,A00005835,PLC00000282,6/10/2014,30/7/2020,4/8/2020,Health,143.22,19000,Alisha Sullivan,19 Heritage,,Oakland,CA,94605,126-13-3219,Y,51,47,Y,2,H,Own,MI,104361917,PEBA19332839037031,High School,A,Major Loss,Ambulance,1,0,FL,Panama City,11,AGENT00398,VNDR00114
14/8/2020 0:00,TXN00001856,A00001849,PLC00006891,18/9/2012,26/7/2020,31/7/2020,Health,191.86,18000,Robert Drake,44 Campfield Road,,Manchester,CT,6040,341-69-2014,Y,34,42,Y,4,H,Own,MI,100843594,MODP87847405800493,MD,A,Total Loss,None,1,0,TN,Nashville,21,AGENT01198,
14/8/2020 0:00,TXN00001866,A00008343,PLC00004132,14/1/2019,3/8/2020,8/8/2020,Health,114.11,14000,Howard Grassi,3813 Vanguard Drive,,Louisville,KY,40229,034-64-1440,N,34,107,Y,7,M,Mortgage,MI,18187643,QLZR04124347898873,Bachelor,A,Total Loss,None,1,0,MA,New Bedford,7,AGENT00945,VNDR00273
14/8/2020 0:00,TXN00001877,A00004514,PLC00004896,11/10/2012,30/7/2020,4/8/2020,Health,186.6,8000,Jay Louis,457 Mountain Village Boulevard,#320-3,Mountain Village,CO,81435,310-69-1774,Y,58,84,Y,6,M,Mortgage,LI,123472573,FBNR27294324132870,College,A,Total Loss,Police,0,1,CA,Fremont,12,AGENT00670,VNDR00511
15/8/2020 0:00,TXN00001880,A00003193,PLC00005504,30/11/2015,14/8/2020,14/8/2020,Health,186.8,15000,Raymond Robertson,5631 West Colter Street,#2129,Glendale,AZ,85301,809-56-2986,N,29,71,Y,6,H,Mortgage,MI,120935880,GDMX34844706910271,High School,A,Minor Loss,Police,1,1,DC,Washington,18,AGENT00381,VNDR00492
15/8/2020 0:00,TXN00001881,A00009088,PLC00002639,17/10/2011,30/7/2020,4/8/2020,Health,176.04,14000,Lisa Miller,2330 39th Street Northwest,,Washington,DC,20007,279-08-1621,N,34,73,Y,6,M,Own,MI,59721259,CSAI13096635203540,Masters,A,Minor Loss,Ambulance,1,1,CA,Berkeley,1,AGENT00767,
15/8/2020 0:00,TXN00001882,A00003910,PLC00009967,6/1/2017,26/7/2020,31/7/2020,Health,147.02,11000,Shae Edwards,12 Kane Road,,Manchester,CT,6040,477-57-4493,Y,32,113,N,3,L,Mortgage,LI,88412102,SPQJ47017783155337,Bachelor,D,Minor Loss,Police,1,0,MA,Brookline,8,AGENT00938,
15/8/2020 0:00,TXN00001885,A00007859,PLC00007039,1/8/2010,13/8/2020,13/8/2020,Health,100.8,10000,Carol Harbin,2807 Huxley Place,,Fremont,CA,94555,165-65-0261,Y,47,96,Y,5,L,Own,HI,53458667,XYGE55074061815883,High School,D,Minor Loss,Ambulance,1,1,CO,Arvada,8,AGENT01065,VNDR00373
15/8/2020 0:00,TXN00001886,A00008478,PLC00002807,4/8/2011,11/8/2020,12/8/2020,Health,168.6,14000,Maria Krajcer,407 West Hillwood Drive,,Nashville,TN,37205,076-05-9301,Y,52,84,Y,5,L,Rent,MI,115062580,WJIE81250679360383,Bachelor,A,Major Loss,Ambulance,1,1,MA,Quincy,11,AGENT01175,VNDR00461
15/8/2020 0:00,TXN00001888,A00006913,PLC00008752,20/4/2017,9/8/2020,11/8/2020,Health,170.45,5000,Keith Coombs,113 Dove Lane,,Savannah,GA,31406,245-01-3902,Y,34,46,Y,6,L,Rent,LI,122251902,OLWI93377208912806,Bachelor,A,Major Loss,Ambulance,1,1,AR,Conway,2,AGENT00464,
15/8/2020 0:00,TXN00001890,A00002058,PLC00004850,25/9/2012,12/8/2020,12/8/2020,Health,181.6,10000,Elizabeth Blaschke,3555 Alamosa Drive,,Anchorage,AK,99502,210-28-1791,N,32,107,Y,4,H,Own,HI,45734072,BIRS79095873752120,College,A,Major Loss,Ambulance,0,0,GA,Savannah,1,AGENT00617,VNDR00470
15/8/2020 0:00,TXN00001903,A00003467,PLC00001941,17/11/2013,31/7/2020,5/8/2020,Health,109.46,4000,Loyd Cash,2224 East Tall Oaks Drive,,Fayetteville,AR,72703,605-53-5748,N,47,25,Y,5,M,Rent,MI,13493374,KUWC60645298917404,High School,A,Minor Loss,Ambulance,1,0,OK,Oklahoma City,23,AGENT00601,VNDR00074
16/8/2020 0:00,TXN00001905,A00008427,PLC00003906,14/2/2012,5/8/2020,10/8/2020,Health,145.33,13000,Brad Brasure,239 Eastern Avenue,,Fayetteville,AR,72701,229-81-3017,Y,45,80,N,4,L,Own,MI,54349322,EEYP56519408033327,Bachelor,A,Minor Loss,Police,0,0,MA,Haverhill,7,AGENT00845,VNDR00415
16/8/2020 0:00,TXN00001906,A00002423,PLC00003289,26/1/2014,4/8/2020,9/8/2020,Health,100.99,17000,Darryl Gandy,6862 North 44th Avenue,#3,Glendale,AZ,85301,743-27-1402,Y,41,23,Y,4,L,Rent,HI,25072084,YXLV74919850322757,Bachelor,A,Minor Loss,Police,1,0,TN,Nashville,19,AGENT00931,VNDR00058
16/8/2020 0:00,TXN00001907,A00009591,PLC00006194,8/3/2013,14/8/2020,14/8/2020,Health,177.72,8000,Benjamin Essex,45430 Lauri Lane,,Oakhurst,CA,93644,245-03-4046,N,62,55,Y,5,M,Rent,HI,95170945,GOBV11650263942391,High School,A,Minor Loss,Police,0,1,CT,Manchester,23,AGENT00956,
16/8/2020 0:00,TXN00001910,A00004746,PLC00008586,1/11/2014,1/8/2020,6/8/2020,Health,193.2,16000,David Mimaki,835 Shiloh Court,,Redding,CA,96003,717-87-9432,Y,51,27,Y,4,L,Rent,MI,96173145,XGLJ59011399261856,Masters,D,Total Loss,None,0,1,AK,Anchorage,10,AGENT00571,VNDR00052
16/8/2020 0:00,TXN00001916,A00007465,PLC00006042,14/1/2016,8/8/2020,11/8/2020,Health,194.94,9000,Dorothy Wiggins,201 East 9th Avenue,#APT 000102,Anchorage,AK,99501,602-25-6938,Y,58,105,Y,4,M,Rent,LI,38681378,FFWE57675361781815,Masters,A,Major Loss,Ambulance,0,0,AK,Anchorage,14,AGENT00057,
16/8/2020 0:00,TXN00001920,A00005059,PLC00000319,25/7/2016,7/8/2020,10/8/2020,Health,138.67,20000,Fred Foret,3323 Summerhill Drive,,Fayetteville,AR,72703,433-14-0073,Y,26,76,Y,2,L,Own,LI,46067104,DRAH53888730595559,Bachelor,A,Minor Loss,None,1,1,OK,Norman,15,AGENT00305,VNDR00303
16/8/2020 0:00,TXN00001923,A00006083,PLC00000940,9/10/2013,30/7/2020,4/8/2020,Health,181.55,18000,Duane Watkins,5 Hibiscus Avenue,,Savannah,GA,31404,029-65-5170,Y,37,36,Y,5,L,Rent,MI,29751767,VLYX34464314456664,College,A,Minor Loss,Police,1,1,MA,Pittsfield,4,AGENT01054,VNDR00358
17/8/2020 0:00,TXN00001929,A00002244,PLC00002104,31/1/2018,15/8/2020,15/8/2020,Health,142.38,19000,Margaret Willier,13360 West 83rd Place,,Arvada,CO,80005,749-92-1662,N,51,44,Y,4,M,Rent,MI,77108650,EVFG49590608304956,Bachelor,A,Minor Loss,Police,1,1,CO,Greeley,17,AGENT00267,
17/8/2020 0:00,TXN00001942,A00000626,PLC00001848,12/2/2018,28/7/2020,2/8/2020,Health,192.88,17000,Fernando Neal,3437 Sommerville Drive,,Montgomery,AL,36111,259-39-2586,Y,41,109,Y,6,M,Mortgage,LI,41687615,ZLSK85768266870741,NA,A,Minor Loss,Police,0,1,AK,Anchorage,22,AGENT00124,
17/8/2020 0:00,TXN00001944,A00003080,PLC00002013,13/3/2019,16/8/2020,16/8/2020,Health,188.06,16000,Marlene Mcgill,2815 Saint Edwards Drive,,Nashville,TN,37211,201-35-3220,Y,62,33,Y,2,L,Own,MI,26474076,AXYO22619413545101,High School,A,Minor Loss,Ambulance,1,1,FL,Panama City Beach,17,AGENT01166,VNDR00119
18/8/2020 0:00,TXN00001949,A00000415,PLC00009825,7/12/2016,10/8/2020,13/8/2020,Health,121.88,14000,Jerry Hogan,126 Sunshine Road,O,Savannah,GA,31405,480-91-9544,Y,49,47,Y,2,L,Mortgage,LI,37302373,DHOM11852720615814,NA,D,Major Loss,Ambulance,1,0,AL,Montgomery,19,AGENT00834,VNDR00025
18/8/2020 0:00,TXN00001962,A00004931,PLC00006720,13/7/2014,4/8/2020,9/8/2020,Health,163.87,15000,James Englert,875 Latouche Street,#APT 001010,Anchorage,AK,99501,032-46-6460,N,33,79,Y,3,L,Rent,HI,45059870,OGHG74446365714793,College,D,Minor Loss,Other,1,1,CO,Pueblo,20,AGENT00893,VNDR00434
19/8/2020 0:00,TXN00001967,A00002545,PLC00009088,7/12/2012,14/8/2020,15/8/2020,Health,184.89,20000,Jonathan Garrett,6500 Park Club Circle,,Louisville,KY,40229,401-42-3082,N,29,54,Y,7,L,Rent,MI,117662098,TXQQ54599792427601,High School,A,Total Loss,None,1,1,MA,Methuen,1,AGENT00306,
19/8/2020 0:00,TXN00001968,A00007684,PLC00000116,25/11/2016,7/8/2020,12/8/2020,Health,133.4,19000,Ramona Brandt,5114 Greentree Drive,,Nashville,TN,37211,638-96-3250,Y,54,29,Y,4,L,Own,LI,95650520,MPOR68391133367428,PhD,A,Minor Loss,Police,1,1,OK,Del City,15,AGENT01168,
19/8/2020 0:00,TXN00001978,A00002281,PLC00008677,14/6/2011,16/8/2020,16/8/2020,Health,119.52,17000,Andrew Crisp,7030 West Krall Street,,Glendale,AZ,85303,323-27-8157,Y,49,57,Y,4,M,Rent,LI,62472100,DJTS69435535846654,Bachelor,D,Major Loss,Ambulance,1,1,MD,Deale,20,AGENT01023,
19/8/2020 0:00,TXN00001981,A00007912,PLC00003100,16/2/2013,10/8/2020,13/8/2020,Health,169.84,1000,Jessica Waldren,310 West Trinity Lane,,Nashville,TN,37207,852-36-5529,Y,45,67,Y,3,M,Rent,LI,74841143,TNMG67022737302959,Bachelor,A,Total Loss,Ambulance,1,1,AK,Anchorage,10,AGENT00322,VNDR00078
19/8/2020 0:00,TXN00001986,A00003570,PLC00004167,23/4/2016,12/8/2020,14/8/2020,Health,190.78,3000,Marcus Leblanc,3505 Albee Drive,,Nashville,TN,37076,545-37-5586,Y,30,48,Y,7,L,Own,MI,92792504,HMGT45383612471871,Masters,A,Major Loss,Police,0,1,VT,Alburgh,9,AGENT00266,VNDR00243
19/8/2020 0:00,TXN00001988,A00009476,PLC00005366,17/11/2014,12/8/2020,14/8/2020,Health,159.44,15000,Jose Mcleod,1456 North Coghill Drive,#106,Fayetteville,AR,72704,096-97-2330,Y,33,84,Y,3,H,Mortgage,LI,50725322,UQNR37625494526579,Masters,A,Minor Loss,Ambulance,1,1,MD,Annapolis,16,AGENT01125,VNDR00545
19/8/2020 0:00,TXN00001990,A00003548,PLC00009628,28/3/2016,12/8/2020,14/8/2020,Health,120.44,6000,Robert Thompson,3111 Gentilly Court,,Montgomery,AL,36116,678-78-9163,Y,47,50,Y,7,M,Rent,MI,67111725,KLYB86542610334524,College,A,Total Loss,None,0,1,FL,Lynn Haven,1,AGENT01078,
19/8/2020 0:00,TXN00001992,A00007282,PLC00006375,8/7/2010,4/8/2020,9/8/2020,Health,164.66,3000,Maria Swedenburg,5747 West Missouri Avenue,#122,Glendale,AZ,85301,507-71-3960,N,39,61,Y,3,M,Mortgage,MI,73479529,ERQQ33919617969941,Bachelor,A,Major Loss,Other,1,0,AR,Farmington,23,AGENT00020,VNDR00301
20/8/2020 0:00,TXN00002001,A00005198,PLC00002372,3/5/2014,19/8/2020,19/8/2020,Health,182.84,20000,Lawrence Williams,14524 Lodestar Drive,,Grass Valley,CA,95949,816-08-1220,Y,42,20,Y,3,L,Mortgage,MI,43617706,KMEQ02426511127393,Bachelor,A,Major Loss,Other,1,1,CO,Littleton,14,AGENT00739,VNDR00229
20/8/2020 0:00,TXN00002010,A00001942,PLC00007124,21/6/2016,5/8/2020,10/8/2020,Health,101.15,15000,Jackie Rowan,5601 West Crocus Drive,,Glendale,AZ,85306,698-56-2822,Y,42,80,Y,2,L,Own,LI,68261195,QULI97977315787059,NA,A,Major Loss,None,1,1,MD,Crofton,18,AGENT00198,VNDR00560
20/8/2020 0:00,TXN00002024,A00009030,PLC00006953,5/10/2019,7/8/2020,12/8/2020,Health,188.44,3000,William Mcclanahan,10 Erick Road,#47,Mansfield,MA,2048,108-41-4186,N,51,69,Y,2,M,Rent,LI,49121490,UVHN21541460761610,Bachelor,A,Major Loss,None,1,0,GA,Savannah,5,AGENT01055,
20/8/2020 0:00,TXN00002028,A00000184,PLC00007215,23/6/2017,1/8/2020,6/8/2020,Health,157.77,9000,Jack Roy,190 Countryside Drive,,Farmington,AR,72730,690-59-6962,N,29,21,Y,3,L,Mortgage,MI,100369340,PMFK35248181727589,High School,A,Minor Loss,Police,0,1,AR,Farmington,21,AGENT01112,
21/8/2020 0:00,TXN00002030,A00009447,PLC00008906,6/8/2017,7/8/2020,12/8/2020,Health,181.08,15000,Edna Drakes,903 Mallard Creek Road,,Saint Matthews,KY,40207,527-86-9184,Y,49,100,Y,5,L,Own,LI,36191983,NOPJ33337518919500,Bachelor,D,Major Loss,Ambulance,1,1,GA,Savannah,4,AGENT00040,VNDR00162
21/8/2020 0:00,TXN00002037,A00003890,PLC00003223,25/10/2017,20/8/2020,20/8/2020,Health,188.8,13000,Howard Johnson,212 Burk Way,,Del City,OK,73115,069-64-1966,N,51,113,N,6,L,Own,MI,27824382,YMUO95389711948971,High School,A,Minor Loss,None,1,0,CO,Arvada,15,AGENT00947,VNDR00297
21/8/2020 0:00,TXN00002038,A00002886,PLC00006900,16/10/2015,18/8/2020,18/8/2020,Health,153.75,18000,Carrie Long,11256 Palos Verdes Court,,Cupertino,CA,95014,513-81-3547,Y,45,116,Y,2,M,Own,HI,115648988,HRXH49488892791339,Bachelor,A,Major Loss,Ambulance,1,0,AZ,Glendale,21,AGENT00730,VNDR00433
21/8/2020 0:00,TXN00002045,A00008096,PLC00001186,11/6/2014,10/8/2020,15/8/2020,Health,117.22,14000,William Montney,1838 North Scull Creek Drive,,Fayetteville,AR,72703,404-74-3187,Y,40,109,Y,2,L,Mortgage,LI,83580466,HIYL65802027087944,Bachelor,D,Total Loss,Ambulance,1,0,AR,Fayetteville,14,AGENT00735,VNDR00318
21/8/2020 0:00,TXN00002048,A00003076,PLC00003030,9/11/2019,6/8/2020,11/8/2020,Health,153.07,2000,Johnathan Medina,826 Webster Street,,Hayward,CA,94544,457-17-0612,Y,29,53,Y,4,M,Mortgage,HI,32147672,DPYA76220252072252,High School,A,Minor Loss,Ambulance,1,0,TN,Nashville,1,AGENT00915,VNDR00478
22/8/2020 0:00,TXN00002053,A00004840,PLC00007653,11/6/2015,16/8/2020,18/8/2020,Health,165.69,16000,Charlotte Hayes,1276 Bending Creek Drive,,Nashville,TN,37013,538-13-1288,N,60,73,Y,3,H,Rent,LI,13525543,HMQR32500571671137,High School,A,Total Loss,Ambulance,0,1,KY,Louisville,7,AGENT00902,VNDR00279
22/8/2020 0:00,TXN00002061,A00003585,PLC00000454,6/2/2018,7/8/2020,12/8/2020,Health,142.93,18000,Marcy Johnson,313 Post Road,,Rutland,VT,5701,210-45-8704,Y,28,44,Y,2,M,Rent,HI,87418194,ETVW07275500368737,High School,A,Major Loss,Police,1,1,KY,Louisville,22,AGENT01166,
22/8/2020 0:00,TXN00002062,A00002154,PLC00002999,11/6/2014,19/8/2020,19/8/2020,Health,126.63,10000,Howard Robinson,125 Summer Street,,Manchester,CT,6040,808-15-1284,N,50,111,Y,3,M,Rent,LI,40324034,YBLU49093490894476,PhD,A,Total Loss,Other,1,0,DC,Washington,16,AGENT01019,VNDR00343
23/8/2020 0:00,TXN00002066,A00003748,PLC00005900,29/5/2016,22/8/2020,22/8/2020,Health,101.17,17000,Nina Mayse,9805 South Youngs Lane,,Oklahoma City,OK,73159,122-38-2225,Y,62,119,Y,5,H,Rent,LI,78269488,TKFR48685775282842,High School,A,Minor Loss,Police,1,1,AL,Montgomery,3,AGENT00961,
23/8/2020 0:00,TXN00002070,A00000600,PLC00000053,21/6/2015,9/8/2020,14/8/2020,Health,162.97,10000,Marie Lank,4712 Cherokee Heights Road,,Panama City,FL,32404,445-22-9443,Y,52,92,Y,2,L,Rent,MI,28505820,HEWS95885088056044,Bachelor,A,Minor Loss,Ambulance,1,0,CA,Hayward,11,AGENT00083,VNDR00465
23/8/2020 0:00,TXN00002073,A00004292,PLC00009183,30/4/2014,11/8/2020,16/8/2020,Health,154.29,19000,Melissa Burns,711 Parker Street,,East Longmeadow,MA,1028,223-47-9778,N,58,84,N,5,L,Rent,MI,96669316,YXSO62340416996413,High School,A,Major Loss,None,1,1,CA,Fremont,1,AGENT00327,
23/8/2020 0:00,TXN00002076,A00001027,PLC00001926,28/7/2017,3/8/2020,8/8/2020,Health,184.97,3000,Kristi Nguyen,313 Monroe Street,,Montgomery,AL,36104,454-21-1909,Y,26,71,Y,7,L,Own,LI,64792406,NMGH96748513520883,Bachelor,A,Minor Loss,Ambulance,0,1,AL,Montgomery,14,AGENT00909,
23/8/2020 0:00,TXN00002083,A00005774,PLC00001619,8/5/2013,8/8/2020,13/8/2020,Health,115.56,11000,Ernest Elletson,856 Milton Street,,Oakland,CA,94607,683-29-9371,Y,34,19,Y,5,M,Mortgage,HI,114649276,WXNL50548779015818,College,A,Minor Loss,Police,0,0,CA,Berkeley,15,AGENT00283,VNDR00067
23/8/2020 0:00,TXN00002084,A00003071,PLC00003486,8/1/2018,21/8/2020,21/8/2020,Health,191.46,15000,Gregory Conner,6754 Field Street,,Arvada,CO,80004,415-42-9641,N,57,28,N,7,L,Own,LI,62298410,BJXH10349080909449,MD,A,Major Loss,Police,0,0,DC,Washington,4,AGENT00612,VNDR00256
24/8/2020 0:00,TXN00002088,A00006338,PLC00005583,22/5/2017,18/8/2020,20/8/2020,Health,194.87,18000,Mina Layman,8852 Broderick Street,,Montgomery,AL,36117,287-68-6303,Y,46,13,Y,6,H,Rent,MI,47518461,MPVB52969050581657,NA,A,Major Loss,None,1,1,DC,Washington,14,AGENT00682,
24/8/2020 0:00,TXN00002099,A00002393,PLC00008372,11/3/2016,13/8/2020,18/8/2020,Health,199.45,1000,Katherine Dunn,4423 Lilac Avenue,,Savannah,GA,31404,153-86-7670,Y,27,93,Y,7,H,Own,HI,97877385,QBEV00227206560302,Bachelor,A,Minor Loss,None,0,1,KY,Louisville,4,AGENT00496,
24/8/2020 0:00,TXN00002105,A00002817,PLC00000847,12/10/2018,21/8/2020,21/8/2020,Health,111.17,18000,Alma Charles,10301 La Plaza Drive,,Louisville,KY,40272,710-79-1045,Y,33,55,Y,7,H,Rent,HI,99353085,UMSG06378998628429,Bachelor,A,Total Loss,Ambulance,1,0,MD,Glen Burnie,18,AGENT00258,
24/8/2020 0:00,TXN00002109,A00001478,PLC00004514,17/4/2017,15/8/2020,18/8/2020,Health,176.95,11000,Carl Dowling,702 Plantation Circle,,Panama City,FL,32404,203-43-1866,Y,61,89,Y,4,M,Rent,LI,25127816,MOID66353911842477,MD,A,Minor Loss,None,0,0,AR,Fayetteville,0,AGENT00789,VNDR00060
24/8/2020 0:00,TXN00002112,A00005771,PLC00007423,21/7/2011,17/8/2020,19/8/2020,Health,161.18,4000,Jennifer Shupe,3617 Oak Grove Circle,,Montgomery,AL,36116,598-37-2851,Y,53,63,Y,6,M,Rent,MI,44213086,BILO56230589438656,High School,A,Minor Loss,Police,0,1,CA,Berkeley,15,AGENT00634,VNDR00429
24/8/2020 0:00,TXN00002116,A00004950,PLC00006565,19/2/2016,14/8/2020,17/8/2020,Health,198.37,9000,Louis Cooper,3146 North Old Wire Road,,Fayetteville,AR,72703,681-81-0634,N,25,26,Y,4,L,Mortgage,HI,121889692,ZRDZ49213690700261,Masters,A,Minor Loss,Ambulance,1,1,AR,Fayetteville,22,AGENT00088,VNDR00164
25/8/2020 0:00,TXN00002119,A00005111,PLC00000555,13/6/2011,18/8/2020,20/8/2020,Health,114.23,19000,Ida Luna,424 Callan Avenue,#216,San Leandro,CA,94577,214-71-8437,N,33,19,Y,2,H,Rent,HI,34921812,ZWMM92197248602768,PhD,A,Total Loss,Ambulance,1,0,AR,Fayetteville,15,AGENT00354,
25/8/2020 0:00,TXN00002126,A00004922,PLC00004049,11/11/2010,9/8/2020,14/8/2020,Health,185.57,20000,Rod Bolden,714 Venetian Way,,Panama City,FL,32405,307-64-5514,Y,37,15,Y,5,M,Mortgage,MI,119241336,WVID22436138726440,High School,A,Total Loss,Ambulance,1,1,AZ,Glendale,20,AGENT00655,VNDR00276
25/8/2020 0:00,TXN00002134,A00001852,PLC00008330,12/8/2013,14/8/2020,19/8/2020,Health,108.81,6000,Sean Fisher,555 North Dupont Avenue,#C-55,Nashville,TN,37115,639-10-9906,Y,39,66,Y,5,L,Rent,MI,63005783,RQCY62001727331604,Masters,D,Minor Loss,None,1,0,AL,Montgomery,3,AGENT00631,
26/8/2020 0:00,TXN00002137,A00001198,PLC00007225,25/1/2018,7/8/2020,12/8/2020,Health,121.86,11000,Samantha Neonakis,22709 Canyon Terrace Drive,#2,Castro Valley,CA,94552,049-30-0585,Y,30,103,Y,7,L,Own,HI,28992718,FDFO47679991005825,Bachelor,A,Total Loss,Other,1,1,FL,Mexico Beach,11,AGENT00327,
26/8/2020 0:00,TXN00002147,A00009582,PLC00005641,31/1/2011,22/8/2020,23/8/2020,Health,111.28,9000,Elaine Barrett,8821 West Myrtle Avenue,,Glendale,AZ,85305,511-67-4794,N,35,94,Y,3,L,Own,HI,35658757,TZMR77703628630319,High School,A,Minor Loss,Police,1,1,MA,Athol,14,AGENT00034,
26/8/2020 0:00,TXN00002156,A00004917,PLC00007560,12/5/2017,21/8/2020,22/8/2020,Health,189.17,18000,Clay Bracken,38252 Farwell Drive,,Fremont,CA,94536,129-96-6227,N,62,83,Y,5,M,Own,LI,58229406,SNIW31721333840818,Bachelor,A,Major Loss,None,0,1,AK,Anchorage,18,AGENT00880,VNDR00273
26/8/2020 0:00,TXN00002160,A00009863,PLC00005308,13/12/2013,10/8/2020,15/8/2020,Health,159.96,8000,Mary Bowlin,14213 Doc Hawley Street,,Louisville,KY,40245,070-16-8508,N,52,116,Y,2,L,Rent,MI,128145193,OHHX69031741955677,Bachelor,A,Total Loss,Ambulance,1,0,TN,Nashville,23,AGENT00891,VNDR00293
26/8/2020 0:00,TXN00002162,A00005459,PLC00001636,9/1/2018,16/8/2020,19/8/2020,Health,112.39,3000,Dale Richey,1046 Dudley Avenue,,Louisville,KY,40204,812-23-3469,Y,29,113,Y,7,M,Rent,MI,96756287,HPCH37027063718565,Bachelor,A,Total Loss,None,0,1,TN,Nashville,15,AGENT00508,
27/8/2020 0:00,TXN00002167,A00005662,PLC00007316,28/12/2015,8/8/2020,13/8/2020,Health,184.38,20000,Laura Imperial,910 Arlington Terrace,,Fayetteville,AR,72701,569-80-7757,Y,37,51,Y,5,M,Mortgage,LI,55492346,UFXI90388813433345,Masters,A,Major Loss,Ambulance,1,1,CA,Union City,5,AGENT00358,VNDR00568
27/8/2020 0:00,TXN00002174,A00001267,PLC00004169,22/5/2014,17/8/2020,20/8/2020,Health,175.9,16000,Margaret Staples,8935 Cole Drive,,Arvada,CO,80004,661-50-2535,Y,38,59,Y,6,L,Mortgage,MI,103519896,VWZX08477702440226,High School,A,Minor Loss,Ambulance,1,1,KY,Louisville,22,AGENT00251,
27/8/2020 0:00,TXN00002176,A00008776,PLC00005072,10/6/2016,25/8/2020,25/8/2020,Health,150.88,7000,Melanie Richardson,5722 8th Street Northwest,,Washington,DC,20011,654-35-7061,Y,43,60,N,3,L,Mortgage,HI,46140762,XHWW66968922161867,Bachelor,A,Total Loss,Other,1,0,OK,Oklahoma City,17,AGENT00922,
27/8/2020 0:00,TXN00002180,A00000467,PLC00001403,18/5/2014,21/8/2020,23/8/2020,Health,113.03,14000,Carol Rowell,9009 West Nicolet Avenue,,Glendale,AZ,85305,893-10-0352,Y,64,101,Y,6,H,Own,HI,95127956,IHPY92125192378446,MD,A,Total Loss,Other,1,0,AL,Montgomery,12,AGENT00962,
28/8/2020 0:00,TXN00002188,A00007997,PLC00008472,9/5/2016,25/8/2020,25/8/2020,Health,132.69,8000,Jeffery Johnson,26 Greenbriar Drive,,Savannah,GA,31419,356-24-2069,N,62,113,Y,2,M,Own,MI,41304875,YYPA62650141074577,Bachelor,A,Minor Loss,None,1,1,AZ,Glendale,23,AGENT00004,
28/8/2020 0:00,TXN00002191,A00008949,PLC00004196,26/10/2016,17/8/2020,22/8/2020,Health,147.02,16000,Timothy Parks,124 Crane Street,,Panama City,FL,32413,402-47-5369,N,55,44,Y,3,M,Rent,LI,83472503,EWXJ46845298383081,Bachelor,A,Major Loss,Other,1,0,VT,Essex,23,AGENT00886,
28/8/2020 0:00,TXN00002192,A00008483,PLC00005644,29/6/2010,11/8/2020,16/8/2020,Health,183.45,13000,Carol Bronk,4516 Old Seward Highway,,Anchorage,AK,99503,207-31-9506,Y,45,73,Y,6,M,Mortgage,LI,50915608,ICBB52251398865502,NA,A,Major Loss,Ambulance,1,1,MA,Quincy,17,AGENT00915,VNDR00327
28/8/2020 0:00,TXN00002196,A00009282,PLC00000654,13/7/2014,21/8/2020,23/8/2020,Health,116.95,2000,Larry Reyes,6412 Lenawee Street,,Panama City,FL,32404,836-32-4214,N,36,68,Y,6,M,Mortgage,HI,44062172,KCLW54421680180559,Bachelor,A,Total Loss,Ambulance,0,1,TN,Goodlettsville,6,AGENT00161,VNDR00410
28/8/2020 0:00,TXN00002197,A00003754,PLC00005685,2/4/2017,13/8/2020,18/8/2020,Health,191.42,4000,Suzan Rector,9110 North 63rd Drive,,Glendale,AZ,85302,140-37-7358,Y,55,28,Y,5,M,Rent,MI,71625595,LTRX97085259481957,Masters,A,Total Loss,Ambulance,0,1,DC,Washington,16,AGENT01157,VNDR00488
29/8/2020 0:00,TXN00002198,A00004800,PLC00000514,20/3/2015,19/8/2020,22/8/2020,Health,192.21,19000,Gloria Samons,5900 Upland Road,,Brooklyn Park,MD,21225,734-22-4443,Y,64,10,Y,3,L,Mortgage,HI,95662424,SACA87579505890758,Bachelor,A,Total Loss,None,1,1,FL,Merritt Island,11,AGENT00516,
29/8/2020 0:00,TXN00002205,A00005556,PLC00000677,14/5/2012,17/8/2020,22/8/2020,Health,189.16,19000,Erica Rasmussen,4960 Paddock Club Drive,,Montgomery,AL,36116,291-67-1470,Y,33,12,Y,6,M,Rent,HI,119834057,QQVB68070806467100,High School,A,Minor Loss,Police,1,0,GA,Savannah,23,AGENT00023,
29/8/2020 0:00,TXN00002209,A00006131,PLC00007168,10/12/2016,13/8/2020,18/8/2020,Health,171.83,11000,Elizabeth Morgan,8704 Bayberry Place,,Plantation,KY,40242,349-93-1835,Y,37,13,Y,2,M,Rent,HI,65674895,DNGA24654654523894,NA,A,Major Loss,Police,1,0,VT,Wheelock,3,AGENT00479,
30/8/2020 0:00,TXN00002216,A00007821,PLC00000247,24/9/2013,29/8/2020,29/8/2020,Health,140.89,3000,Dylan Sarracino,474 Merritt Avenue,,Oakland,CA,94610,647-10-6757,Y,32,89,Y,4,M,Own,LI,19461384,OGGS99469362119524,College,A,Total Loss,Police,0,1,VT,Barnard,16,AGENT00399,
30/8/2020 0:00,TXN00002220,A00004464,PLC00003796,20/12/2019,29/8/2020,29/8/2020,Health,148.9,16000,Octavio Woods,653 Stratton Arlington Road,,Stratton,VT,5360,243-14-9748,Y,52,87,Y,5,L,Rent,LI,97284729,DXRO96114248493757,College,A,Minor Loss,Ambulance,1,1,DC,Washington,9,AGENT00303,VNDR00276
30/8/2020 0:00,TXN00002238,A00002655,PLC00006011,15/11/2010,28/8/2020,28/8/2020,Health,159.02,14000,James Wilcox,780 South Wilmington Avenue,#107,Fayetteville,AR,72701,223-41-9426,Y,61,42,Y,3,M,Own,LI,14773404,DFVR91773805369816,College,A,Minor Loss,Ambulance,1,0,MA,Greenfield,19,AGENT00681,
31/8/2020 0:00,TXN00002247,A00009245,PLC00005519,1/6/2012,15/8/2020,20/8/2020,Health,106.51,8000,Ralph Warren,7453 West Melinda Lane,,Glendale,AZ,85308,454-14-6328,Y,29,13,Y,7,M,Rent,MI,19261584,GRFX27839333608149,Bachelor,A,Total Loss,Other,0,0,CT,Manchester,13,AGENT00735,VNDR00314
31/8/2020 0:00,TXN00002249,A00004027,PLC00007000,10/5/2016,20/8/2020,25/8/2020,Health,151.5,8000,Anne Forsythe,5813 Hammermill Loop,,Montgomery,AL,36116,872-27-1395,N,46,93,Y,3,L,Own,MI,115833764,OKTV72514600410284,Bachelor,A,Major Loss,Other,1,1,FL,Palm Bay,4,AGENT01103,VNDR00077
31/8/2020 0:00,TXN00002250,A00001847,PLC00002601,5/2/2015,14/8/2020,19/8/2020,Health,121.98,1000,Danny White,355 Gillette Road,,Nashville,TN,37211,823-25-7111,Y,60,7,Y,2,M,Mortgage,HI,15400378,REMG76372347068774,Masters,A,Major Loss,Ambulance,1,1,VT,Stratton,20,AGENT01141,VNDR00282
31/8/2020 0:00,TXN00002255,A00001383,PLC00007985,3/1/2018,12/8/2020,17/8/2020,Health,157.79,15000,Harry Alexander,3526 Sutton Loop,,Fremont,CA,94536,058-87-1781,Y,59,114,Y,2,L,Own,LI,109027463,JYME53142018294483,MD,A,Major Loss,Ambulance,1,1,AZ,Glendale,0,AGENT01060,
1/9/2020 0:00,TXN00002264,A00005951,PLC00004199,17/8/2016,23/8/2020,26/8/2020,Health,115.5,5000,Jonathan Kaufman,16 Cabot Street,#2,Everett,MA,2149,351-02-7090,Y,59,95,Y,7,M,Own,MI,19511344,ZDTJ23851327931790,Bachelor,A,Minor Loss,Police,1,1,FL,Panama City,0,AGENT00414,
1/9/2020 0:00,TXN00002267,A00008082,PLC00000955,13/10/2011,15/8/2020,20/8/2020,Health,169.87,5000,Alan Hernandez,144 Lauderdale Street,,Montgomery,AL,36116,469-05-1902,Y,56,29,Y,2,M,Own,LI,36832048,ZVRK02945300697211,Bachelor,A,Minor Loss,Other,1,1,CO,Arvada,8,AGENT00123,VNDR00006
2/9/2020 0:00,TXN00002279,A00006393,PLC00002897,11/8/2014,19/8/2020,24/8/2020,Health,157.26,14000,John Ellis,534 Turpin Street,#APT 000001,Anchorage,AK,99504,074-83-4315,Y,45,78,Y,4,L,Rent,MI,72583348,VCDO19258042586875,Bachelor,A,Major Loss,Police,0,1,CA,San Leandro,6,AGENT01086,VNDR00385
2/9/2020 0:00,TXN00002280,A00000275,PLC00009608,5/6/2013,17/8/2020,22/8/2020,Health,174.04,11000,Joan Alford,13415 Panama City Beach Parkway,,Panama City Beach,FL,32407,362-20-3528,N,28,32,Y,2,L,Own,LI,38324318,OBBY99796207341272,NA,A,Total Loss,None,1,1,CA,West Sacramento,1,AGENT00241,VNDR00535
2/9/2020 0:00,TXN00002294,A00007509,PLC00009330,14/11/2019,22/8/2020,27/8/2020,Health,190.47,8000,Brian Oberpriller,57 Pierpoint Avenue,,Rutland,VT,5701,491-95-6038,Y,52,70,Y,3,H,Rent,MI,120811771,KBFK94059605379355,PhD,A,Major Loss,Ambulance,0,1,AR,Fayetteville,16,AGENT00502,
2/9/2020 0:00,TXN00002299,A00006521,PLC00004855,4/11/2010,20/8/2020,25/8/2020,Health,121.44,20000,Mona Avery,1139 Addison Street,#R 1,Berkeley,CA,94702,232-56-9086,N,44,108,Y,2,M,Rent,LI,23078462,NWXX78908560696267,MD,A,Major Loss,Police,1,0,CT,Manchester,13,AGENT00411,
2/9/2020 0:00,TXN00002300,A00001150,PLC00002537,1/6/2018,21/8/2020,26/8/2020,Health,124.56,13000,Richard Brown,105 French Run Road,,Savannah,GA,31404,834-67-4672,Y,45,113,Y,5,L,Mortgage,MI,124471913,KRZQ93069185109846,College,A,Minor Loss,Ambulance,1,1,VT,Burlington,1,AGENT01044,VNDR00482
3/9/2020 0:00,TXN00002302,A00008728,PLC00007761,12/2/2019,19/8/2020,24/8/2020,Health,198.05,13000,Frank Fields,143 Canton Court,,Goodlettsville,TN,37072,466-58-6832,N,58,39,Y,7,H,Own,LI,71714765,QXWS94362258122798,Bachelor,A,Minor Loss,None,1,0,CA,Vallejo,8,AGENT00782,
3/9/2020 0:00,TXN00002303,A00004398,PLC00000321,23/11/2011,14/8/2020,19/8/2020,Health,122.83,11000,Flora Chamberlain,1516 Buchanan Street Northwest,,Washington,DC,20011,259-89-3022,N,29,94,Y,2,L,Rent,LI,86297620,XLHH82869151646707,Bachelor,A,Major Loss,Police,1,0,MA,Chelsea,7,AGENT00091,
3/9/2020 0:00,TXN00002326,A00008905,PLC00009107,2/1/2020,14/8/2020,19/8/2020,Health,189.77,9000,Clora Anderson,1110 Okie Street Northeast,,Washington,DC,20002,549-16-9534,Y,62,33,Y,6,L,Mortgage,LI,22912341,WKWF45479539642705,High School,A,Minor Loss,Ambulance,1,1,AL,Montgomery,21,AGENT00768,
3/9/2020 0:00,TXN00002331,A00009959,PLC00003161,27/12/2014,17/8/2020,22/8/2020,Health,124.4,13000,Chester George,5805 Armada Drive,,Carlsbad,CA,92008,405-13-3541,Y,35,87,Y,4,M,Mortgage,LI,40400343,XXXS34118415479161,College,A,Total Loss,None,1,1,CT,Manchester,12,AGENT00496,VNDR00579
4/9/2020 0:00,TXN00002348,A00002525,PLC00003143,17/12/2014,20/8/2020,25/8/2020,Health,175.17,11000,Gerardo Parker,227 Danyacrest Drive,,Nashville,TN,37214,502-68-6360,Y,37,30,N,6,M,Rent,MI,109321143,FIAD85342119779132,PhD,A,Total Loss,Ambulance,1,0,GA,Pooler,23,AGENT00589,
4/9/2020 0:00,TXN00002350,A00002870,PLC00004744,14/2/2012,31/8/2020,1/9/2020,Health,111.21,6000,Michael Yokley,3034 Mica Street,,Fayetteville,AR,72704,565-27-4440,Y,44,101,Y,5,L,Mortgage,LI,85763993,JTBP19007609836632,College,A,Minor Loss,Ambulance,0,1,DC,Washington,12,AGENT00431,
4/9/2020 0:00,TXN00002355,A00009460,PLC00006735,25/8/2014,31/8/2020,1/9/2020,Health,168.88,15000,Melanie Cardona,2230 Armstrong Drive,,Savannah,GA,31404,144-44-0416,Y,41,110,Y,3,L,Mortgage,HI,129690074,LULY74628828810731,High School,A,Total Loss,Other,1,0,DC,Washington,3,AGENT00381,
4/9/2020 0:00,TXN00002360,A00007229,PLC00000809,28/3/2016,1/9/2020,1/9/2020,Health,130.24,2000,Robert Golden,463 East Rutgers Loop,,Montgomery,AL,36109,104-03-2048,Y,49,30,Y,2,L,Mortgage,LI,112534626,FVMF01198761983108,College,A,Major Loss,Ambulance,1,1,GA,Pooler,22,AGENT00879,
4/9/2020 0:00,TXN00002365,A00002583,PLC00009071,6/7/2012,24/8/2020,29/8/2020,Health,109.52,4000,Ryan Beecher,6716 South Mariposa Lane,,Dublin,CA,94568,543-72-1799,N,43,113,Y,2,L,Rent,HI,118176499,QOPE14914681540504,NA,A,Minor Loss,None,0,0,CO,Arvada,5,AGENT00944,VNDR00492
4/9/2020 0:00,TXN00002367,A00007329,PLC00004106,5/11/2013,29/8/2020,31/8/2020,Health,187.91,6000,Eliza Hall,3823 Shannon Run Trail,,Louisville,KY,40299,340-79-3145,Y,59,68,Y,2,L,Mortgage,MI,31554486,GPXK30082821867641,Bachelor,A,Minor Loss,Ambulance,0,1,DC,Washington,10,AGENT01054,
5/9/2020 0:00,TXN00002372,A00002849,PLC00008868,22/1/2012,22/8/2020,27/8/2020,Health,194.43,12000,Myra Nunnally,17361 Baronoff Avenue,,Anchorage,AK,99577,585-98-4310,Y,28,116,Y,7,L,Own,MI,105071196,RBMF95225744324097,NA,A,Minor Loss,Ambulance,0,1,CO,Arvada,5,AGENT00547,
5/9/2020 0:00,TXN00002374,A00001615,PLC00001958,4/6/2015,19/8/2020,24/8/2020,Health,118.02,12000,Joseph Chinn,618 Amberjack Drive,,Panama City,FL,32408,162-02-1533,Y,57,62,Y,7,L,Own,MI,40722445,ETIS61043663292781,Bachelor,A,Minor Loss,Police,1,0,OK,Oklahoma City,8,AGENT00052,VNDR00086
5/9/2020 0:00,TXN00002378,A00000287,PLC00006993,2/8/2016,16/8/2020,21/8/2020,Health,190.24,15000,Rosalva Janson,8507 Lorento Street,,Panama City Beach,FL,32408,360-26-6397,Y,27,72,N,2,H,Own,HI,80926298,VDTT57070422327564,Bachelor,A,Major Loss,Police,1,1,AZ,Glendale,15,AGENT00302,
5/9/2020 0:00,TXN00002380,A00008065,PLC00008983,3/10/2017,4/9/2020,4/9/2020,Health,117.83,19000,Gregory Kelly,713 Ringgold Drive,,Nashville,TN,37207,646-62-0821,N,26,18,Y,2,M,Own,LI,110528809,NNFF05024867681435,Bachelor,A,Major Loss,Police,0,0,CT,Manchester,9,AGENT01096,VNDR00210
5/9/2020 0:00,TXN00002385,A00006224,PLC00004104,20/10/2010,22/8/2020,27/8/2020,Health,118.53,14000,Theresa Jenkins,922 Judge Court East,,West River,MD,20778,322-18-5964,N,52,110,N,4,L,Own,LI,61268386,ABJI92971958860005,Bachelor,A,Minor Loss,Police,1,1,VT,Windsor,22,AGENT00992,VNDR00071
6/9/2020 0:00,TXN00002392,A00003644,PLC00005142,14/1/2017,21/8/2020,26/8/2020,Health,196.11,10000,Melody Pruzansky,5529 East Saddleridge Drive,,Fayetteville,AR,72703,519-01-1017,Y,62,78,Y,5,M,Own,MI,45879034,MIGQ73788866471833,Bachelor,A,Major Loss,None,1,1,FL,Mexico Beach,12,AGENT01004,VNDR00529
6/9/2020 0:00,TXN00002393,A00005872,PLC00008113,10/4/2013,31/8/2020,2/9/2020,Health,137.55,20000,Emil Ryan,3820 North Peniel Avenue,,Bethany,OK,73008,035-26-3531,Y,44,87,Y,5,M,Mortgage,LI,19606903,ECGZ58790604579207,Bachelor,A,Minor Loss,Police,0,1,AL,Montgomery,4,AGENT00129,VNDR00539
7/9/2020 0:00,TXN00002418,A00006841,PLC00008156,27/10/2012,5/9/2020,5/9/2020,Health,175.56,2000,Amy Blakeman,1840 Nobel Place,,Louisville,KY,40216,491-99-5195,Y,38,43,Y,3,M,Rent,MI,48879277,AWFR20624279743675,Bachelor,A,Total Loss,Ambulance,0,1,OK,Moore,17,AGENT00017,VNDR00394
8/9/2020 0:00,TXN00002437,A00004467,PLC00004778,16/2/2019,21/8/2020,26/8/2020,Health,196.29,6000,Richard Sieracki,162 South Main Street,,Stowe,VT,5672,419-11-5321,Y,46,44,Y,3,L,Rent,MI,42213761,STXH60140871975088,High School,A,Total Loss,Police,0,1,AL,Montgomery,19,AGENT00856,
8/9/2020 0:00,TXN00002445,A00002572,PLC00005288,16/11/2012,22/8/2020,27/8/2020,Health,179.68,9000,John Gasiewski,43 Westminster Street,,Pittsfield,MA,1201,443-22-3391,Y,43,61,Y,5,M,Own,HI,35147103,MPAJ75586529069683,High School,A,Total Loss,Police,1,0,OK,Oklahoma City,23,AGENT00593,VNDR00420
8/9/2020 0:00,TXN00002448,A00007492,PLC00006818,2/3/2018,24/8/2020,29/8/2020,Health,164.51,19000,Sherry Goodson,115 Falkirk Street,,Savannah,GA,31407,544-13-5396,N,61,22,Y,4,H,Rent,HI,25676244,KOSV61610890936559,Masters,A,Minor Loss,Ambulance,0,0,CO,Telluride,22,AGENT00065,VNDR00535
8/9/2020 0:00,TXN00002453,A00007803,PLC00004109,29/8/2017,7/9/2020,7/9/2020,Health,108.84,13000,Patrick Smith,1605 Remington Road,,Edmond,OK,73034,651-44-6909,N,52,7,Y,7,L,Own,MI,96445093,RSLF27208537068900,Bachelor,A,Total Loss,Ambulance,0,0,TN,Nashville,13,AGENT00803,
8/9/2020 0:00,TXN00002456,A00007466,PLC00005946,7/10/2019,5/9/2020,5/9/2020,Health,190.71,11000,Shirley White,584 Rural Hill Road,,Nashville,TN,37217,486-76-2565,Y,45,86,N,4,M,Mortgage,LI,17227012,CLQP52001102964982,Bachelor,A,Major Loss,None,0,1,CT,Manchester,16,AGENT01099,
9/9/2020 0:00,TXN00002464,A00004254,PLC00009901,15/9/2016,29/8/2020,3/9/2020,Health,112.92,7000,Margaret Corley,6988 West Blackhawk Drive,,Glendale,AZ,85308,266-16-1440,Y,31,41,Y,2,H,Mortgage,MI,34637931,KYDX81957443490534,PhD,A,Major Loss,Ambulance,1,1,AZ,Glendale,9,AGENT00077,VNDR00176
9/9/2020 0:00,TXN00002465,A00007565,PLC00005179,3/6/2013,28/8/2020,2/9/2020,Health,108.15,15000,Art Eden,21402 Caribbean Lane,,Panama City Beach,FL,32413,126-25-6158,Y,31,18,Y,3,L,Mortgage,HI,79044835,ZZXL46574764461235,MD,A,Major Loss,None,1,1,CA,Oakland,9,AGENT00907,VNDR00383
9/9/2020 0:00,TXN00002471,A00005301,PLC00003411,31/12/2013,2/9/2020,4/9/2020,Health,186.35,2000,Shawnna Cortez,5614 Kipling Parkway,#404,Arvada,CO,80002,669-36-4392,Y,47,118,Y,5,M,Rent,MI,116141044,YNWF92790096249877,College,A,Total Loss,None,1,0,KY,Louisville,22,AGENT00884,
9/9/2020 0:00,TXN00002472,A00000890,PLC00004879,21/10/2013,3/9/2020,5/9/2020,Health,123.52,19000,Eileen Keys,2147 Millhaven Drive,,Edgewater,MD,21037,857-62-5251,Y,51,31,Y,2,H,Rent,MI,71304845,JGPX78438906493189,Bachelor,A,Major Loss,Ambulance,1,1,GA,Savannah,23,AGENT01168,VNDR00597
9/9/2020 0:00,TXN00002477,A00002664,PLC00007053,29/4/2015,7/9/2020,7/9/2020,Health,160.88,9000,Mary Staley,22 South Duncan Avenue,#420,Fayetteville,AR,72701,446-11-9010,Y,48,43,Y,4,L,Rent,MI,62731249,RDTA49990933777476,High School,A,Minor Loss,None,1,1,MA,Barnstable,4,AGENT00962,VNDR00076
9/9/2020 0:00,TXN00002479,A00004900,PLC00001567,23/12/2013,20/8/2020,25/8/2020,Health,138.8,16000,Bonnie Mangina,2755 Country Drive,#244,Fremont,CA,94536,627-80-4337,N,60,62,Y,4,L,Rent,HI,74393167,TYMJ04285597102139,College,A,Total Loss,Ambulance,0,1,DC,Washington,1,AGENT00908,VNDR00311
10/9/2020 0:00,TXN00002494,A00004554,PLC00002275,10/5/2016,29/8/2020,3/9/2020,Health,117.06,20000,Joseph Mesta,65 Clark Street,#2,Newton,MA,2459,772-79-2315,Y,44,86,Y,5,H,Own,LI,53320148,VDNH68688389809094,Bachelor,A,Major Loss,Ambulance,1,1,AR,Fayetteville,14,AGENT00021,VNDR00519
10/9/2020 0:00,TXN00002503,A00005496,PLC00004909,17/5/2012,29/8/2020,3/9/2020,Health,186.05,20000,Ralph Oakden,619 West 19th Avenue,,Anchorage,AK,99503,708-13-7591,Y,27,15,N,7,L,Rent,MI,65216415,UJHT62184458242471,High School,A,Total Loss,Police,1,1,CT,Manchester,18,AGENT00460,VNDR00600
10/9/2020 0:00,TXN00002509,A00003937,PLC00008332,16/7/2010,26/8/2020,31/8/2020,Health,182.21,16000,Evelyn Mattera,401 East Northern Lights Boulevard,#STE 000203,Anchorage,AK,99503,622-86-2936,Y,47,105,Y,2,H,Rent,LI,124729500,QMNC85526620696728,Masters,A,Total Loss,Ambulance,1,1,AL,Montgomery,19,AGENT01054,
11/9/2020 0:00,TXN00002525,A00009434,PLC00003177,20/5/2016,9/9/2020,9/9/2020,Health,132.28,20000,Vincent Santos,4331 Foeburn Lane,,Louisville,KY,40207,318-01-4729,Y,61,6,Y,6,H,Mortgage,MI,109550419,BHQM69448305790445,Masters,A,Total Loss,Police,0,1,DC,Washington,8,AGENT00794,
11/9/2020 0:00,TXN00002527,A00008378,PLC00005666,15/2/2013,7/9/2020,8/9/2020,Health,111.35,5000,Danny Murphy,739 Center Street,,Manchester,CT,6040,676-20-4239,Y,29,90,Y,2,M,Own,MI,99789659,BZID97349529125006,Masters,A,Total Loss,Police,1,1,AZ,Glendale,3,AGENT00602,
11/9/2020 0:00,TXN00002537,A00002547,PLC00003318,2/4/2016,8/9/2020,8/9/2020,Health,124.95,13000,Elizabeth Trombly,6739 Taft Court,,Arvada,CO,80004,886-55-5297,N,49,51,N,2,L,Mortgage,HI,91269009,BIPA29804252585969,Bachelor,A,Minor Loss,None,0,0,CT,Manchester,21,AGENT00626,VNDR00556
11/9/2020 0:00,TXN00002540,A00000681,PLC00009653,20/9/2019,25/8/2020,30/8/2020,Health,144.89,19000,Elaine Madigan,217 West Congress Street,,Savannah,GA,31401,175-10-7877,N,55,20,Y,5,M,Rent,MI,114897219,HVJT58657040267915,High School,A,Minor Loss,Ambulance,0,0,FL,Panama City,10,AGENT00937,VNDR00137
12/9/2020 0:00,TXN00002551,A00009523,PLC00006180,24/12/2015,1/9/2020,6/9/2020,Health,172.41,13000,Benjamin Wagner,517 Retford Drive,,Severna Park,MD,21146,407-97-0013,Y,39,106,Y,6,H,Own,HI,109971496,BHHA98897190254718,High School,A,Major Loss,Ambulance,1,1,DC,Washington,22,AGENT00105,
12/9/2020 0:00,TXN00002560,A00003998,PLC00003454,25/11/2012,9/9/2020,9/9/2020,Health,184.93,9000,Gordon Casale,1414 West 7th Avenue,#APT 000002,Anchorage,AK,99501,665-38-4261,Y,61,115,N,3,L,Rent,MI,77545255,TMWV04076840631910,Bachelor,A,Minor Loss,Ambulance,0,1,DC,Washington,8,AGENT00534,VNDR00451
12/9/2020 0:00,TXN00002563,A00005273,PLC00003302,13/1/2011,23/8/2020,28/8/2020,Health,131.75,17000,Louis Scheer,2317 Fernwood Drive,,Nashville,TN,37216,147-30-6595,Y,64,105,Y,5,M,Rent,MI,125016047,KCBP39812150067046,High School,A,Total Loss,Police,1,1,KY,Louisville,19,AGENT01121,VNDR00431
12/9/2020 0:00,TXN00002566,A00004792,PLC00004178,2/3/2014,11/9/2020,11/9/2020,Health,117.32,7000,Alex Johnson,8347 Ames Way,,Arvada,CO,80003,808-24-4844,N,57,25,Y,5,M,Rent,MI,77686208,FPAA53512038199187,High School,D,Total Loss,Ambulance,1,1,AZ,Glendale,11,AGENT00421,VNDR00305
13/9/2020 0:00,TXN00002573,A00001809,PLC00006182,2/9/2012,5/9/2020,8/9/2020,Health,102.1,19000,Manuel Stewart,2522 Fountain Avenue,,South Lake Tahoe,CA,96150,052-57-7748,Y,63,50,Y,3,H,Own,HI,59781464,BRTL68914033587198,Bachelor,A,Total Loss,Other,1,1,AK,Anchorage,22,AGENT01045,
13/9/2020 0:00,TXN00002578,A00006620,PLC00003631,22/4/2014,28/8/2020,2/9/2020,Health,152.12,8000,Issac Bonn,854 Cherry Trail,,Crownsville,MD,21032,597-23-9524,Y,50,42,Y,7,H,Mortgage,MI,68926278,GCPB94657093803523,PhD,A,Minor Loss,None,0,0,AR,Fayetteville,3,AGENT00382,
13/9/2020 0:00,TXN00002588,A00007013,PLC00000114,24/8/2010,6/9/2020,8/9/2020,Health,109.52,16000,Willie Laster,10700 South Pennsylvania Avenue,,Oklahoma City,OK,73170,878-03-2994,Y,35,24,Y,6,M,Mortgage,MI,19595124,UIHU66889977352267,High School,A,Major Loss,Other,0,0,MD,Glen Burnie,13,AGENT01052,VNDR00402
13/9/2020 0:00,TXN00002590,A00005917,PLC00002567,8/9/2010,24/8/2020,29/8/2020,Health,197.92,10000,Mary Jenkins,89 High Ledge Circle,,Manchester,CT,6040,541-26-8471,Y,34,47,Y,5,H,Rent,HI,108265912,EOEP98703439310399,Bachelor,A,Total Loss,Police,0,0,AR,Fayetteville,13,AGENT01131,VNDR00074
13/9/2020 0:00,TXN00002593,A00009818,PLC00005846,26/9/2015,24/8/2020,29/8/2020,Health,168.01,1000,Kimberly Lewis,268 Glengary Garth,,Glen Burnie,MD,21061,210-63-4732,Y,28,39,Y,4,M,Rent,MI,106324716,GDWJ32719691149955,Bachelor,A,Major Loss,None,0,0,CT,Manchester,1,AGENT00941,
14/9/2020 0:00,TXN00002615,A00004795,PLC00001244,2/8/2015,7/9/2020,9/9/2020,Health,113.42,14000,Randy Hoke,1139 Addison Street,#R 1,Berkeley,CA,94702,131-44-7833,N,27,45,Y,2,M,Own,LI,34407860,HPDC75401166052278,High School,A,Total Loss,Ambulance,1,0,FL,Panama City,18,AGENT00207,VNDR00509
14/9/2020 0:00,TXN00002626,A00008665,PLC00005784,1/8/2015,10/9/2020,11/9/2020,Health,114.96,10000,Sarah Chadwick,6821 Northwest 25th Street,,Bethany,OK,73008,853-64-2607,Y,45,76,Y,3,M,Own,LI,10117802,NGHX48555037745485,High School,A,Minor Loss,Ambulance,0,1,DC,Washington,15,AGENT00361,VNDR00289
14/9/2020 0:00,TXN00002629,A00002980,PLC00009463,16/8/2019,29/8/2020,3/9/2020,Health,165.96,13000,Bruce Scott,8040 Cranberry Street,,Anchorage,AK,99502,214-75-7608,N,30,45,Y,6,L,Own,MI,92853074,AVYI11561550676111,NA,A,Total Loss,None,0,0,TN,Nashville,18,AGENT00169,VNDR00486
15/9/2020 0:00,TXN00002639,A00001271,PLC00007405,16/8/2017,8/9/2020,10/9/2020,Health,155.18,9000,Troy Horne,1701 Foster Avenue,,Panama City,FL,32405,036-28-9631,N,46,14,Y,2,H,Rent,LI,66670610,BDZQ00722262322084,Bachelor,A,Major Loss,Ambulance,0,1,TN,Nashville,16,AGENT00872,
15/9/2020 0:00,TXN00002643,A00007654,PLC00006463,28/4/2011,2/9/2020,7/9/2020,Health,141.4,2000,Joshua Schroeder,3325 Dix Street Northeast,,Washington,DC,20019,104-53-5330,Y,43,77,Y,3,M,Rent,HI,26125008,JOJL67100879347758,High School,A,Minor Loss,Police,0,1,CA,Rohnert Park,2,AGENT01073,VNDR00397
15/9/2020 0:00,TXN00002644,A00009704,PLC00002415,22/3/2014,28/8/2020,2/9/2020,Health,179.15,17000,Rachel Mccoy,8390 Alkire Street,,Arvada,CO,80005,580-83-1326,N,54,42,Y,2,M,Own,LI,31122300,XTRE00236470285293,Bachelor,A,Major Loss,Ambulance,1,1,DC,Washington,5,AGENT00959,VNDR00472
16/9/2020 0:00,TXN00002663,A00001964,PLC00003584,27/11/2010,6/9/2020,9/9/2020,Health,184.17,9000,Richard Kurth,1 North School Avenue,#1010,Fayetteville,AR,72701,803-13-7812,N,36,71,Y,5,M,Own,MI,101758921,TSSZ63808853978027,Masters,A,Total Loss,Other,1,0,VT,Essex,9,AGENT00438,
16/9/2020 0:00,TXN00002664,A00003951,PLC00004839,27/10/2015,29/8/2020,3/9/2020,Health,108.81,3000,Anthony Webster,552 Maynadier Lane,,Crownsville,MD,21032,342-81-3160,Y,43,72,Y,3,M,Mortgage,HI,63710463,DUKT40035854302090,Bachelor,A,Major Loss,None,1,1,CO,Littleton,3,AGENT00493,
16/9/2020 0:00,TXN00002670,A00007782,PLC00009399,6/3/2015,9/9/2020,11/9/2020,Health,191.87,9000,Mary Geller,1160 North College Avenue,#2,Fayetteville,AR,72703,195-81-7115,Y,38,83,Y,4,M,Mortgage,MI,34386033,HFZX72060321758762,Bachelor,A,Minor Loss,Police,0,0,AZ,Glendale,21,AGENT00970,
16/9/2020 0:00,TXN00002675,A00000881,PLC00007048,25/2/2017,4/9/2020,9/9/2020,Health,156.64,7000,Barry Bell,37 East Broad Street,,Savannah,GA,31401,272-04-0104,Y,28,70,Y,5,L,Rent,MI,128330827,HOQO77422142098805,Bachelor,A,Major Loss,Ambulance,1,1,CT,Manchester,22,AGENT00153,VNDR00381
16/9/2020 0:00,TXN00002678,A00000718,PLC00000291,22/5/2018,10/9/2020,12/9/2020,Health,106.64,5000,Daniel Keath,618 Ava Circle Northeast,,Washington,DC,20017,801-02-5758,N,41,70,Y,6,M,Own,HI,121747491,GVWB56791189627941,MD,A,Total Loss,Ambulance,1,0,FL,Panama City Beach,15,AGENT00222,VNDR00238
16/9/2020 0:00,TXN00002683,A00005070,PLC00003305,11/1/2018,13/9/2020,13/9/2020,Health,189.4,12000,Susan Odonnell,1311 Elm Hill Pike,,Nashville,TN,37210,726-69-8266,Y,47,111,Y,4,H,Rent,MI,23589553,VEXQ88756156624099,PhD,A,Minor Loss,Police,1,1,TN,Nashville,19,AGENT00994,VNDR00020
17/9/2020 0:00,TXN00002686,A00004991,PLC00002448,10/9/2015,16/9/2020,16/9/2020,Health,187.55,7000,Andy Williams,826 South Hancock Street,,Louisville,KY,40203,885-20-6602,N,40,88,Y,2,L,Mortgage,MI,70681006,FMVH93637874548734,Bachelor,A,Minor Loss,Police,1,1,AZ,Glendale,2,AGENT01181,VNDR00012
18/9/2020 0:00,TXN00002714,A00003870,PLC00005279,1/2/2011,10/9/2020,13/9/2020,Health,112.32,15000,Phil Curtis,3610 Story Road,,San Jose,CA,95127,086-27-0783,Y,61,104,N,5,L,Rent,MI,47526204,ARVF59202135232670,College,A,Major Loss,None,1,0,CO,Arvada,9,AGENT00501,VNDR00108
18/9/2020 0:00,TXN00002715,A00000339,PLC00004530,20/7/2011,2/9/2020,7/9/2020,Health,114.89,17000,Tommy Mccollom,2713 Mitscher Road,,Washington,DC,20373,106-28-2127,N,35,33,N,4,M,Own,MI,124238350,FESQ59816985095543,NA,A,Total Loss,Ambulance,0,0,AZ,Glendale,19,AGENT00223,
18/9/2020 0:00,TXN00002717,A00007026,PLC00007957,27/9/2010,4/9/2020,9/9/2020,Health,117.41,5000,Thomas Fisher,6521 North 65th Avenue,#1D,Glendale,AZ,85301,859-23-4856,N,53,30,Y,3,L,Mortgage,MI,104879412,YPDX01394342121169,Bachelor,A,Total Loss,None,1,1,AZ,Glendale,8,AGENT01196,VNDR00533
18/9/2020 0:00,TXN00002729,A00001336,PLC00004062,5/6/2013,2/9/2020,7/9/2020,Health,115.5,18000,Connie Sequeira,831 West Center Street,#224,Fayetteville,AR,72701,423-21-8937,Y,29,49,Y,6,L,Rent,MI,91996822,SNFE97455510566620,Masters,A,Total Loss,None,1,1,AK,Anchorage,2,AGENT01123,
19/9/2020 0:00,TXN00002733,A00005469,PLC00005243,12/6/2014,18/9/2020,18/9/2020,Health,149.22,14000,Miguel Luttrell,1501 New Hampshire Avenue,,Lynn Haven,FL,32444,254-78-9312,Y,28,19,Y,3,M,Rent,HI,116667942,JSJX79006033468002,Masters,A,Major Loss,Other,1,0,AK,Anchorage,5,AGENT01134,VNDR00316
19/9/2020 0:00,TXN00002739,A00008872,PLC00000481,24/4/2012,2/9/2020,7/9/2020,Health,118.26,2000,Johnson Bradway,13 Warren Avenue,#1011,Somerville,MA,2143,203-29-2652,Y,52,33,Y,5,M,Own,MI,13299413,OQQN87843006501316,Bachelor,A,Total Loss,None,1,0,DC,Washington,2,AGENT00776,VNDR00018
19/9/2020 0:00,TXN00002742,A00001266,PLC00008013,22/12/2010,12/9/2020,14/9/2020,Health,183.75,14000,Ora Boyer,5740 North 59th Avenue,#1156,Glendale,AZ,85301,346-89-7247,N,42,102,Y,7,M,Mortgage,MI,71963309,PUZO34341337226401,Bachelor,A,Minor Loss,Ambulance,0,0,AL,Montgomery,3,AGENT00408,VNDR00275
19/9/2020 0:00,TXN00002746,A00009190,PLC00000373,27/11/2016,2/9/2020,7/9/2020,Health,126.16,14000,Jennifer Snelgrove,328 Missouri Avenue Northwest,,Washington,DC,20011,047-33-7526,Y,54,22,Y,5,L,Own,LI,53110316,IXDU07065497451475,Bachelor,A,Minor Loss,Police,0,0,TN,Nashville,15,AGENT01070,VNDR00183
19/9/2020 0:00,TXN00002747,A00004393,PLC00005331,13/2/2011,30/8/2020,4/9/2020,Health,183.63,6000,Jeannette Harris,6739 Taft Court,,Arvada,CO,80004,549-26-7856,Y,51,17,Y,7,L,Own,LI,57553801,NDSU36986613729650,PhD,A,Total Loss,Police,0,1,AL,Montgomery,8,AGENT00207,
19/9/2020 0:00,TXN00002748,A00002225,PLC00005746,2/12/2019,15/9/2020,16/9/2020,Health,110.26,10000,Archie Semaan,335 C Street Southeast,,Washington,DC,20003,570-62-6445,Y,33,16,Y,4,M,Mortgage,HI,97962698,NUQF08694245112271,Bachelor,A,Total Loss,Police,1,1,CA,Alameda,7,AGENT01103,
19/9/2020 0:00,TXN00002749,A00008474,PLC00000222,8/5/2012,6/9/2020,11/9/2020,Health,116.31,6000,Gerald Davila,115 Waddell Road,,Manchester,CT,6040,895-45-5300,Y,55,25,Y,3,L,Mortgage,MI,109526883,DGZK36372480292830,Bachelor,A,Total Loss,Police,1,1,OK,Edmond,14,AGENT00796,
20/9/2020 0:00,TXN00002766,A00003569,PLC00004887,14/3/2015,7/9/2020,12/9/2020,Health,170.3,4000,Lisa Henriksen,21402 Caribbean Lane,,Panama City Beach,FL,32413,327-84-6935,Y,51,19,Y,7,L,Mortgage,LI,52069073,UZCT84534738971596,Bachelor,A,Minor Loss,Police,0,1,CA,Tollhouse,17,AGENT01122,VNDR00323
20/9/2020 0:00,TXN00002769,A00004424,PLC00002011,7/7/2010,31/8/2020,5/9/2020,Health,134.39,5000,Tommy Polk,4313 Wisconsin Street,#APT 000007,Anchorage,AK,99517,020-04-2683,Y,44,81,Y,4,M,Rent,MI,62477066,NPQZ55772221348776,College,A,Minor Loss,None,0,1,MD,Annapolis,14,AGENT01025,VNDR00066
20/9/2020 0:00,TXN00002773,A00001366,PLC00005430,18/4/2012,16/9/2020,17/9/2020,Health,152.8,3000,Diane Hartly,6932 West Montebello Avenue,,Glendale,AZ,85303,358-21-6118,N,44,110,Y,3,M,Mortgage,MI,38219355,YHOM95058468458778,Masters,A,Minor Loss,None,1,1,AK,Anchorage,12,AGENT00728,VNDR00234
20/9/2020 0:00,TXN00002774,A00002678,PLC00004574,6/2/2018,3/9/2020,8/9/2020,Health,182.67,16000,Jolanda Gaier,705 Upshur Street Northwest,,Washington,DC,20011,892-43-4333,Y,29,10,Y,3,M,Own,HI,59785224,LZCZ68138369641698,Masters,A,Total Loss,Ambulance,0,1,MD,Crofton,2,AGENT00859,VNDR00529
20/9/2020 0:00,TXN00002780,A00002854,PLC00009840,25/12/2013,6/9/2020,11/9/2020,Health,195.36,2000,Patricia Mccullough,119 Oakland Street,,Manchester,CT,6042,125-48-0202,Y,36,75,Y,2,L,Mortgage,MI,113092002,KDAL87309975549465,MD,A,Minor Loss,Police,0,1,CA,Berkeley,13,AGENT00865,VNDR00004
20/9/2020 0:00,TXN00002782,A00003376,PLC00004015,14/7/2012,6/9/2020,11/9/2020,Health,177.87,17000,Charles Heard,3024 24th Street Northeast,,Washington,DC,20018,349-57-8136,Y,40,105,Y,5,H,Mortgage,MI,118033956,INSE51851275447461,College,A,Minor Loss,None,1,0,CO,Arvada,4,AGENT00189,
20/9/2020 0:00,TXN00002783,A00004846,PLC00006384,29/8/2017,3/9/2020,8/9/2020,Health,144.07,20000,Randy Thomas,184 Woodland Street,,Manchester,CT,6042,564-64-4842,Y,64,40,Y,4,H,Own,HI,35334039,PWNX32406635170818,Bachelor,A,Total Loss,Police,1,0,CO,Arvada,13,AGENT00315,VNDR00351
20/9/2020 0:00,TXN00002784,A00009495,PLC00008403,17/12/2012,19/9/2020,19/9/2020,Health,168.41,2000,Virgil Buker,2732 Rosedale Place,,Nashville,TN,37211,621-11-6196,Y,47,44,Y,3,M,Own,MI,84628233,KTSF76967885158037,High School,A,Major Loss,Ambulance,0,0,AL,Montgomery,15,AGENT01108,VNDR00101
21/9/2020 0:00,TXN00002800,A00003411,PLC00002793,16/7/2012,20/9/2020,20/9/2020,Health,134.85,2000,Nancy Dominquez,325 East 7th Street,,Edmond,OK,73034,371-97-2827,Y,48,24,Y,4,L,Own,HI,44766070,ZHRF47707968766174,Masters,A,Major Loss,Ambulance,1,0,AL,Montgomery,18,AGENT00733,
21/9/2020 0:00,TXN00002801,A00009327,PLC00004457,27/7/2012,10/9/2020,15/9/2020,Health,146.9,5000,William Jackson,815 West Market Street,#6,Louisville,KY,40202,380-51-8023,Y,32,45,Y,4,M,Rent,MI,66523314,JKHL33318303719188,High School,A,Total Loss,Police,1,0,MA,Brookline,1,AGENT00222,VNDR00113
22/9/2020 0:00,TXN00002805,A00004125,PLC00003358,16/12/2011,11/9/2020,16/9/2020,Health,163.21,10000,Mary Huss,200 Edgewood Way,,Louisville,KY,40243,656-99-1038,Y,64,58,Y,5,L,Mortgage,LI,28282813,RYGB29333017900426,Bachelor,A,Major Loss,Ambulance,1,1,CT,Manchester,1,AGENT00323,VNDR00330
22/9/2020 0:00,TXN00002817,A00001192,PLC00002141,14/2/2016,17/9/2020,18/9/2020,Health,190.89,11000,Troy Costa,6730 North 59th Drive,#4,Glendale,AZ,85301,687-06-8462,Y,34,108,Y,5,M,Own,MI,65609682,XVLN65687716103386,Bachelor,A,Minor Loss,Police,1,0,TN,Nashville,6,AGENT00508,
22/9/2020 0:00,TXN00002820,A00007162,PLC00009377,5/7/2017,10/9/2020,15/9/2020,Health,113.7,3000,James Poling,4000 Beth Manor Drive,,Montgomery,AL,36109,287-96-6558,Y,26,107,Y,4,L,Rent,HI,55499718,LRCP71809775503465,Bachelor,A,Major Loss,Ambulance,1,1,AR,Fayetteville,1,AGENT01010,VNDR00098
23/9/2020 0:00,TXN00002824,A00000343,PLC00005844,2/6/2010,6/9/2020,11/9/2020,Health,196.89,11000,Marlen Wright,2375 Palm Lake Drive,,Merritt Island,FL,32952,814-66-8714,N,35,118,Y,2,M,Mortgage,MI,126796405,YLTQ09282456960397,College,A,Minor Loss,None,1,0,DC,Washington,21,AGENT00622,VNDR00440
23/9/2020 0:00,TXN00002829,A00004986,PLC00000697,17/7/2019,3/9/2020,8/9/2020,Health,170.75,5000,Joseph Whitesel,816 East 69th Street,,Savannah,GA,31405,439-36-5753,Y,30,80,Y,6,H,Mortgage,MI,112780755,LNNV49942563810867,High School,A,Minor Loss,Ambulance,0,0,CA,Oakland,11,AGENT00987,VNDR00306
23/9/2020 0:00,TXN00002834,A00009936,PLC00001560,9/5/2019,21/9/2020,21/9/2020,Health,197.5,15000,John Sledge,663 Chesapeake Way,#1,Fayetteville,AR,72701,677-65-3802,N,25,86,Y,5,M,Mortgage,LI,38619874,DNAA47170955513285,High School,A,Minor Loss,Ambulance,1,1,AZ,Glendale,6,AGENT00702,
23/9/2020 0:00,TXN00002836,A00009280,PLC00002059,6/8/2014,7/9/2020,12/9/2020,Health,114.67,16000,Shelley Rivera,57413 Taku Avenue,,Homer,AK,99603,048-69-5337,N,29,52,Y,3,L,Rent,LI,39345024,LCON25181263018307,NA,A,Major Loss,Police,1,1,CO,Arvada,15,AGENT00758,
24/9/2020 0:00,TXN00002845,A00001034,PLC00005986,6/8/2014,23/9/2020,23/9/2020,Health,122.48,6000,Bertha Natoli,1432 Bell Trace Drive,,Nashville,TN,37013,715-41-1266,Y,25,50,Y,3,M,Mortgage,MI,84349318,CTYN76052478659311,MD,A,Minor Loss,Ambulance,1,1,CA,Berkeley,11,AGENT00752,
24/9/2020 0:00,TXN00002849,A00008388,PLC00005452,15/11/2011,9/9/2020,14/9/2020,Health,175.02,13000,Linda Mcnair,61 Callahan Way,#B4,Mammoth Lakes,CA,93546,208-94-8999,Y,64,41,Y,5,L,Rent,HI,126148781,ZCDY02169193722539,PhD,A,Total Loss,Ambulance,0,0,TN,Nashville,17,AGENT00568,VNDR00403
24/9/2020 0:00,TXN00002851,A00005122,PLC00001330,3/10/2014,11/9/2020,16/9/2020,Health,119.4,14000,Kenneth Warfield,17020 West 64th Drive,,Arvada,CO,80007,211-62-9175,Y,33,93,Y,6,L,Own,MI,13901840,XPPF10640452101961,NA,A,Total Loss,Ambulance,1,0,CA,Redding,12,AGENT00318,VNDR00090
24/9/2020 0:00,TXN00002855,A00004418,PLC00001023,14/7/2019,9/9/2020,14/9/2020,Health,177.76,14000,Arielle Amburgey,9119 Whispering Willow Way,,Tampa,FL,33614,152-82-5624,Y,57,67,N,4,M,Rent,MI,94073506,AEDF56010824806467,Bachelor,A,Major Loss,None,0,1,CO,Arvada,1,AGENT00358,
24/9/2020 0:00,TXN00002865,A00007270,PLC00000933,25/5/2015,4/9/2020,9/9/2020,Health,163.7,10000,Joan Shapiro,4907 Roger Drive,,Anchorage,AK,99507,185-23-1722,Y,54,46,Y,6,L,Rent,MI,118355210,VYLW33293378495240,College,A,Total Loss,Ambulance,1,1,KY,Louisville,12,AGENT01156,
24/9/2020 0:00,TXN00002866,A00000078,PLC00002821,13/6/2011,20/9/2020,21/9/2020,Health,187.12,2000,Teresa Anderson,42 Adams Road,#45,Greenfield,MA,1301,723-95-0067,N,47,74,Y,4,M,Mortgage,HI,88475479,IWTF57178413998276,Bachelor,A,Minor Loss,None,1,1,DC,Washington,4,AGENT00650,VNDR00306
24/9/2020 0:00,TXN00002869,A00005328,PLC00007966,16/9/2019,9/9/2020,14/9/2020,Health,105.13,6000,Henry Sousa,31130 Meadowbrook Avenue,,Hayward,CA,94544,584-61-2056,Y,31,105,Y,7,H,Own,LI,91999845,SEVH22144437054177,Bachelor,A,Total Loss,Police,1,1,MD,Annapolis,11,AGENT00373,
24/9/2020 0:00,TXN00002872,A00005541,PLC00003767,4/11/2017,10/9/2020,15/9/2020,Health,166.78,18000,Dennis Collier,815 West Market Street,#6,Louisville,KY,40202,359-35-4702,Y,64,23,Y,3,M,Own,MI,73528768,IZXS62134459881082,MD,A,Minor Loss,Ambulance,1,1,KY,Louisville,10,AGENT00181,
25/9/2020 0:00,TXN00002877,A00008053,PLC00008567,24/3/2013,7/9/2020,12/9/2020,Health,184.61,5000,Roberta Horton,2008 Ashton Avenue,,Nashville,TN,37218,889-82-0246,N,62,109,Y,4,M,Rent,LI,106792199,NMSJ73677982060640,Bachelor,A,Major Loss,None,1,1,AK,Anchorage,21,AGENT00925,
25/9/2020 0:00,TXN00002882,A00008153,PLC00001875,18/3/2013,12/9/2020,17/9/2020,Health,196.94,19000,Virginia Branch,1937 Carleton Street,M,Berkeley,CA,94704,709-28-8640,Y,27,22,Y,5,M,Mortgage,MI,41411522,DFYW84160550028212,Bachelor,A,Minor Loss,Ambulance,1,0,KY,Louisville,16,AGENT00436,
25/9/2020 0:00,TXN00002884,A00009295,PLC00008448,6/12/2013,13/9/2020,18/9/2020,Health,125.61,3000,Susan Hennessey,3652 East Blue Stone Drive,,Fayetteville,AR,72764,826-21-6261,N,31,78,N,6,L,Mortgage,MI,126070875,NGPX30397877027499,Bachelor,A,Total Loss,Police,1,1,KY,Louisville,12,AGENT00907,
25/9/2020 0:00,TXN00002891,A00000692,PLC00009869,11/5/2017,20/9/2020,21/9/2020,Health,126.46,5000,Salvatore Bertolini,7003 9th Street Northwest,,Washington,DC,20012,430-12-1115,Y,31,40,Y,7,M,Rent,LI,83216183,OFGS55241486473505,Bachelor,D,Total Loss,Other,0,1,CA,Oakland,18,AGENT00325,VNDR00387
26/9/2020 0:00,TXN00002900,A00006266,PLC00000455,21/10/2015,20/9/2020,22/9/2020,Health,154.85,10000,Jeffrey Porter,1430 East Audubon Road,,Montgomery,AL,36111,175-68-1081,Y,28,106,Y,2,H,Rent,MI,70817935,PIHJ44946191584845,High School,A,Major Loss,None,1,1,GA,Savannah,8,AGENT01047,VNDR00204
26/9/2020 0:00,TXN00002904,A00009536,PLC00002034,29/7/2012,9/9/2020,14/9/2020,Health,137.26,10000,Helen Clark,565 North Lakeshore Drive,,Panama City Beach,FL,32413,415-83-3901,Y,60,80,N,5,H,Rent,LI,57107325,UCJH60114264765677,Bachelor,A,Major Loss,Other,1,0,CT,Manchester,10,AGENT00251,
26/9/2020 0:00,TXN00002906,A00002599,PLC00009236,3/12/2015,16/9/2020,19/9/2020,Health,150.06,18000,Charles Smith,7401 North 61st Drive,,Glendale,AZ,85301,280-53-2204,N,49,53,Y,6,M,Rent,HI,66846716,AYRJ93825326864528,High School,A,Total Loss,Police,1,1,OK,Oklahoma City,22,AGENT00431,
27/9/2020 0:00,TXN00002920,A00008932,PLC00002262,12/11/2017,10/9/2020,15/9/2020,Health,168.54,13000,Ronald Day,2426 East Onyx Trail,#6,Fayetteville,AR,72701,331-94-1517,Y,31,61,Y,4,M,Mortgage,LI,15301312,ISTI39244208338457,Bachelor,A,Major Loss,Ambulance,0,1,OK,Midwest City,14,AGENT00151,
27/9/2020 0:00,TXN00002939,A00002910,PLC00007384,23/10/2011,21/9/2020,23/9/2020,Health,196.79,15000,Sue Paulson,1772 150th Avenue,,San Leandro,CA,94578,617-11-9637,N,62,59,Y,2,M,Own,MI,40160638,JDFV52883885941780,Bachelor,A,Major Loss,Police,1,1,KY,Louisville,7,AGENT01162,VNDR00305
27/9/2020 0:00,TXN00002942,A00001337,PLC00009932,24/12/2014,24/9/2020,24/9/2020,Health,125.05,15000,Mary Wilson,3517 S Street Northwest,,Washington,DC,20007,363-28-6053,Y,37,14,Y,4,L,Rent,HI,86884635,QKCL78742309247258,Bachelor,A,Minor Loss,Ambulance,1,1,TN,Nashville,7,AGENT00096,VNDR00517
27/9/2020 0:00,TXN00002943,A00005394,PLC00004084,27/11/2015,7/9/2020,12/9/2020,Health,131.01,20000,Stephen Smith,7 Maple Hill Road,,Aquinnah,MA,2535,815-52-9902,Y,60,94,Y,5,L,Mortgage,MI,123266543,GOZH89897446698607,Bachelor,A,Major Loss,Ambulance,0,1,AL,Montgomery,5,AGENT00892,VNDR00431
28/9/2020 0:00,TXN00002950,A00009845,PLC00008523,16/5/2013,17/9/2020,22/9/2020,Health,116.03,5000,Nicole Otis,1405 Mercedes Avenue,APARTMENT G,Panama City,FL,32401,341-97-6551,Y,47,11,Y,7,L,Own,HI,56420566,EVJA76616501569454,Masters,A,Major Loss,None,1,0,OK,Norman,4,AGENT00989,VNDR00437
28/9/2020 0:00,TXN00002956,A00004369,PLC00002417,1/7/2015,14/9/2020,19/9/2020,Health,196.72,7000,Abel Cortes,102 East Cydnee Street,,Fayetteville,AR,72703,824-76-6514,N,36,38,Y,3,H,Rent,MI,99069780,ZCRI19224239863391,MD,A,Major Loss,None,1,1,OK,Edmond,4,AGENT00683,VNDR00357
28/9/2020 0:00,TXN00002963,A00001414,PLC00004366,6/7/2016,17/9/2020,22/9/2020,Health,184.96,5000,Joseph Simmons,172 Alburg Springs Road,,Alburgh,VT,5440,451-77-6647,Y,51,57,Y,6,M,Rent,HI,122370498,LGST20928669121766,NA,A,Major Loss,None,1,1,MD,Annapolis,4,AGENT00502,VNDR00310
29/9/2020 0:00,TXN00002980,A00007498,PLC00000666,3/12/2017,21/9/2020,24/9/2020,Health,125.77,7000,Vincent Obannon,4560 Hurlston Drive,,Montgomery,AL,36116,005-60-6003,Y,61,107,Y,3,M,Own,MI,17918790,XDQX27657178794520,Bachelor,A,Total Loss,Police,1,1,CT,Manchester,10,AGENT00330,VNDR00159
29/9/2020 0:00,TXN00002981,A00007046,PLC00000970,9/11/2011,28/9/2020,28/9/2020,Health,139.6,11000,Tara Bozeman,14 Tranquil Place,,Pooler,GA,31322,453-76-7914,N,55,10,Y,6,L,Own,MI,19034290,CZPJ09241902365157,High School,A,Total Loss,Ambulance,0,0,CA,Union City,8,AGENT01071,VNDR00064
29/9/2020 0:00,TXN00002987,A00009259,PLC00001964,23/12/2016,15/9/2020,20/9/2020,Health,195.71,6000,Velva Taylor,5938 Laguna Honda Street,,Redding,CA,96001,435-38-5751,Y,56,39,Y,3,M,Mortgage,MI,98815032,BAUH86606561276042,Bachelor,A,Minor Loss,Ambulance,1,0,MA,Medford,0,AGENT00488,VNDR00398
30/9/2020 0:00,TXN00002994,A00008783,PLC00008970,2/11/2016,26/9/2020,27/9/2020,Health,113.68,18000,Paul Carl,116 Frost Park,,Hartford,VT,5001,025-52-3021,N,50,55,N,5,L,Mortgage,LI,109881926,ULWP69762189754270,High School,A,Minor Loss,Ambulance,1,0,AR,Fayetteville,23,AGENT00368,VNDR00590
30/9/2020 0:00,TXN00003004,A00008767,PLC00003264,14/10/2012,26/9/2020,27/9/2020,Health,176.96,4000,Chad Aiken,46 Sugarloaf Hill Road,,Warren,VT,5674,747-87-5953,Y,33,73,Y,2,L,Mortgage,MI,124798609,URAL13954439096431,College,A,Total Loss,Police,1,1,AR,Fayetteville,16,AGENT00567,VNDR00326
30/9/2020 0:00,TXN00003005,A00007935,PLC00001225,2/1/2012,12/9/2020,17/9/2020,Health,158.03,2000,Theodore Payne,1931 West Deane Street,A,Fayetteville,AR,72703,634-70-1325,Y,50,21,N,3,L,Rent,LI,38926347,LYHW85280969049736,College,A,Major Loss,Police,1,1,DC,Washington,9,AGENT00387,
1/10/2020 0:00,TXN00003018,A00003232,PLC00002392,8/5/2018,24/9/2020,26/9/2020,Health,115.54,6000,Georgette Jones,908 Lodge Hill Road,,Louisville,KY,40223,399-89-5827,Y,57,41,Y,6,L,Mortgage,HI,129563376,LTKN18188884968115,PhD,A,Major Loss,Other,1,1,CA,Union City,1,AGENT01055,VNDR00355
1/10/2020 0:00,TXN00003019,A00002143,PLC00006046,8/2/2015,14/9/2020,19/9/2020,Health,155.98,9000,Brad Adams,243 Kentucky Avenue,,Pasadena,MD,21122,237-63-0518,Y,59,69,Y,6,L,Rent,LI,115681903,SMKM53030730082248,Masters,A,Minor Loss,Ambulance,0,1,GA,Savannah,18,AGENT00937,VNDR00051
1/10/2020 0:00,TXN00003024,A00005030,PLC00004328,4/12/2011,14/9/2020,19/9/2020,Health,165.63,13000,Heidi Erdmann,20 Masters Way,,Manchester,CT,6040,124-19-8871,N,33,67,Y,3,H,Own,MI,50892637,COOR90289520844006,Bachelor,A,Major Loss,Police,0,1,AZ,Glendale,20,AGENT00536,VNDR00256
1/10/2020 0:00,TXN00003027,A00008501,PLC00003838,8/1/2013,21/9/2020,24/9/2020,Health,134.63,14000,Gary Rogers,2195 Cantelou Road,,Montgomery,AL,36108,124-43-3324,Y,58,88,Y,6,M,Mortgage,MI,96798407,BQKP16948571387198,High School,A,Total Loss,Police,1,1,AR,Fayetteville,2,AGENT00261,VNDR00084
2/10/2020 0:00,TXN00003034,A00007376,PLC00002073,14/1/2017,29/9/2020,29/9/2020,Health,151.57,18000,Anthony Rice,2316 Northwest 113th Street,,Oklahoma City,OK,73120,639-81-3779,N,56,106,Y,4,L,Mortgage,LI,21967067,KRIC45220806112579,Bachelor,A,Major Loss,Ambulance,0,1,CO,Greeley,3,AGENT00802,VNDR00557
2/10/2020 0:00,TXN00003039,A00002515,PLC00003396,3/4/2013,14/9/2020,19/9/2020,Health,112.46,3000,Nancy Fern,502 Main Street,,Walpole,MA,2081,110-83-6897,N,43,71,N,3,M,Rent,LI,110207764,YYMD67313302481895,Masters,A,Total Loss,Other,1,1,GA,Calhoun,1,AGENT00193,VNDR00522
2/10/2020 0:00,TXN00003043,A00003153,PLC00009339,7/9/2017,19/9/2020,24/9/2020,Health,194.47,2000,Thomas Gordon,5985 Lamar Street,G,Arvada,CO,80003,511-56-5171,Y,44,89,Y,4,M,Mortgage,LI,104296781,JEBM51531313209178,College,A,Major Loss,Ambulance,1,1,FL,Mexico Beach,8,AGENT00539,VNDR00546
2/10/2020 0:00,TXN00003047,A00008918,PLC00005481,26/8/2017,16/9/2020,21/9/2020,Health,186.65,1000,Nancy Brandt,11 Adams Street,,Arlington,MA,2474,217-62-4031,Y,44,73,Y,4,L,Mortgage,HI,63134010,ULYI68472879542313,Bachelor,A,Minor Loss,None,1,0,VT,Underhill,19,AGENT00698,
3/10/2020 0:00,TXN00003057,A00002118,PLC00004025,9/4/2017,14/9/2020,19/9/2020,Health,129.68,8000,Jesus Yang,2013 Talbot Terrace,,Montgomery,AL,36106,429-04-5665,N,47,98,Y,3,H,Rent,LI,92011405,IMBN31398048774704,High School,A,Major Loss,Ambulance,1,0,DC,Washington,7,AGENT00824,VNDR00374
3/10/2020 0:00,TXN00003062,A00005655,PLC00009223,31/8/2018,15/9/2020,20/9/2020,Health,140.94,17000,Daryl Sams,503 Orchard Road,,Glen Burnie,MD,21061,805-50-3241,Y,47,81,Y,4,L,Rent,LI,17538536,ZQSU01639143737850,NA,A,Minor Loss,None,0,1,FL,Panama City,7,AGENT00959,VNDR00565
3/10/2020 0:00,TXN00003063,A00007351,PLC00006777,16/2/2015,15/9/2020,20/9/2020,Health,136.53,17000,Mary Sanders,6140 Fenton Street,,Arvada,CO,80003,311-88-2563,Y,64,65,Y,7,L,Mortgage,MI,69506448,ISXA98827213096485,High School,A,Major Loss,Ambulance,0,1,MD,Glen Burnie,2,AGENT00449,VNDR00247
3/10/2020 0:00,TXN00003065,A00002620,PLC00006859,9/7/2014,25/9/2020,28/9/2020,Health,193.38,4000,Tom Foster,6160 Norm Drive,,Anchorage,AK,99507,514-57-3786,Y,63,98,Y,3,M,Own,LI,118734608,LVII26607580190676,College,A,Major Loss,Police,1,1,CA,Hayward,3,AGENT01112,
3/10/2020 0:00,TXN00003068,A00005233,PLC00006156,1/12/2014,1/10/2020,1/10/2020,Health,166.25,8000,George Herrera,8 Village Circle,,Randolph,VT,5060,608-30-3003,N,35,94,Y,3,L,Own,LI,14986152,MKKA61775039343270,High School,A,Major Loss,Police,1,0,MD,Severna Park,14,AGENT00607,VNDR00168
3/10/2020 0:00,TXN00003073,A00003449,PLC00006621,15/10/2018,16/9/2020,21/9/2020,Health,144.98,4000,Elaine Villalobos,1309 Clay Avenue,,Panama City,FL,32401,208-82-8460,Y,26,83,Y,7,M,Mortgage,MI,11463953,VSAX84557175804538,Bachelor,A,Major Loss,Ambulance,1,0,OK,Norman,5,AGENT00591,VNDR00510
4/10/2020 0:00,TXN00003089,A00008668,PLC00009566,25/12/2012,14/9/2020,19/9/2020,Health,127.3,15000,Diane Mosley,4981 Shirley Way,,Livermore,CA,94550,640-69-0279,Y,46,117,Y,7,L,Rent,MI,43064456,MCKC20351777195080,Masters,A,Major Loss,Other,1,1,TN,Nashville,15,AGENT00895,VNDR00506
5/10/2020 0:00,TXN00003099,A00009492,PLC00000174,23/7/2015,20/9/2020,25/9/2020,Health,162.66,4000,Patricia Cook,798 Airport Road,,Panama City,FL,32405,394-95-0092,Y,53,115,Y,3,H,Mortgage,MI,99877121,DECI68701845377514,Masters,A,Minor Loss,Ambulance,1,0,CT,Manchester,16,AGENT00818,VNDR00057
5/10/2020 0:00,TXN00003115,A00007041,PLC00007170,18/4/2017,2/10/2020,2/10/2020,Health,144.32,10000,Rodney Grabner,733 East DeRenne Avenue,,Savannah,GA,31405,405-77-9416,Y,37,64,Y,6,H,Rent,HI,90219733,TTVE86675398277215,MD,A,Total Loss,Ambulance,1,1,AK,Anchorage,0,AGENT00040,VNDR00529
6/10/2020 0:00,TXN00003128,A00009167,PLC00001562,25/11/2010,2/10/2020,3/10/2020,Health,141.38,12000,Jennifer Foote,6483 West 76th Avenue,,Arvada,CO,80003,695-91-6382,Y,43,65,Y,2,L,Own,MI,68642439,NCIS74408303343892,Masters,A,Major Loss,None,1,0,TN,Nashville,7,AGENT00341,VNDR00315
6/10/2020 0:00,TXN00003136,A00000399,PLC00005078,13/11/2013,2/10/2020,3/10/2020,Health,181.79,8000,Janet Swackhammer,620 Oakland Avenue,,Fayetteville,AR,72701,591-34-1919,N,54,71,Y,6,M,Mortgage,MI,114682563,CCPF65914221241362,Bachelor,A,Major Loss,Police,0,0,VT,,0,AGENT01053,
6/10/2020 0:00,TXN00003139,A00005988,PLC00007866,19/4/2012,24/9/2020,29/9/2020,Health,148.07,20000,Greg Gonzalez,22062 Cameron Street,,Castro Valley,CA,94546,656-89-3772,Y,35,102,N,2,M,Own,LI,29738405,QFJX26104023773281,High School,A,Major Loss,None,1,1,OK,Edmond,1,AGENT01026,VNDR00268
6/10/2020 0:00,TXN00003142,A00004136,PLC00007494,23/5/2014,30/9/2020,2/10/2020,Health,151.55,19000,Marc Tello,1504 East 55th Street,,Savannah,GA,31404,205-57-5064,Y,36,12,Y,5,L,Mortgage,MI,86167763,IXXP06426187471657,Bachelor,A,Minor Loss,Police,0,0,DC,Washington,21,AGENT01034,
6/10/2020 0:00,TXN00003149,A00005698,PLC00008732,13/8/2015,2/10/2020,3/10/2020,Health,120.74,10000,Reta Sutton,17 Marina Drive,,Savannah,GA,31411,772-84-2638,N,60,106,Y,6,L,Mortgage,MI,113921571,AIRD09744390461532,High School,A,Total Loss,Ambulance,0,1,FL,Panama City,5,AGENT00329,
6/10/2020 0:00,TXN00003152,A00004553,PLC00007880,27/8/2017,1/10/2020,2/10/2020,Health,116.53,7000,Kyle Carter,1828 Ridgewick Road,,Glen Burnie,MD,21061,182-67-3914,N,33,10,Y,7,L,Mortgage,MI,56762606,PXGG70115556777074,Bachelor,A,Total Loss,Ambulance,0,1,AL,Montgomery,8,AGENT00968,
7/10/2020 0:00,TXN00003154,A00006387,PLC00006807,3/1/2016,4/10/2020,4/10/2020,Health,161.86,18000,William Buie,1129 I Street,,Anchorage,AK,99501,035-45-2130,Y,25,80,Y,2,L,Own,LI,98613991,KOWJ87066204951827,Bachelor,D,Total Loss,Ambulance,0,1,CT,Manchester,22,AGENT01090,VNDR00100
7/10/2020 0:00,TXN00003158,A00006208,PLC00004139,19/6/2013,25/9/2020,30/9/2020,Health,164.28,6000,Richard Glenn,555 North Dupont Avenue,#C-55,Nashville,TN,37115,207-10-7060,N,55,60,Y,4,M,Rent,LI,112519379,JENO12480191206248,PhD,A,Major Loss,Police,1,1,TN,Nashville,0,AGENT00237,
7/10/2020 0:00,TXN00003161,A00007987,PLC00006497,16/3/2019,1/10/2020,3/10/2020,Health,151.33,14000,Calvin Riddick,188 River Road,,Essex,VT,5452,047-35-1706,Y,29,96,Y,4,M,Own,HI,46240280,GDSX45292472039462,Bachelor,A,Total Loss,Police,0,1,TN,Nashville,15,AGENT00467,
7/10/2020 0:00,TXN00003164,A00001159,PLC00008938,25/6/2011,24/9/2020,29/9/2020,Health,154.37,16000,David Hartle,4511 43rd Place Northwest,,Washington,DC,20016,855-45-5546,N,34,74,Y,7,L,Mortgage,MI,64214052,KWZD21883711398918,College,A,Total Loss,None,0,0,KY,Louisville,22,AGENT00325,VNDR00229
7/10/2020 0:00,TXN00003171,A00009330,PLC00000594,18/2/2017,2/10/2020,3/10/2020,Health,144.09,8000,Katharine Dodds,10891 Kamishak Bay Circle,,Anchorage,AK,99515,381-78-7622,Y,44,112,Y,7,L,Mortgage,MI,100486249,INFE14142215064040,Bachelor,D,Major Loss,Ambulance,1,1,FL,Panama City,17,AGENT00357,
8/10/2020 0:00,TXN00003186,A00002187,PLC00007949,29/9/2015,29/9/2020,2/10/2020,Health,130.34,1000,Marx Aichele,3300 Gatsby Lane,,Montgomery,AL,36106,760-94-5895,Y,28,83,Y,3,L,Mortgage,MI,50089631,KBGM47467810289563,NA,A,Major Loss,Police,0,1,DC,Washington,18,AGENT01027,VNDR00188
8/10/2020 0:00,TXN00003201,A00006669,PLC00001887,19/8/2016,19/9/2020,24/9/2020,Health,132.26,4000,Andrew Manuel,15 Mystic Avenue,#1,Medford,MA,2155,741-11-4550,Y,55,112,N,5,L,Rent,HI,58949524,GUYQ67524967623012,Bachelor,A,Minor Loss,Police,1,1,KY,Northfield,19,AGENT00251,VNDR00090
9/10/2020 0:00,TXN00003211,A00008038,PLC00002857,30/1/2011,28/9/2020,3/10/2020,Health,157.31,16000,Albert Sosa,529 Barr Hill Road,,Greensboro,VT,5841,446-10-1300,Y,48,113,Y,2,L,Rent,MI,129295699,RWYU48466524488252,High School,A,Total Loss,None,1,1,AZ,Glendale,5,AGENT00593,
9/10/2020 0:00,TXN00003216,A00004190,PLC00002662,11/5/2018,5/10/2020,6/10/2020,Health,127.58,9000,Alice Garland,1431 King George Boulevard,#21-C,Savannah,GA,31419,465-28-4143,Y,26,69,Y,3,M,Own,LI,17873615,YQNF26470255979583,MD,A,Minor Loss,None,1,1,GA,Savannah,2,AGENT00425,VNDR00450
9/10/2020 0:00,TXN00003221,A00005912,PLC00006008,20/5/2013,8/10/2020,8/10/2020,Health,186.52,1000,Roberta Wagner,4121 Northwest 31st Street,,Oklahoma City,OK,73112,689-01-8149,Y,50,70,Y,7,M,Mortgage,MI,57762809,SIBI85695891837737,Bachelor,A,Major Loss,Police,1,1,CA,Mountain View,10,AGENT00226,VNDR00468
9/10/2020 0:00,TXN00003222,A00004614,PLC00005531,31/10/2015,5/10/2020,6/10/2020,Health,156.55,5000,Marianne Mitchell,2325 Eastridge Circle,,Moore,OK,73160,099-94-3664,Y,31,106,Y,5,M,Mortgage,MI,38733394,HUUG12104663248729,Bachelor,A,Total Loss,Ambulance,1,1,CO,Arvada,20,AGENT00507,VNDR00378
9/10/2020 0:00,TXN00003228,A00006600,PLC00006243,15/10/2011,21/9/2020,26/9/2020,Health,150.21,2000,Nikia Williams,10881 Northforde Drive,,Cupertino,CA,95014,072-03-3492,Y,26,17,N,3,M,Mortgage,LI,29836792,MVCC16810867832866,Masters,A,Total Loss,Ambulance,1,1,CO,Arvada,0,AGENT00454,
10/10/2020 0:00,TXN00003229,A00006090,PLC00001222,14/1/2012,22/9/2020,27/9/2020,Health,169.01,19000,Linda Albright,3871 Galactica Drive,,Anchorage,AK,99517,594-93-2813,N,40,25,Y,6,M,Own,MI,55317625,ZEGG21654507667047,High School,A,Minor Loss,None,1,1,DC,Washington,23,AGENT00723,VNDR00177
10/10/2020 0:00,TXN00003233,A00007101,PLC00000570,8/3/2018,27/9/2020,2/10/2020,Health,127.42,16000,Leslie Hurst,1911 East 58th Avenue,,Anchorage,AK,99507,842-06-4203,Y,39,109,Y,2,M,Mortgage,LI,127528481,SFHB70394060676754,High School,A,Minor Loss,Police,1,0,VT,,6,AGENT00989,
10/10/2020 0:00,TXN00003248,A00006178,PLC00002664,5/8/2015,22/9/2020,27/9/2020,Health,101.85,12000,Patricia Dominquez,813 Holt Grove Court,,Nashville,TN,37211,344-81-5068,N,49,46,Y,7,M,Mortgage,MI,90805480,YDPJ53691559088017,High School,A,Minor Loss,Police,1,0,AZ,Glendale,12,AGENT00073,VNDR00067
11/10/2020 0:00,TXN00003262,A00007742,PLC00005161,1/12/2011,28/9/2020,3/10/2020,Health,113.45,16000,Linda White,34 Harris Street,#6,Brookline,MA,2446,101-73-6212,Y,28,40,Y,3,M,Rent,MI,129857820,ZDAX99439423966632,Bachelor,A,Minor Loss,Ambulance,1,0,TN,Nashville,23,AGENT00012,VNDR00266
11/10/2020 0:00,TXN00003272,A00007061,PLC00000803,7/10/2019,27/9/2020,2/10/2020,Health,175.91,19000,Joseph Flood,19259 North 61st Drive,,Glendale,AZ,85308,051-81-2389,Y,46,59,Y,7,M,Rent,LI,99894641,SSNL04793658583741,College,A,Minor Loss,None,1,1,MA,Salem,5,AGENT00195,
11/10/2020 0:00,TXN00003273,A00000993,PLC00002934,26/8/2015,28/9/2020,3/10/2020,Health,165.04,11000,Mary Barnett,112 Shannon Road,,Colchester,VT,5446,194-22-4858,Y,54,74,Y,2,M,Mortgage,HI,20465780,WBUC56809230937188,Bachelor,A,Major Loss,Police,0,1,AZ,Glendale,23,AGENT00135,VNDR00003
11/10/2020 0:00,TXN00003276,A00009024,PLC00005649,24/10/2010,27/9/2020,2/10/2020,Health,189.65,12000,Sara Giffin,5412 East 22nd Avenue,,Anchorage,AK,99508,234-76-1734,Y,53,71,Y,4,L,Own,MI,73056683,TLVJ16629548442409,PhD,A,Minor Loss,Ambulance,1,0,VT,West Brattleboro,2,AGENT01074,VNDR00002
12/10/2020 0:00,TXN00003280,A00005860,PLC00006315,12/8/2019,6/10/2020,8/10/2020,Health,184.29,18000,Ella Conner,8507 Lorento Street,,Panama City Beach,FL,32408,778-14-5263,N,64,70,Y,2,M,Mortgage,LI,92424885,MWME64524007304960,NA,A,Minor Loss,Ambulance,1,1,VT,Lowell,23,AGENT01106,
13/10/2020 0:00,TXN00003302,A00006370,PLC00009494,1/6/2011,24/9/2020,29/9/2020,Health,146.06,3000,Helen Gonzalez,3110 East Victory Drive,,Savannah,GA,31404,559-71-7835,Y,55,61,Y,3,M,Rent,HI,97311032,BOZO31599877306972,Bachelor,A,Total Loss,Police,0,1,DC,Washington,3,AGENT00573,VNDR00115
13/10/2020 0:00,TXN00003306,A00003345,PLC00007439,18/6/2010,7/10/2020,9/10/2020,Health,132.95,16000,George Gettinger,5065 North 54th Avenue,#8,Glendale,AZ,85301,730-51-4727,Y,28,92,Y,3,M,Mortgage,LI,111800432,PWMZ43505329722016,High School,A,Total Loss,Police,1,0,GA,Savannah,4,AGENT01067,VNDR00599
13/10/2020 0:00,TXN00003312,A00003171,PLC00006091,30/8/2019,12/10/2020,12/10/2020,Health,188.47,2000,Robert Pace,3504 East 16th Avenue,,Anchorage,AK,99508,229-18-8385,Y,55,83,Y,7,L,Mortgage,HI,41008618,SQYC49745534685787,High School,A,Minor Loss,Other,1,0,CO,Arvada,9,AGENT00611,VNDR00119
13/10/2020 0:00,TXN00003315,A00009262,PLC00005351,30/1/2017,11/10/2020,11/10/2020,Health,123.26,2000,Daisy Schmidt,43 Main Street,,Essex,VT,5452,451-27-1919,Y,56,47,Y,4,L,Mortgage,MI,44327011,IXZM35613006396722,Bachelor,A,Total Loss,Ambulance,1,1,FL,Panama City,0,AGENT00365,VNDR00513
13/10/2020 0:00,TXN00003316,A00009109,PLC00009322,18/9/2015,11/10/2020,11/10/2020,Health,179.06,9000,Oscar Smiley,6228 West Larkspur Drive,,Glendale,AZ,85304,499-87-0506,Y,64,105,Y,4,H,Own,MI,10285925,JXUR51519915899127,Bachelor,A,Major Loss,Other,0,1,CA,Berkeley,5,AGENT01181,
14/10/2020 0:00,TXN00003337,A00001056,PLC00001017,13/3/2013,11/10/2020,11/10/2020,Health,153.32,20000,Kimberly Walks,129 Lark Lane,,Farmington,AR,72730,879-49-6842,N,57,72,Y,5,H,Own,MI,46060334,REBU10379977340620,Bachelor,A,Minor Loss,Ambulance,1,1,KY,Louisville,14,AGENT00375,VNDR00386
14/10/2020 0:00,TXN00003338,A00008667,PLC00006038,2/12/2010,10/10/2020,11/10/2020,Health,177.52,14000,Irene Mccarthy,5420 Sunset Avenue,,Panama City Beach,FL,32408,868-47-7830,Y,58,119,Y,5,M,Own,MI,98194164,NEDV91643685335602,Bachelor,A,Major Loss,Ambulance,1,0,AK,Anchorage,11,AGENT00658,VNDR00578
14/10/2020 0:00,TXN00003347,A00007624,PLC00004608,10/12/2013,27/9/2020,2/10/2020,Health,166.45,12000,Mary Dang,332 Stafford Road,#2,Fall River,MA,2721,311-57-5823,N,58,19,Y,7,L,Mortgage,MI,75796679,RHUU01769195974922,High School,A,Minor Loss,Police,0,1,AR,Fayetteville,11,AGENT00775,VNDR00249
15/10/2020 0:00,TXN00003359,A00002103,PLC00007769,14/6/2013,26/9/2020,1/10/2020,Health,159.55,19000,Catherine Vasquez,122 40th Avenue North,,Nashville,TN,37209,369-16-2765,Y,53,30,Y,5,M,Own,HI,119192809,FDKM98213553693335,Bachelor,A,Total Loss,Police,1,1,CT,Manchester,15,AGENT00082,VNDR00503
15/10/2020 0:00,TXN00003363,A00000451,PLC00003605,21/10/2014,4/10/2020,9/10/2020,Health,154.66,4000,David Rival,302 Tuten Avenue,,Savannah,GA,31415,146-77-9219,N,40,60,Y,7,L,Mortgage,MI,61036000,CSRG32542904151554,NA,D,Major Loss,Ambulance,1,1,KY,Louisville,0,AGENT00386,
15/10/2020 0:00,TXN00003367,A00003731,PLC00005449,9/12/2018,7/10/2020,10/10/2020,Health,111.88,3000,Soo Roberts,1217 Southwest 91st Street,,Oklahoma City,OK,73139,442-79-9879,N,59,49,Y,7,M,Mortgage,MI,68275796,WDTO46556340054621,Bachelor,A,Minor Loss,Police,0,1,CT,Manchester,18,AGENT00669,
15/10/2020 0:00,TXN00003373,A00002998,PLC00004225,12/5/2012,9/10/2020,11/10/2020,Health,137.06,7000,Richard Beaudoin,7427 West Abraham Lane,,Glendale,AZ,85308,702-70-2265,Y,52,119,Y,5,M,Mortgage,HI,52691166,BKLN50888477190322,College,A,Minor Loss,Ambulance,1,1,KY,Louisville,14,AGENT00033,VNDR00473
16/10/2020 0:00,TXN00003401,A00000504,PLC00005000,30/11/2015,1/10/2020,6/10/2020,Health,118.4,16000,John Holbach,86 Russell Street,,Manchester,CT,6040,383-06-2891,N,60,92,Y,4,L,Own,MI,122902691,GTPI54704789254924,Bachelor,A,Major Loss,Ambulance,1,1,TN,Nashville,2,AGENT00829,VNDR00316
16/10/2020 0:00,TXN00003405,A00003773,PLC00006936,8/1/2015,6/10/2020,9/10/2020,Health,172.11,6000,Michelle Delong,60 Willow Lakes Drive,,Savannah,GA,31419,324-03-4323,N,45,90,Y,6,L,Rent,HI,104601062,ZZSA21287200141950,College,A,Major Loss,Ambulance,1,1,AR,Fayetteville,17,AGENT00898,VNDR00115
16/10/2020 0:00,TXN00003409,A00006607,PLC00002581,24/6/2010,4/10/2020,9/10/2020,Health,107.03,18000,Tyler Foss,217 Northeast 1st Street,,Moore,OK,73160,317-20-7082,Y,46,73,Y,4,L,Own,MI,56070741,CWGZ23902090616039,Bachelor,A,Major Loss,Ambulance,1,1,TN,Nashville,21,AGENT01017,VNDR00034
17/10/2020 0:00,TXN00003421,A00004119,PLC00009171,7/5/2014,13/10/2020,14/10/2020,Health,192.76,14000,Freddy Heinrich,2 Misty Marsh Drive,,Savannah,GA,31419,784-17-1230,Y,29,9,Y,2,M,Mortgage,MI,113586974,STIF95579130326734,Bachelor,A,Major Loss,None,0,1,AR,Fayetteville,14,AGENT01196,VNDR00283
18/10/2020 0:00,TXN00003431,A00005614,PLC00005309,9/10/2015,5/10/2020,10/10/2020,Health,110.19,19000,Virginia Nickerson,4 Conti Circle,,Barre,VT,5641,760-73-9793,N,30,23,Y,6,M,Own,MI,114206651,JVMI74225672868684,Masters,A,Minor Loss,Police,1,0,AR,Fayetteville,6,AGENT01132,
18/10/2020 0:00,TXN00003432,A00005958,PLC00005515,5/7/2010,1/10/2020,6/10/2020,Health,169.53,18000,Grady Eisenhower,883 Rodney Drive,,Nashville,TN,37205,628-21-6939,Y,62,57,Y,6,L,Mortgage,LI,37952901,FHUS94855356656800,Bachelor,A,Major Loss,None,1,1,FL,Youngstown,0,AGENT00759,
18/10/2020 0:00,TXN00003434,A00003859,PLC00007766,1/9/2018,4/10/2020,9/10/2020,Health,157.31,11000,Lori Williams,17361 Baronoff Avenue,,Anchorage,AK,99577,799-98-3071,N,59,63,Y,2,M,Mortgage,MI,43937745,FDXL40465086778862,College,A,Minor Loss,Ambulance,1,1,FL,Panama City,17,AGENT00306,VNDR00180
18/10/2020 0:00,TXN00003437,A00002598,PLC00003802,1/11/2017,13/10/2020,14/10/2020,Health,142.58,12000,Juan Wenthold,7060 Eastern Avenue,,Washington,DC,20012,053-53-8400,Y,44,19,Y,2,M,Own,MI,97951243,VWQE08322547450749,Bachelor,A,Major Loss,Ambulance,1,1,AK,Anchorage,23,AGENT00834,VNDR00204
19/10/2020 0:00,TXN00003447,A00000011,PLC00008037,25/8/2017,3/10/2020,8/10/2020,Health,124.23,4000,Kerry Johnson,2100 North Leverett Avenue,#112J,Fayetteville,AR,72703,447-21-1545,Y,57,73,Y,6,M,Own,HI,39460051,UHHY87354025884553,MD,A,Total Loss,Ambulance,0,0,FL,Riverview,21,AGENT00196,VNDR00355
19/10/2020 0:00,TXN00003453,A00008747,PLC00005443,27/1/2020,15/10/2020,16/10/2020,Health,107.13,19000,Lindsay Sammartino,831 West Center Street,#224,Fayetteville,AR,72701,832-89-4580,Y,36,110,Y,2,M,Own,MI,98290123,ZRRS97308330893006,College,A,Minor Loss,Ambulance,1,1,FL,Tampa,12,AGENT00579,VNDR00417
19/10/2020 0:00,TXN00003464,A00009089,PLC00006551,7/2/2017,9/10/2020,12/10/2020,Health,162.36,2000,Cleta Simmons,63 Columbia Drive,,Manchester,CT,6042,464-61-9425,Y,32,11,Y,7,M,Own,MI,124879544,QDZP05160151434674,Bachelor,A,Major Loss,Police,1,1,FL,Panama City,19,AGENT01057,
19/10/2020 0:00,TXN00003470,A00003393,PLC00000017,13/6/2014,8/10/2020,13/10/2020,Health,193.04,4000,Annie Thorn,61 Thomas Street,#2,Dedham,MA,2026,649-86-2063,Y,55,105,Y,4,M,Own,LI,26257468,IQWW22579337043155,Bachelor,A,Minor Loss,None,1,0,DC,Washington,16,AGENT00592,VNDR00357
20/10/2020 0:00,TXN00003488,A00002007,PLC00002257,26/1/2017,6/10/2020,11/10/2020,Health,121.07,9000,Thomas Garfield,22207 Quinterno Court,,Cupertino,CA,95014,019-28-7611,N,56,77,Y,2,L,Own,HI,37285607,HGOW26846654296124,High School,A,Minor Loss,Ambulance,1,1,GA,Savannah,22,AGENT00541,VNDR00568
20/10/2020 0:00,TXN00003493,A00006438,PLC00002923,20/10/2019,17/10/2020,17/10/2020,Health,142.62,1000,Olga Wilder,40 Strawberry Lane,,Manchester,CT,6040,454-22-6095,Y,34,83,Y,4,M,Rent,MI,21940110,EBXL71327591212526,High School,A,Minor Loss,Other,0,0,MA,Norton,22,AGENT00474,VNDR00100
20/10/2020 0:00,TXN00003495,A00004076,PLC00008748,15/3/2015,30/9/2020,5/10/2020,Health,184.43,13000,Shaunna Plank,314 South 17th Street,,Nashville,TN,37206,164-98-7949,Y,30,115,Y,7,M,Mortgage,MI,49062889,LFZS77644917489921,High School,A,Major Loss,None,1,0,DC,Washington,10,AGENT00102,VNDR00473
21/10/2020 0:00,TXN00003507,A00007317,PLC00003595,26/3/2016,8/10/2020,13/10/2020,Health,129.14,2000,Marie Schwerdtfeger,3538 Mendenhall Court,,Pleasanton,CA,94588,025-48-3612,Y,26,93,N,6,H,Mortgage,MI,98421743,XYIE52124835089619,Bachelor,A,Minor Loss,None,1,0,FL,Panama City Beach,12,AGENT00025,VNDR00336
21/10/2020 0:00,TXN00003512,A00009793,PLC00003389,29/1/2019,13/10/2020,16/10/2020,Health,187.76,1000,Shirley Fredeen,949 South Lawrence Street,,Montgomery,AL,36104,687-60-6456,Y,64,68,Y,3,L,Mortgage,MI,28246079,RYDE33508362737489,Bachelor,A,Total Loss,Police,1,0,OK,Oklahoma City,20,AGENT00049,VNDR00005
21/10/2020 0:00,TXN00003521,A00000901,PLC00007261,23/5/2015,15/10/2020,17/10/2020,Health,145.43,7000,Alice Burton,3752 Roswell Place,,Montgomery,AL,36116,093-65-9081,Y,60,46,Y,5,H,Mortgage,HI,83507546,YLTR80861068797584,High School,A,Total Loss,Ambulance,1,1,CA,Blue Lake,14,AGENT01097,VNDR00314
22/10/2020 0:00,TXN00003533,A00009142,PLC00003068,28/6/2018,13/10/2020,16/10/2020,Health,101.77,9000,Carrie Garcia,1879 South Cherry Hills Drive,,Fayetteville,AR,72701,739-07-9036,Y,59,78,Y,3,L,Own,HI,58851463,VTBG67372537977948,NA,A,Major Loss,Ambulance,0,1,DC,Washington,16,AGENT01045,
22/10/2020 0:00,TXN00003538,A00006623,PLC00001628,2/9/2011,17/10/2020,18/10/2020,Health,111.42,10000,Barbara Ohara,7808 Baltimore Annapolis Boulevard,,Glen Burnie,MD,21060,132-53-4376,Y,52,33,Y,6,L,Rent,MI,81615511,XPWU77007880319411,Bachelor,A,Minor Loss,Ambulance,1,1,AZ,Glendale,9,AGENT00851,VNDR00359
22/10/2020 0:00,TXN00003539,A00007278,PLC00005524,30/7/2011,11/10/2020,16/10/2020,Health,158.89,8000,Justin Akins,152 Teddy Drive,,Union City,CA,94587,359-12-4566,Y,63,83,N,7,L,Rent,HI,27476549,ULGI10572316919090,Masters,A,Major Loss,Ambulance,1,1,CO,Arvada,9,AGENT00167,VNDR00057
23/10/2020 0:00,TXN00003555,A00006572,PLC00004622,25/9/2017,10/10/2020,15/10/2020,Health,179.3,9000,Joyce Pegoda,9030 Pennington PIace,,Montgomery,AL,36117,501-89-7727,N,53,46,Y,3,M,Mortgage,HI,126823475,TKNV25445859094747,Bachelor,A,Total Loss,None,1,1,CO,Arvada,4,AGENT00534,VNDR00188
23/10/2020 0:00,TXN00003556,A00002451,PLC00005913,9/1/2017,7/10/2020,12/10/2020,Health,117.65,12000,Jason Duell,7405 River Park Drive,,Nashville,TN,37221,370-81-6692,N,64,13,Y,7,M,Mortgage,LI,55645371,YWWE26980544672790,Masters,A,Minor Loss,Ambulance,0,0,MD,Pasadena,1,AGENT00913,VNDR00553
23/10/2020 0:00,TXN00003562,A00007648,PLC00003372,2/2/2018,15/10/2020,18/10/2020,Health,170.12,7000,Micah Quezada,2305 Ranchland Drive,,Savannah,GA,31404,055-69-8403,Y,40,69,Y,6,L,Mortgage,MI,29655481,WMPN71496171307643,Masters,A,Major Loss,Ambulance,1,1,CA,Linda,12,AGENT00634,VNDR00420
24/10/2020 0:00,TXN00003578,A00007142,PLC00000019,18/12/2015,5/10/2020,10/10/2020,Health,196.25,7000,Petra Dansby,2348 Cantalise Drive,,Dublin,CA,94568,036-98-8660,Y,31,54,Y,5,L,Own,LI,107067768,UTLA10575657352109,Bachelor,A,Minor Loss,Police,0,1,KY,Lyndon,3,AGENT01173,
24/10/2020 0:00,TXN00003581,A00004184,PLC00007230,31/8/2010,8/10/2020,13/10/2020,Health,164.63,15000,Lucio Mchendry,1418 Paddocks Court,,Crownsville,MD,21032,046-62-9306,Y,31,31,Y,5,L,Rent,MI,101366342,GZDG35492062967146,Bachelor,A,Minor Loss,Ambulance,1,1,MA,Athol,15,AGENT00479,
24/10/2020 0:00,TXN00003587,A00006802,PLC00008338,28/12/2019,7/10/2020,12/10/2020,Health,178.94,8000,Loris Santana,8501 Twin Gable Drive,,Montgomery,AL,36116,737-97-0064,Y,40,100,Y,2,M,Mortgage,MI,97966665,GILR21206366230410,High School,A,Major Loss,Police,1,0,GA,Thunderbolt,11,AGENT00573,VNDR00139
24/10/2020 0:00,TXN00003591,A00002540,PLC00004946,10/7/2010,12/10/2020,17/10/2020,Health,109.83,14000,Shawn Thomas,3777 Mowry Avenue,#APT 17,Fremont,CA,94538,097-90-4102,Y,40,112,Y,2,L,Mortgage,MI,69493849,WCDO15925482332416,High School,A,Major Loss,Police,1,0,AL,Montgomery,18,AGENT00532,VNDR00058
24/10/2020 0:00,TXN00003592,A00001208,PLC00009846,3/11/2017,12/10/2020,17/10/2020,Health,166.24,11000,Anne Bybee,5209 North Dewey Avenue,,Oklahoma City,OK,73118,890-29-6295,N,27,99,Y,7,L,Rent,HI,33467034,YHGB67337007043260,College,A,Major Loss,Ambulance,1,1,MD,Glen Burnie,14,AGENT01147,VNDR00193
24/10/2020 0:00,TXN00003594,A00000347,PLC00003852,29/12/2010,5/10/2020,10/10/2020,Health,149.74,7000,Cathy Zhong,618 Ava Circle Northeast,,Washington,DC,20017,782-31-4252,Y,47,115,Y,7,M,Own,LI,19188133,PTRB49082713466958,Bachelor,A,Major Loss,None,1,1,AZ,Glendale,19,AGENT00312,VNDR00425
24/10/2020 0:00,TXN00003597,A00002842,PLC00007975,14/7/2017,15/10/2020,18/10/2020,Health,193.87,14000,Lillian Hopes,1623 Mines Road,,Lowell,VT,5847,472-73-0488,Y,46,51,Y,2,M,Mortgage,MI,14057719,JSKE77027400120953,Bachelor,A,Total Loss,Police,0,1,CO,Arvada,6,AGENT00577,
25/10/2020 0:00,TXN00003600,A00005689,PLC00002611,11/11/2013,19/10/2020,21/10/2020,Health,115.32,8000,Retta Whittenburg,53 Great Woods Road,,Saugus,MA,1906,872-74-0882,N,41,50,Y,7,H,Rent,MI,112775647,GZTD40461159752499,NA,A,Major Loss,Ambulance,1,1,AK,Anchorage,3,AGENT00267,VNDR00078
26/10/2020 0:00,TXN00003621,A00001143,PLC00003344,31/12/2014,17/10/2020,20/10/2020,Health,110.16,18000,Ryan Fox,3 Mad Anthony Lane,,Savannah,GA,31411,383-02-7117,Y,31,16,Y,2,M,Own,MI,50546734,VMDR64062305019706,Bachelor,A,Minor Loss,Ambulance,1,0,DC,Washington,12,AGENT00325,VNDR00243
26/10/2020 0:00,TXN00003624,A00003968,PLC00003517,12/9/2018,6/10/2020,11/10/2020,Health,107.02,10000,Jacqueline Spilis,26334 Adrian Avenue,,Hayward,CA,94545,517-63-6385,Y,25,119,Y,7,M,Rent,LI,61142169,ILEF22620367039317,High School,A,Major Loss,Police,1,1,DC,Washington,23,AGENT00992,VNDR00001
26/10/2020 0:00,TXN00003626,A00005134,PLC00008746,26/7/2013,10/10/2020,15/10/2020,Health,166.91,18000,William Watson,6505 South Lagoon Drive,,Panama City Beach,FL,32408,351-31-6785,Y,50,51,Y,4,L,Own,MI,96423837,LYGC27065658988732,Bachelor,A,Total Loss,Police,1,0,FL,Panama City,19,AGENT01070,VNDR00185
26/10/2020 0:00,TXN00003628,A00005747,PLC00003639,8/4/2018,7/10/2020,12/10/2020,Health,102.54,12000,Isabel Warney,836 Lamont Street Northwest,,Washington,DC,20010,603-82-2933,Y,35,74,Y,3,L,Own,LI,59145482,ZXIV50798206435190,Bachelor,A,Total Loss,Ambulance,1,1,CT,Groton,12,AGENT00607,VNDR00374
26/10/2020 0:00,TXN00003634,A00007354,PLC00001869,29/6/2018,15/10/2020,20/10/2020,Health,147.77,15000,Brian Howell,11 Meeting Place Circle,,Boxford,MA,1921,290-14-5194,Y,40,83,Y,4,L,Mortgage,MI,55471943,TMNU19304950423616,PhD,A,Minor Loss,Ambulance,1,1,AR,Fayetteville,22,AGENT00197,
26/10/2020 0:00,TXN00003638,A00007661,PLC00003525,14/11/2015,21/10/2020,22/10/2020,Health,101.26,15000,Barbara Wilbur,450 C Street,,Hayward,CA,94541,588-81-3991,Y,48,65,Y,4,L,Mortgage,HI,90443279,NSDP05361592108750,Bachelor,A,Total Loss,Ambulance,1,0,CO,Arvada,3,AGENT00639,
27/10/2020 0:00,TXN00003657,A00008933,PLC00007417,29/8/2010,8/10/2020,13/10/2020,Health,177.92,16000,David Harford,416 McIver Street,,Nashville,TN,37211,852-28-4184,Y,44,95,Y,5,M,Own,HI,72269154,BTZS18695804980813,High School,D,Total Loss,Police,0,0,CA,San Gabriel,17,AGENT00367,
27/10/2020 0:00,TXN00003659,A00004901,PLC00003202,15/10/2013,17/10/2020,20/10/2020,Health,194.46,3000,Carl Medcalf,21007 North 53rd Avenue,,Glendale,AZ,85308,028-01-8377,Y,26,60,Y,3,L,Mortgage,HI,100274095,IJBN60039993430811,Bachelor,A,Major Loss,Ambulance,1,1,CT,Manchester,9,AGENT00047,VNDR00445
27/10/2020 0:00,TXN00003668,A00004064,PLC00008697,4/8/2018,7/10/2020,12/10/2020,Health,147.3,9000,Jacob Ledet,3118 Sora Avenue,,Louisville,KY,40213,536-61-3995,Y,47,115,Y,3,M,Mortgage,LI,50672695,HLMG99269839596804,High School,A,Total Loss,Ambulance,1,1,VT,Sheffield,2,AGENT01133,
27/10/2020 0:00,TXN00003673,A00006506,PLC00007698,28/3/2013,9/10/2020,14/10/2020,Health,156.22,7000,Margie Lariviere,992 Sherwood Forest Road,,Annapolis,MD,21401,370-83-3385,Y,63,75,Y,7,H,Rent,HI,17886893,EEPF08028690226270,Bachelor,A,Minor Loss,Ambulance,0,1,AL,Montgomery,10,AGENT00048,VNDR00506
28/10/2020 0:00,TXN00003692,A00005060,PLC00000345,26/7/2013,17/10/2020,22/10/2020,Health,157.86,6000,Rachel Robinson,618 Ava Circle Northeast,,Washington,DC,20017,229-26-4509,Y,60,45,Y,6,H,Mortgage,HI,21466131,IABB30418358576383,Bachelor,A,Total Loss,Ambulance,1,1,CO,Arvada,17,AGENT00033,
28/10/2020 0:00,TXN00003693,A00000482,PLC00009991,5/11/2010,23/10/2020,24/10/2020,Health,198.91,9000,William Wade,18 Densmore Drive,,Essex,VT,5452,655-64-2866,Y,26,65,N,7,M,Rent,MI,26735692,XWQZ55682162206722,College,A,Total Loss,None,1,1,GA,Pooler,10,AGENT00027,VNDR00549
28/10/2020 0:00,TXN00003695,A00007440,PLC00002760,27/4/2016,23/10/2020,24/10/2020,Health,105.89,15000,Mary Roes,270 Tampa Drive,#M-1,Nashville,TN,37211,144-04-4336,Y,38,68,Y,7,L,Own,LI,39945864,VDID09790233160614,Bachelor,A,Major Loss,Ambulance,1,1,CA,Smartsville,17,AGENT00332,VNDR00078
29/10/2020 0:00,TXN00003707,A00000387,PLC00000351,12/2/2012,12/10/2020,17/10/2020,Health,130.49,10000,Clifford Pina,3325 Dix Street Northeast,,Washington,DC,20019,409-91-5637,Y,30,49,Y,6,M,Rent,HI,61370436,GYZK48971544011299,Masters,A,Minor Loss,Ambulance,1,1,CT,Manchester,8,AGENT00635,VNDR00082
29/10/2020 0:00,TXN00003712,A00007656,PLC00000075,5/2/2015,10/10/2020,15/10/2020,Health,138.51,1000,Matthew Fincham,1897 Poplar Ridge Road,,Pasadena,MD,21122,797-70-0023,Y,37,103,Y,7,M,Own,LI,120011542,IJKC02332087446729,Bachelor,A,Total Loss,Police,1,1,CO,Arvada,17,AGENT00731,VNDR00508
29/10/2020 0:00,TXN00003718,A00002248,PLC00008654,6/3/2015,20/10/2020,23/10/2020,Health,157.33,2000,Mark Garcia,2723 East Joyce Boulevard,,Fayetteville,AR,72703,789-41-5984,N,27,84,Y,7,L,Rent,MI,74614448,XRGT83065526071159,Bachelor,A,Major Loss,Other,0,1,CO,Arvada,2,AGENT01008,VNDR00451
30/10/2020 0:00,TXN00003725,A00007060,PLC00005090,4/11/2010,18/10/2020,23/10/2020,Health,179.81,4000,Travis Hust,378 Bonny Street,,Grand Junction,CO,81501,508-54-7233,N,31,34,Y,2,H,Mortgage,MI,64052654,VTYI39961469917071,Bachelor,A,Minor Loss,Ambulance,1,1,GA,Savannah,3,AGENT00301,
30/10/2020 0:00,TXN00003727,A00007657,PLC00008049,25/6/2017,13/10/2020,18/10/2020,Health,128.18,11000,Kathy Demers,93 Hamlin Street,,Manchester,CT,6040,197-29-3184,Y,51,110,Y,4,L,Mortgage,LI,116427027,VFGP29290028203460,Masters,A,Major Loss,Police,0,1,CA,Fremont,13,AGENT00401,
30/10/2020 0:00,TXN00003737,A00000935,PLC00009124,19/7/2012,22/10/2020,25/10/2020,Health,176.03,17000,Jason Coates,3033 Aubert Avenue,,Louisville,KY,40206,625-31-8450,Y,45,81,Y,3,H,Own,MI,119209226,GONF84793011015085,College,A,Total Loss,Ambulance,1,0,GA,Bloomingdale,18,AGENT00241,
30/10/2020 0:00,TXN00003738,A00001515,PLC00001963,4/6/2019,22/10/2020,25/10/2020,Health,123.94,1000,Rosemarie Behr,8726 Downey Road,,Severn,MD,21144,845-16-8982,N,28,20,Y,2,M,Rent,LI,67046913,VFQX93538238492036,College,A,Major Loss,Ambulance,1,1,CO,Arvada,19,AGENT01190,
30/10/2020 0:00,TXN00003744,A00008995,PLC00009258,2/1/2018,13/10/2020,18/10/2020,Health,124.03,1000,James Harvey,260 Rio Del Mar Boulevard,##14,Aptos,CA,95003,261-57-6998,N,53,115,Y,4,M,Mortgage,HI,106905986,MSWL51977896454195,Masters,A,Total Loss,Police,1,0,GA,Savannah,3,AGENT00360,
30/10/2020 0:00,TXN00003746,A00009426,PLC00005333,23/1/2011,11/10/2020,16/10/2020,Health,198.14,7000,Ted Durden,388 East Main Street,,,VT,5753,312-08-2373,Y,44,118,Y,7,L,Own,LI,86382137,WVVT47046219817811,NA,A,Total Loss,Police,1,1,AR,Fayetteville,15,AGENT00106,VNDR00094
30/10/2020 0:00,TXN00003751,A00007110,PLC00005679,19/11/2017,26/10/2020,27/10/2020,Health,122.03,14000,Elizabeth Miranda,9904 Daniel Drive,,Louisville,KY,40118,641-57-4923,Y,29,26,Y,2,M,Own,MI,111233009,WGGD82893743474942,College,A,Major Loss,Ambulance,0,1,AR,Fayetteville,6,AGENT00892,
31/10/2020 0:00,TXN00003758,A00005409,PLC00001965,19/11/2011,29/10/2020,29/10/2020,Health,112.05,17000,Charles Raleigh,8716 Astrid Avenue,,Louisville,KY,40228,840-20-2501,N,36,33,Y,5,H,Own,MI,87956025,RAMN49421808059370,High School,A,Minor Loss,None,0,1,DC,Washington,12,AGENT01069,
31/10/2020 0:00,TXN00003760,A00002853,PLC00006487,10/7/2019,18/10/2020,23/10/2020,Health,105.71,11000,Elton Jones,123 Elizabeth Drive,,Manchester,CT,6042,055-35-2750,Y,52,10,N,7,L,Mortgage,LI,112314671,EBUO09130442946249,High School,A,Minor Loss,Ambulance,1,1,AZ,Glendale,8,AGENT00369,VNDR00117
31/10/2020 0:00,TXN00003770,A00009844,PLC00004484,2/3/2018,27/10/2020,28/10/2020,Health,194.05,3000,Anthony Justice,8010 Holland Court,D,Arvada,CO,80005,813-69-1997,N,33,49,Y,7,M,Rent,LI,18271290,OVTT31976927367980,Bachelor,A,Total Loss,Ambulance,0,1,AZ,Litchfield Park,2,AGENT00050,VNDR00040
1/11/2020 0:00,TXN00003774,A00001279,PLC00002933,28/9/2011,13/10/2020,18/10/2020,Health,133.05,15000,Katherine Dipiano,159 North Pawlet Road,,Pawlet,VT,5761,077-07-6983,Y,50,87,Y,5,L,Rent,HI,27655506,FEPH18057726108989,Masters,A,Major Loss,Ambulance,1,1,GA,Pooler,7,AGENT00830,VNDR00248
1/11/2020 0:00,TXN00003781,A00000832,PLC00002174,30/10/2018,24/10/2020,27/10/2020,Health,115.8,10000,Jean Zahn,1497 Greenbrier Road,,West Sacramento,CA,95691,407-26-4005,Y,46,36,N,6,H,Rent,MI,128724624,QIOS78306226658282,High School,A,Major Loss,Police,0,0,AZ,Glendale,6,AGENT00011,
1/11/2020 0:00,TXN00003784,A00008631,PLC00001888,27/8/2011,22/10/2020,25/10/2020,Health,105.19,9000,Jessica Jones,61 Plymouth Lane,,Manchester,CT,6040,369-43-1906,Y,39,30,Y,6,M,Mortgage,HI,101152695,QHGE02724684768005,Bachelor,A,Total Loss,Police,0,1,KY,Louisville,9,AGENT00190,VNDR00192
1/11/2020 0:00,TXN00003785,A00007706,PLC00004145,24/10/2015,15/10/2020,20/10/2020,Health,175.14,2000,Brian Forney,2707 Wendell Avenue,,Louisville,KY,40205,124-25-2706,Y,50,44,N,7,M,Mortgage,MI,96193691,LVMT06719239609690,High School,A,Total Loss,Police,0,1,CO,Arvada,13,AGENT00765,VNDR00255
1/11/2020 0:00,TXN00003786,A00007339,PLC00002038,24/11/2012,17/10/2020,22/10/2020,Health,146.26,20000,Roger Renolds,565 Amber Isle,,Alameda,CA,94501,872-82-6268,Y,32,80,Y,6,H,Own,LI,15828426,CXMN37852503952164,Bachelor,A,Major Loss,Ambulance,1,1,AZ,Glendale,20,AGENT01182,VNDR00486
1/11/2020 0:00,TXN00003787,A00005044,PLC00003824,8/8/2018,22/10/2020,25/10/2020,Health,108.4,18000,Jerome Rollins,537 East Waldburg Street,,Savannah,GA,31401,467-98-8912,Y,34,59,Y,6,M,Rent,MI,96640131,JHMD18466247507812,College,A,Minor Loss,Police,1,0,AR,Farmington,22,AGENT01180,VNDR00099
1/11/2020 0:00,TXN00003793,A00004981,PLC00001618,9/10/2011,31/10/2020,31/10/2020,Health,157.1,20000,Michael Moen,3034 Mica Street,,Fayetteville,AR,72704,233-55-8337,N,64,61,Y,7,H,Rent,MI,90875067,DBTE99524530338568,College,A,Total Loss,Police,1,1,KY,Louisville,23,AGENT00343,VNDR00335
1/11/2020 0:00,TXN00003796,A00005112,PLC00001069,3/8/2016,25/10/2020,27/10/2020,Health,174.88,1000,Marian Lajoie,5434 West Beck Lane,,Glendale,AZ,85306,591-47-4993,Y,47,30,Y,7,M,Mortgage,MI,54513080,AGOG08444197118911,NA,A,Minor Loss,Police,0,0,GA,Pooler,5,AGENT00096,VNDR00451
2/11/2020 0:00,TXN00003809,A00002178,PLC00002842,11/6/2010,29/10/2020,30/10/2020,Health,165.92,19000,George Mosley,225 Claude Street,,Annapolis,MD,21401,542-06-7618,Y,31,80,Y,4,M,Own,HI,33239660,ZEBG34250217625814,College,A,Major Loss,Ambulance,0,0,MD,Odenton,12,AGENT00535,
3/11/2020 0:00,TXN00003815,A00002263,PLC00001261,26/11/2015,20/10/2020,25/10/2020,Health,133.24,6000,Samuel Smith,2631 Northrup Place,,Anchorage,AK,99508,762-14-5095,Y,36,26,Y,7,M,Mortgage,LI,99975874,SGDP04193828274121,High School,A,Total Loss,None,1,1,CO,Aurora,14,AGENT00172,VNDR00484
3/11/2020 0:00,TXN00003828,A00009182,PLC00000318,18/4/2011,26/10/2020,29/10/2020,Health,180.96,8000,June Royster,2531 Prestwick Avenue,,Concord,CA,94519,580-19-7107,Y,62,119,Y,6,M,Own,LI,114424792,UVGB22584695840770,MD,A,Minor Loss,Other,1,0,FL,Panama City Beach,22,AGENT00520,VNDR00170
3/11/2020 0:00,TXN00003829,A00006804,PLC00006686,19/6/2011,25/10/2020,28/10/2020,Health,117.53,5000,Mary Allen,4001 Anderson Road,#147,Nashville,TN,37217,549-34-6872,Y,41,107,Y,7,L,Own,MI,18174520,ISYH72299501776407,Bachelor,A,Total Loss,Police,0,1,AZ,Glendale,22,AGENT00811,VNDR00402
3/11/2020 0:00,TXN00003832,A00006552,PLC00009125,23/1/2011,31/10/2020,31/10/2020,Health,149.55,9000,Doug Prevost,60 Bagley Street,,Saint Johnsbury,VT,5819,687-76-2011,Y,36,46,Y,5,M,Mortgage,LI,95136659,LFSW57273873741665,High School,A,Minor Loss,Other,0,1,CT,Manchester,20,AGENT00430,VNDR00503
3/11/2020 0:00,TXN00003836,A00000846,PLC00000694,12/2/2011,23/10/2020,28/10/2020,Health,126.66,20000,Joseph Blassingame,1918 Spruce Street,,Boulder,CO,80302,705-08-6900,N,43,115,Y,6,H,Mortgage,HI,121165617,YFSW60011393024506,High School,A,Total Loss,Other,1,0,CT,Manchester,16,AGENT00979,VNDR00233
3/11/2020 0:00,TXN00003839,A00004280,PLC00003617,9/3/2014,30/10/2020,31/10/2020,Health,107.21,14000,Peter Wright,3111 West Ika Lane,,Fayetteville,AR,72704,639-62-7992,Y,56,39,Y,5,H,Rent,HI,68715081,YTCE02325950581016,MD,A,Major Loss,None,0,1,TN,Nashville,20,AGENT00292,VNDR00211
3/11/2020 0:00,TXN00003842,A00000916,PLC00004028,27/7/2012,1/11/2020,1/11/2020,Health,105.31,17000,Jose Seat,37608 2nd Street,,Fremont,CA,94536,851-83-5161,Y,53,86,Y,6,L,Rent,MI,88081371,YJIM80962552457927,Bachelor,A,Major Loss,Ambulance,0,1,MA,Mansfield,1,AGENT00898,VNDR00353
4/11/2020 0:00,TXN00003849,A00008762,PLC00009861,27/1/2017,19/10/2020,24/10/2020,Health,164.37,6000,Roberto Brown,5 Hibiscus Avenue,,Savannah,GA,31404,550-57-9043,Y,64,49,Y,7,H,Rent,LI,101859079,FZVZ28190430635349,Bachelor,A,Minor Loss,Police,1,0,AL,Montgomery,19,AGENT00360,VNDR00159
4/11/2020 0:00,TXN00003853,A00004008,PLC00005938,27/4/2018,20/10/2020,25/10/2020,Health,139.51,19000,Tawana Morris,2511 Hearst Avenue,#R 113,Berkeley,CA,94709,386-83-2443,Y,49,31,Y,4,M,Own,HI,119023716,MEKM60804011021372,Masters,A,Minor Loss,Ambulance,1,1,DC,Washington,17,AGENT00919,VNDR00096
4/11/2020 0:00,TXN00003864,A00005671,PLC00000495,22/7/2012,28/10/2020,30/10/2020,Health,125.42,1000,Martha Dorgan,42 Lake Lane,,Westmore,VT,5860,099-98-4226,N,31,64,Y,2,M,Rent,MI,70203866,YHDR55283484596855,Masters,A,Minor Loss,Police,1,1,CA,Mountain View,20,AGENT00675,VNDR00392
4/11/2020 0:00,TXN00003865,A00004875,PLC00003955,26/3/2016,26/10/2020,29/10/2020,Health,198.41,1000,Jeffrey Hill,295 Townes Drive,,Nashville,TN,37211,130-46-1137,Y,25,34,Y,3,L,Own,MI,34491122,VHUH37696614708225,High School,A,Major Loss,Other,1,1,KY,Louisville,17,AGENT00314,VNDR00263
4/11/2020 0:00,TXN00003868,A00009445,PLC00000763,12/12/2016,1/11/2020,1/11/2020,Health,171.05,14000,Wesley Bunting,34 Main Street,#5H,Gardner,MA,1440,264-56-2508,Y,52,93,Y,6,L,Mortgage,MI,16259382,YPYM92864902372216,Masters,A,Minor Loss,None,1,0,CA,Yucaipa,4,AGENT00065,VNDR00067
5/11/2020 0:00,TXN00003878,A00008381,PLC00004665,16/9/2016,29/10/2020,31/10/2020,Health,145.06,1000,Larry Pope,6818 North Lagoon Drive,,Panama City,FL,32408,255-52-3308,N,54,106,Y,4,M,Mortgage,HI,32675937,HXRI71207589954106,High School,A,Total Loss,Police,0,0,CT,Manchester,5,AGENT01133,
5/11/2020 0:00,TXN00003880,A00000880,PLC00005917,4/8/2012,23/10/2020,28/10/2020,Health,144.81,4000,Larry Bruce,235 Brock Bridge Road,,Laurel,MD,20724,116-52-9422,N,64,96,Y,4,M,Mortgage,MI,92465462,NQWH58299274485027,Masters,A,Minor Loss,Police,0,1,GA,Savannah,17,AGENT00114,VNDR00161
5/11/2020 0:00,TXN00003886,A00002529,PLC00008134,19/8/2011,31/10/2020,1/11/2020,Health,101.66,14000,Jodie Schreiber,253 Colt Drive,,Nashville,TN,37221,842-71-6444,Y,42,27,Y,6,M,Rent,MI,115748422,WGST74511903200707,High School,A,Total Loss,Police,0,1,AZ,Glendale,18,AGENT00948,
6/11/2020 0:00,TXN00003895,A00006899,PLC00003769,3/9/2010,3/11/2020,3/11/2020,Health,101.48,13000,Sarah Steffen,11843 North 60th Avenue,,Glendale,AZ,85304,629-68-5076,N,32,39,Y,4,H,Mortgage,HI,89558492,WFFN12168802626567,Masters,A,Major Loss,None,1,0,TN,Nashville,13,AGENT01055,VNDR00260
6/11/2020 0:00,TXN00003897,A00000039,PLC00000782,24/8/2016,29/10/2020,1/11/2020,Health,126.65,16000,Rose Beasley,68 Princeton Street,,Manchester,CT,6042,762-07-0726,Y,43,57,Y,3,L,Own,LI,52241338,BFYQ24397368639055,Bachelor,A,Minor Loss,Police,1,1,MD,Crofton,6,AGENT01142,
6/11/2020 0:00,TXN00003901,A00003079,PLC00003098,4/12/2011,20/10/2020,25/10/2020,Health,136.81,5000,James Seumanu,17615 Center Drive,,Fountain,FL,32438,069-41-5106,Y,46,116,Y,7,M,Own,MI,16075825,MDSE58512906921485,Bachelor,A,Minor Loss,Ambulance,1,0,AL,Montgomery,9,AGENT00012,
6/11/2020 0:00,TXN00003903,A00004138,PLC00009734,29/8/2011,30/10/2020,1/11/2020,Health,122.79,14000,Iris Murphy,2521 Naylor Road Southeast,,Washington,DC,20020,171-80-0920,Y,43,34,Y,4,L,Mortgage,LI,34896332,PYBW57221693547876,Bachelor,A,Total Loss,Ambulance,1,1,MA,Springfield,21,AGENT00965,VNDR00600
6/11/2020 0:00,TXN00003904,A00005640,PLC00009534,3/9/2013,27/10/2020,30/10/2020,Health,141.66,2000,Dora Loveall,7237 Wild Currant Way,,Oakland,CA,94611,060-55-9376,N,27,108,Y,2,L,Rent,MI,51163077,RJJS46324881209603,College,A,Major Loss,Ambulance,0,1,CT,Manchester,21,AGENT00703,VNDR00538
6/11/2020 0:00,TXN00003909,A00000776,PLC00004727,4/9/2016,23/10/2020,28/10/2020,Health,151.88,8000,Nicholas Butler,2315 Chestnut Street,,Montgomery,AL,36107,118-21-6259,N,60,104,Y,2,M,Rent,HI,120509245,HQQR39108243249294,High School,A,Total Loss,Ambulance,0,0,MA,Burlington,13,AGENT01165,VNDR00445
6/11/2020 0:00,TXN00003910,A00004335,PLC00001251,22/12/2019,2/11/2020,3/11/2020,Health,106.5,8000,Dennis Duvall,341 Oakland Street,,Manchester,CT,6042,191-92-8285,Y,26,52,Y,2,H,Mortgage,LI,26504409,ZZLX74034122938413,Bachelor,A,Major Loss,Ambulance,0,0,CA,Cupertino,19,AGENT00390,
6/11/2020 0:00,TXN00003917,A00007659,PLC00005453,3/2/2019,4/11/2020,4/11/2020,Health,101.53,12000,Gail Trotman,5611 North 61st Avenue,,Glendale,AZ,85301,066-94-2651,N,27,114,Y,2,H,Mortgage,MI,16800485,XHMR77254517084223,College,A,Minor Loss,Ambulance,0,0,AZ,Glendale,18,AGENT00675,VNDR00508
7/11/2020 0:00,TXN00003929,A00005387,PLC00009228,6/9/2018,30/10/2020,2/11/2020,Health,111.31,15000,Nicole Nelson,3919 Landherr Drive,,Louisville,KY,40299,176-22-0332,N,51,105,Y,7,M,Own,MI,28087911,RJNK04905173499989,Masters,D,Minor Loss,Police,0,1,MA,Newton,23,AGENT00292,VNDR00206
7/11/2020 0:00,TXN00003932,A00001866,PLC00007902,17/12/2015,27/10/2020,1/11/2020,Health,122.18,18000,Roland Jones,3114 US Highway 98,,Mexico Beach,FL,32456,326-99-9455,N,50,27,N,6,L,Rent,HI,81094857,ASSB13099899985526,High School,A,Total Loss,Ambulance,0,1,MD,Pasadena,2,AGENT00227,
7/11/2020 0:00,TXN00003937,A00003892,PLC00003614,18/11/2014,26/10/2020,31/10/2020,Health,159.45,5000,Reynaldo Hopper,6515 West Poinsettia Drive,,Glendale,AZ,85304,710-17-5234,N,63,101,Y,7,M,Rent,MI,35188382,EZOF98409720040428,High School,A,Minor Loss,Ambulance,1,1,AK,Anchorage,21,AGENT01043,
7/11/2020 0:00,TXN00003943,A00005825,PLC00007114,10/1/2011,31/10/2020,2/11/2020,Health,189.34,1000,Tyler Jesus,4001 19th Place Northeast,,Washington,DC,20018,173-50-0316,Y,59,105,Y,5,H,Rent,MI,33278155,EBTV75140118024186,Bachelor,A,Major Loss,Other,1,1,TN,Nashville,17,AGENT00658,VNDR00462
8/11/2020 0:00,TXN00003947,A00003207,PLC00005346,26/7/2015,22/10/2020,27/10/2020,Health,101.12,17000,Leila Jones,9346 West 66th Place,,Arvada,CO,80004,881-81-9521,Y,55,68,Y,6,L,Mortgage,MI,37145912,RQPS94710158626051,Bachelor,A,Major Loss,None,1,0,CA,Orange,8,AGENT00286,
8/11/2020 0:00,TXN00003953,A00001511,PLC00008418,10/12/2015,20/10/2020,25/10/2020,Health,183.9,15000,Robbie Maxwell,3718 Bay Tree Road,,Lynn Haven,FL,32444,631-12-7805,Y,32,65,Y,3,L,Own,LI,80871835,NGJT75492725709193,MD,A,Total Loss,None,1,1,CO,Arvada,16,AGENT01032,VNDR00483
8/11/2020 0:00,TXN00003954,A00003332,PLC00007167,17/4/2012,21/10/2020,26/10/2020,Health,167.85,19000,James Poteat,3770 North Front Street,,Fayetteville,AR,72703,559-18-2162,Y,59,52,N,2,M,Mortgage,MI,22579784,FUBF45064117392450,Bachelor,A,Major Loss,Ambulance,1,0,AL,Montgomery,8,AGENT00854,VNDR00171
8/11/2020 0:00,TXN00003963,A00006512,PLC00004472,25/1/2020,23/10/2020,28/10/2020,Health,128.01,15000,James Poloskey,6391 West 60th Avenue,#210,Arvada,CO,80003,192-06-2696,Y,57,31,Y,6,H,Mortgage,HI,88151191,HVHR14210138850145,Bachelor,A,Total Loss,Police,0,0,DC,Washington,22,AGENT00402,VNDR00597
8/11/2020 0:00,TXN00003969,A00005025,PLC00003044,25/2/2013,31/10/2020,3/11/2020,Health,101.81,2000,Esther Deleon,244 La Normandy Drive,,Louisville,KY,40223,056-89-6225,Y,41,40,Y,6,L,Rent,MI,15805708,SSFL91504425197006,Masters,A,Major Loss,None,1,1,KY,Louisville,20,AGENT00485,VNDR00458
8/11/2020 0:00,TXN00003980,A00000732,PLC00000054,8/11/2017,30/10/2020,2/11/2020,Health,107.45,15000,Tom Cohen,102 Derondo Street,,Panama City Beach,FL,32413,615-40-4342,N,40,75,Y,2,M,Rent,LI,50475258,WXHU33865781892574,High School,A,Major Loss,None,1,1,AZ,Glendale,20,AGENT01195,VNDR00443
9/11/2020 0:00,TXN00003995,A00006003,PLC00009993,9/6/2019,30/10/2020,2/11/2020,Health,139.36,2000,Joseph Albertson,600 West North Street,#D2,Fayetteville,AR,72701,894-86-1550,Y,35,7,Y,6,L,Mortgage,LI,36061398,GKEL21663546978071,College,A,Total Loss,Police,0,1,CA,Orange,7,AGENT00200,VNDR00315
9/11/2020 0:00,TXN00003997,A00006259,PLC00001604,10/7/2012,27/10/2020,1/11/2020,Health,141.6,3000,Clyde Flores,2010 Rising Hill Drive,,Norman,OK,73071,566-61-9175,N,40,65,Y,5,M,Rent,MI,128344839,HBRT06974561821295,Bachelor,A,Total Loss,Ambulance,1,1,CA,San Leandro,17,AGENT00705,VNDR00332
9/11/2020 0:00,TXN00004007,A00004735,PLC00001477,9/11/2016,20/10/2020,25/10/2020,Health,170.45,14000,Faith Mackinnon,604 Northwest 118th Street,,Oklahoma City,OK,73114,756-27-9384,Y,61,68,Y,3,L,Rent,HI,111431843,JASA44520826269120,High School,A,Minor Loss,None,1,0,AR,Fayetteville,3,AGENT00198,VNDR00355
9/11/2020 0:00,TXN00004008,A00001388,PLC00007158,1/11/2019,24/10/2020,29/10/2020,Health,199.73,4000,Daniel Corona,8709 Peeble Lane,,Louisville,KY,40272,233-55-2251,Y,34,29,Y,4,M,Rent,MI,124989450,HCYO90876855551662,Bachelor,A,Total Loss,Other,1,1,FL,Panama City,3,AGENT00861,
9/11/2020 0:00,TXN00004009,A00000944,PLC00002523,18/2/2012,5/11/2020,6/11/2020,Health,112.39,13000,Gerard Lang,2538 East 40th Plaza,,Panama City,FL,32405,410-70-1119,Y,64,59,Y,7,L,Own,MI,126285204,RMWR27754182034735,Masters,A,Total Loss,Police,1,0,AZ,Glendale,17,AGENT00069,
9/11/2020 0:00,TXN00004011,A00000363,PLC00001373,31/10/2013,23/10/2020,28/10/2020,Health,153.49,7000,Joshua Nevarez,6717 North 59th Avenue,,Glendale,AZ,85301,632-66-5980,Y,27,54,Y,6,L,Mortgage,HI,37290579,ZMMD00717349618698,MD,A,Major Loss,Ambulance,1,0,TN,Nashville,11,AGENT00033,VNDR00031
9/11/2020 0:00,TXN00004012,A00003369,PLC00000276,19/7/2015,20/10/2020,25/10/2020,Health,198.91,20000,Tim Hugo,707 Pinkston Street,,Montgomery,AL,36109,284-47-3000,Y,59,107,Y,7,M,Mortgage,LI,21097416,GJYD82364797988846,Bachelor,A,Total Loss,Ambulance,1,1,DC,Washington,6,AGENT00530,VNDR00417
9/11/2020 0:00,TXN00004013,A00003399,PLC00004249,28/11/2014,5/11/2020,6/11/2020,Health,104.84,5000,Steven Patterson,57 Birdie Lane,,Tewksbury,MA,1876,357-66-4608,Y,27,15,Y,3,L,Rent,MI,24380078,GNQG48422095722849,High School,A,Minor Loss,Police,1,1,MD,Annapolis,12,AGENT01158,VNDR00137
10/11/2020 0:00,TXN00004025,A00002212,PLC00008828,12/7/2012,9/11/2020,9/11/2020,Health,167.19,14000,Anita Anderson,56 Gardner Street,,Manchester,CT,6040,697-85-9005,Y,27,87,Y,7,L,Own,HI,38924734,EUIW54775376747728,Bachelor,A,Total Loss,Ambulance,1,1,CO,Arvada,14,AGENT00692,
10/11/2020 0:00,TXN00004032,A00001022,PLC00007058,16/8/2015,30/10/2020,4/11/2020,Health,112.13,18000,Mary Newell,1318 22nd Street Northwest,,Washington,DC,20037,808-70-6145,Y,44,51,Y,7,M,Own,MI,39442655,ZPVP57047458451440,Bachelor,A,Total Loss,Ambulance,1,1,MD,Gambrills,18,AGENT01126,VNDR00570
10/11/2020 0:00,TXN00004049,A00003810,PLC00009791,24/9/2011,28/10/2020,2/11/2020,Health,147.18,5000,Christopher Harris,713 East 32nd Street,,Savannah,GA,31401,753-39-4244,Y,28,39,Y,6,L,Mortgage,HI,112273864,ADUM53248854567439,Bachelor,A,Minor Loss,Ambulance,0,0,AL,Montgomery,16,AGENT00671,VNDR00112
10/11/2020 0:00,TXN00004050,A00003784,PLC00007324,6/4/2011,28/10/2020,2/11/2020,Health,106.88,11000,Sandra Gillum,22 Star Farms Drive,,Manchester,CT,6040,812-97-4878,Y,51,15,Y,5,L,Own,MI,83866287,ACQH87349154186471,Masters,A,Total Loss,Ambulance,1,1,AL,Montgomery,12,AGENT00515,VNDR00102
11/11/2020 0:00,TXN00004063,A00008997,PLC00006489,4/6/2018,30/10/2020,4/11/2020,Health,167.65,11000,Winston White,22424 Birchwood Loop Road,,Anchorage,AK,99567,597-57-1118,Y,31,118,Y,3,M,Mortgage,MI,125487715,CYVI92613438242901,Masters,A,Total Loss,Ambulance,1,1,MD,Annapolis,9,AGENT01081,VNDR00430
11/11/2020 0:00,TXN00004071,A00009164,PLC00005800,9/12/2017,7/11/2020,8/11/2020,Health,172.87,5000,Bessie Larson,29 Vista Flores,,Pleasanton,CA,94566,444-13-7706,Y,46,64,Y,6,L,Rent,HI,112493851,SJIL24633523107158,NA,A,Total Loss,Ambulance,1,0,DC,Washington,22,AGENT00214,
12/11/2020 0:00,TXN00004075,A00008003,PLC00000426,27/1/2012,4/11/2020,7/11/2020,Health,194.25,19000,William Pita,8 Elmwood Drive,,Rutland,VT,5701,356-01-4010,Y,60,48,Y,3,M,Own,MI,64692140,XUXX79299697993762,Bachelor,D,Total Loss,Police,1,0,TN,Nashville,14,AGENT00370,
12/11/2020 0:00,TXN00004077,A00001043,PLC00007711,19/8/2012,27/10/2020,1/11/2020,Health,177.42,12000,Joan Smith,467 Biscayne Avenue Northwest,,Palm Bay,FL,32907,700-98-0461,Y,37,106,Y,5,H,Rent,HI,90980596,ZRXR19977794031671,MD,A,Total Loss,Ambulance,1,1,TN,Nashville,19,AGENT00915,VNDR00119
12/11/2020 0:00,TXN00004079,A00008364,PLC00009007,24/11/2015,5/11/2020,7/11/2020,Health,152.97,13000,William Carrillo,3414 Vance Lane,,Montgomery,AL,36109,416-11-4067,N,30,20,Y,4,M,Rent,HI,56427608,BXJN88752766603859,College,A,Minor Loss,Ambulance,0,0,AR,Fayetteville,3,AGENT00487,VNDR00104
12/11/2020 0:00,TXN00004080,A00007892,PLC00007353,16/8/2012,23/10/2020,28/10/2020,Health,116.83,15000,Eric Stevenson,281 MacArthur Boulevard,,Oakland,CA,94610,511-12-0315,Y,64,113,Y,2,M,Rent,MI,24131861,ESYF88051255027654,MD,A,Total Loss,Ambulance,0,0,OK,Oklahoma City,6,AGENT00080,VNDR00500
12/11/2020 0:00,TXN00004081,A00004217,PLC00006345,18/10/2015,27/10/2020,1/11/2020,Health,139.02,14000,Mary Colbert,649 South 41st Street,,Louisville,KY,40211,229-05-6462,Y,33,78,Y,4,H,Mortgage,MI,74785212,UWOY01593164080539,Bachelor,A,Minor Loss,Other,0,0,FL,Lynn Haven,22,AGENT00055,VNDR00425
12/11/2020 0:00,TXN00004088,A00004892,PLC00003935,26/7/2010,8/11/2020,9/11/2020,Health,188.66,15000,Sirena Gregory,4602 West Luke Avenue,,Glendale,AZ,85301,157-59-4032,Y,44,104,Y,2,L,Own,LI,57366250,CJVD85758174798180,High School,A,Major Loss,Ambulance,1,1,MD,Millersville,11,AGENT00556,
13/11/2020 0:00,TXN00004095,A00006546,PLC00007165,27/3/2013,3/11/2020,6/11/2020,Health,182.57,20000,Jerry Adkins,5581 Nolan Street,,Arvada,CO,80002,686-13-4471,Y,49,74,Y,7,L,Mortgage,MI,18047356,HEJT12136996259765,Masters,A,Minor Loss,Ambulance,1,1,AL,Montgomery,17,AGENT00901,
15/11/2020 0:00,TXN00004126,A00004763,PLC00000153,26/10/2015,8/11/2020,10/11/2020,Health,108.73,5000,Richard Bentley,420 D Street Northwest,,Ardmore,OK,73401,747-77-2015,Y,36,14,Y,2,M,Mortgage,HI,88286914,NAWK65416638362063,High School,A,Minor Loss,None,1,0,DC,Washington,9,AGENT01105,VNDR00523
15/11/2020 0:00,TXN00004149,A00007510,PLC00004429,3/1/2017,30/10/2020,4/11/2020,Health,121.36,6000,Elaine Plumlee,388 East Main Street,,,VT,5753,177-88-3320,Y,56,12,Y,5,L,Own,HI,65130821,JHVD55944702782645,High School,A,Major Loss,Ambulance,1,1,CA,Rancho Palos Verdes,10,AGENT00215,VNDR00357
16/11/2020 0:00,TXN00004162,A00007092,PLC00000362,5/3/2011,4/11/2020,9/11/2020,Health,129.94,3000,Lucius Contreras,234 East Beach Drive,,Panama City,FL,32401,424-49-3096,Y,47,95,Y,4,M,Own,LI,49970793,GCSP97002494281477,Bachelor,A,Total Loss,None,1,1,CA,Berkeley,20,AGENT00818,
16/11/2020 0:00,TXN00004175,A00002168,PLC00005944,25/12/2017,5/11/2020,10/11/2020,Health,138.71,2000,Deborah Wilson,716 Waller Road,,Brentwood,TN,37027,762-98-1117,Y,51,82,N,3,M,Rent,LI,57449957,GTXT84285489029703,Bachelor,A,Major Loss,Ambulance,1,1,CA,Santa Clara,11,AGENT01013,
17/11/2020 0:00,TXN00004180,A00001990,PLC00001257,7/5/2014,11/11/2020,13/11/2020,Health,144.76,14000,Christopher Sheppard,1600 20th Street Northwest,,Washington,DC,20009,473-58-6664,Y,42,17,Y,2,M,Rent,HI,52713853,ZRTW57009140215768,High School,A,Minor Loss,Ambulance,1,1,AR,Fayetteville,18,AGENT00408,
17/11/2020 0:00,TXN00004193,A00006584,PLC00009342,13/4/2019,14/11/2020,14/11/2020,Health,154,15000,Denny Harvey,3728 9th Street Northwest,,Washington,DC,20010,046-92-3420,Y,57,81,Y,6,H,Own,LI,115594427,IKYF97568320317115,NA,A,Total Loss,Ambulance,1,1,TN,Nashville,6,AGENT00796,VNDR00120
17/11/2020 0:00,TXN00004202,A00007224,PLC00009669,19/3/2018,12/11/2020,13/11/2020,Health,100.41,16000,Terri Daquino,6407 West Monte Cristo Avenue,,Glendale,AZ,85306,842-91-9028,Y,57,108,Y,4,M,Mortgage,LI,31603094,GJVC72225144705257,College,A,Major Loss,None,1,1,KY,Louisville,10,AGENT01034,VNDR00104
18/11/2020 0:00,TXN00004209,A00004532,PLC00009560,9/11/2012,4/11/2020,9/11/2020,Health,133.68,9000,Mindy Eaton,1428 Flatwood Court,,Crofton,MD,21114,236-72-6005,Y,28,24,Y,7,L,Own,LI,126364523,UDRF33667588419085,High School,A,Major Loss,Police,1,1,DC,Washington,17,AGENT00831,
18/11/2020 0:00,TXN00004211,A00002000,PLC00007498,25/9/2017,7/11/2020,12/11/2020,Health,104.81,2000,Martha Sanders,1217 Greenwood Court,,Nashville,TN,37206,559-30-9614,Y,47,79,Y,3,M,Own,MI,94818732,DYHX29719461213831,NA,A,Total Loss,Police,0,1,MA,Westfield,4,AGENT00792,
18/11/2020 0:00,TXN00004217,A00009807,PLC00000005,4/10/2016,11/11/2020,13/11/2020,Health,112.84,17000,David Criswell,14854 Bay View Circle,,Panama City Beach,FL,32413,324-74-7519,Y,58,42,Y,7,L,Mortgage,MI,59565994,BMJK64988180971959,Bachelor,A,Minor Loss,Police,1,1,TN,Nashville,16,AGENT00812,
18/11/2020 0:00,TXN00004225,A00008165,PLC00009249,19/1/2011,17/11/2020,17/11/2020,Health,120.66,12000,Veronica Askew,908 Lodge Hill Road,,Louisville,KY,40223,471-72-0230,Y,29,37,Y,5,M,Own,HI,104025059,OQKI98220774693915,Bachelor,A,Major Loss,Ambulance,1,0,OK,Moore,4,AGENT00282,VNDR00330
18/11/2020 0:00,TXN00004229,A00003905,PLC00002202,30/6/2017,15/11/2020,15/11/2020,Health,114,19000,Nancy Jones,2765 North Barcelona Avenue,,Fayetteville,AR,72703,643-79-4884,Y,62,49,N,5,H,Own,MI,89181733,HGYN10321476443514,College,A,Minor Loss,None,1,1,CA,San Jose,2,AGENT00777,
19/11/2020 0:00,TXN00004236,A00002104,PLC00005494,1/9/2015,9/11/2020,12/11/2020,Health,126.02,2000,Clifford Freiseis,301 East Court,,Savannah,GA,31404,845-23-7761,Y,58,18,Y,6,L,Mortgage,MI,94439959,EHPO32472814942169,MD,A,Total Loss,None,1,0,AR,Fayetteville,17,AGENT00175,VNDR00361
19/11/2020 0:00,TXN00004243,A00007623,PLC00000105,17/5/2016,3/11/2020,8/11/2020,Health,149.86,15000,Joshua Rodriguez,9399 Yucca Way,,Arvada,CO,80007,078-87-5831,Y,56,35,N,6,M,Rent,MI,86443513,YDUW27751778484665,Bachelor,A,Major Loss,Ambulance,1,1,GA,Pooler,19,AGENT00645,VNDR00170
19/11/2020 0:00,TXN00004246,A00009329,PLC00008770,7/10/2015,15/11/2020,16/11/2020,Health,127.54,11000,Eric Gaff,578 Vermont 30,,Newfane,VT,5345,082-99-3795,Y,40,87,Y,2,L,Rent,LI,103117719,KXBE83237318698220,Masters,A,Minor Loss,Police,1,1,VT,Colchester,23,AGENT00173,
19/11/2020 0:00,TXN00004256,A00003427,PLC00003793,17/11/2019,6/11/2020,11/11/2020,Health,189.63,1000,Gail King,1761 Thousand Oaks Boulevard,M,Berkeley,CA,94707,735-19-3653,Y,59,84,Y,6,L,Mortgage,MI,84559357,OLEN86014145799610,Bachelor,A,Minor Loss,Ambulance,0,1,MD,Crofton,22,AGENT00531,
20/11/2020 0:00,TXN00004270,A00005955,PLC00003203,20/1/2011,5/11/2020,10/11/2020,Health,140.37,1000,William Bloomfield,120 Depot Street,#3,Easton,MA,2375,417-58-2490,Y,31,61,Y,4,M,Own,MI,14252080,PODV70258678217968,High School,A,Major Loss,Ambulance,1,1,AZ,Glendale,9,AGENT00516,VNDR00440
20/11/2020 0:00,TXN00004275,A00008777,PLC00008080,10/4/2011,5/11/2020,10/11/2020,Health,108.73,1000,Marjorie Crosslin,2715 Thornbrook Court,,Odenton,MD,21113,382-25-3385,N,44,25,Y,4,L,Own,MI,56075966,OARN40621947090161,Bachelor,A,Major Loss,Police,1,1,TN,Nashville,2,AGENT00988,VNDR00211
20/11/2020 0:00,TXN00004276,A00007918,PLC00001974,2/1/2012,7/11/2020,12/11/2020,Health,182.03,19000,Teresa Huver,2222 Martin Luther King Junior Boulevard,,Fayetteville,AR,72701,356-36-3603,Y,49,10,Y,3,L,Rent,MI,27074051,HETM45835950721744,Bachelor,A,Major Loss,Police,1,0,DC,Washington,4,AGENT01115,VNDR00082
20/11/2020 0:00,TXN00004277,A00009158,PLC00004814,30/4/2014,7/11/2020,12/11/2020,Health,101.26,15000,Angela Zahar,5514 West Altadena Avenue,,Glendale,AZ,85304,180-81-5271,N,52,19,Y,2,M,Mortgage,MI,106275302,HMTZ39382161545223,Bachelor,A,Minor Loss,None,1,1,AR,Fayetteville,8,AGENT00627,
20/11/2020 0:00,TXN00004287,A00005781,PLC00007589,15/12/2012,9/11/2020,14/11/2020,Health,141.3,10000,Wilfredo Fernandez,3728 9th Street Northwest,,Washington,DC,20010,385-47-2419,N,29,64,N,6,L,Rent,LI,105942733,FBBZ50295430029165,MD,A,Total Loss,None,0,1,MD,Pasadena,20,AGENT01117,VNDR00313
21/11/2020 0:00,TXN00004301,A00005436,PLC00006029,13/3/2013,9/11/2020,14/11/2020,Health,106.91,16000,Barbara Mathews,6851 Howard Avenue,,Anchorage,AK,99504,647-87-0639,N,29,95,Y,2,L,Mortgage,LI,84038438,UWLW36161135506730,Bachelor,A,Minor Loss,None,1,0,AK,Anchorage,6,AGENT00945,VNDR00403
21/11/2020 0:00,TXN00004307,A00003758,PLC00007630,10/6/2016,4/11/2020,9/11/2020,Health,117.29,18000,Carolyn Banks,3521 Stargate Circle,,Anchorage,AK,99517,358-79-4446,Y,30,22,Y,5,L,Rent,MI,53113494,KYGY34078848400988,PhD,A,Minor Loss,Other,1,1,KY,Louisville,0,AGENT00288,VNDR00034
22/11/2020 0:00,TXN00004322,A00003144,PLC00004870,11/6/2010,2/11/2020,7/11/2020,Health,159.98,13000,Kim Harris,27 Church Street,,Manchester,CT,6040,878-04-1178,Y,57,20,Y,4,H,Mortgage,HI,120151680,WPVK61624040610009,High School,A,Total Loss,Ambulance,1,1,AR,Fayetteville,12,AGENT01095,VNDR00058
22/11/2020 0:00,TXN00004323,A00003265,PLC00006698,8/8/2010,8/11/2020,13/11/2020,Health,160.86,17000,Bertha Lee,43 Main Street,,Essex,VT,5452,296-40-0150,Y,36,68,Y,7,M,Rent,HI,57617941,XUAX17363813957368,Bachelor,A,Major Loss,Police,0,1,GA,Savannah,20,AGENT00258,VNDR00306
22/11/2020 0:00,TXN00004324,A00006355,PLC00002169,28/6/2019,14/11/2020,17/11/2020,Health,178.83,20000,Jasmine Green,105 Courtland Drive,,Montgomery,AL,36105,314-08-8909,N,33,110,Y,4,M,Mortgage,MI,79647177,DOUO40382127415750,NA,A,Minor Loss,None,1,1,TN,Brentwood,3,AGENT00189,VNDR00458
22/11/2020 0:00,TXN00004327,A00002373,PLC00006379,10/10/2010,19/11/2020,19/11/2020,Health,128.77,2000,Judy Douglas,4812 Alton Place Northwest,,Washington,DC,20016,863-34-1685,Y,62,96,Y,3,M,Own,HI,105166959,DZDW40412340864033,College,A,Total Loss,Ambulance,1,1,OK,Oklahoma City,2,AGENT00085,VNDR00029
22/11/2020 0:00,TXN00004332,A00001601,PLC00008167,17/1/2011,21/11/2020,21/11/2020,Health,118.1,18000,Jim Feliciano,1838 North Scull Creek Drive,,Fayetteville,AR,72703,648-89-4646,N,61,91,Y,5,L,Rent,MI,59851420,LJKQ14302758509426,Bachelor,A,Minor Loss,Police,1,1,FL,Lynn Haven,1,AGENT00432,VNDR00060
23/11/2020 0:00,TXN00004341,A00005697,PLC00007625,30/6/2010,10/11/2020,15/11/2020,Health,140.86,2000,Lemuel Harrison,606 Lincoln Street,,Savannah,GA,31401,097-40-4199,N,50,108,Y,4,M,Own,LI,17876353,XPHP29197380348320,Masters,A,Minor Loss,Ambulance,1,1,AK,Anchorage,7,AGENT00421,VNDR00141
23/11/2020 0:00,TXN00004345,A00003468,PLC00007086,1/6/2011,15/11/2020,18/11/2020,Health,194.17,8000,Barry Williams,6522 Harlan Street,,Arvada,CO,80003,079-02-0848,Y,56,96,Y,6,L,Own,LI,61074949,PECQ52600107552818,Bachelor,A,Total Loss,Other,0,0,AR,Fayetteville,3,AGENT00216,
23/11/2020 0:00,TXN00004362,A00001310,PLC00008218,21/12/2019,4/11/2020,9/11/2020,Health,195.68,17000,Daniel Mensalvas,3027 Badger Drive,,Pleasanton,CA,94566,435-43-8966,Y,32,33,Y,5,L,Own,MI,34267893,CMYF37848635521790,Bachelor,A,Total Loss,Police,0,0,TN,Nolensville,9,AGENT00923,VNDR00292
23/11/2020 0:00,TXN00004365,A00006601,PLC00005291,4/3/2017,3/11/2020,8/11/2020,Health,134.94,16000,Steven Caponigro,25538 Calaroga Avenue,,Hayward,CA,94545,026-06-9447,Y,64,44,Y,4,L,Mortgage,MI,113088689,DCBG32327367466621,High School,A,Total Loss,Ambulance,1,0,CA,Hanford,20,AGENT00968,VNDR00550
24/11/2020 0:00,TXN00004374,A00000401,PLC00000392,27/3/2015,12/11/2020,17/11/2020,Health,198.89,17000,Gregory Steier,9306 Taylorsville Road,,Louisville,KY,40299,450-45-8081,Y,39,66,Y,2,L,Own,MI,81204728,ZZRL57515599646269,NA,A,Major Loss,Police,1,1,CA,Linda,5,AGENT00932,
24/11/2020 0:00,TXN00004378,A00007169,PLC00005402,26/9/2016,22/11/2020,22/11/2020,Health,153.13,9000,Marie Hood,741 Amity Lane,,Montgomery,AL,36117,169-31-7957,Y,27,37,Y,3,H,Mortgage,LI,74956122,FEEU78669445009387,Bachelor,A,Major Loss,Police,1,0,AL,Montgomery,3,AGENT01132,
24/11/2020 0:00,TXN00004384,A00001202,PLC00005429,24/9/2011,4/11/2020,9/11/2020,Health,172.31,11000,Lisa Apel,1364 Capri Drive,,Panama City,FL,32405,259-09-4108,N,48,10,Y,5,H,Mortgage,MI,96659119,IIHS94978698490118,High School,A,Total Loss,None,0,1,AR,Fayetteville,14,AGENT00499,VNDR00389
24/11/2020 0:00,TXN00004389,A00005823,PLC00008266,17/4/2018,13/11/2020,18/11/2020,Health,194.42,14000,Florence Bolden,2732 West 67th Avenue,,Anchorage,AK,99502,527-64-8265,Y,33,12,Y,6,L,Mortgage,HI,15020842,KURC25878965188685,Bachelor,A,Major Loss,Police,0,1,GA,Savannah,14,AGENT00472,
25/11/2020 0:00,TXN00004393,A00009103,PLC00000317,23/7/2018,12/11/2020,17/11/2020,Health,128.67,12000,Angela Sampsell,1643 North Jordan Lane,,Fayetteville,AR,72703,879-13-5765,Y,53,85,Y,3,M,Mortgage,MI,75663265,OXZP78894478243778,College,A,Major Loss,Ambulance,0,1,CA,Piedmont,20,AGENT00763,VNDR00249
25/11/2020 0:00,TXN00004396,A00002357,PLC00000981,13/11/2010,12/11/2020,17/11/2020,Health,183.87,4000,Lois Vanscyoc,316 20th Street Northeast,,Washington,DC,20002,636-73-0651,Y,63,72,Y,6,H,Own,MI,87799787,XQPI31947452522842,PhD,A,Total Loss,Ambulance,0,1,CT,Manchester,10,AGENT00586,
25/11/2020 0:00,TXN00004397,A00003031,PLC00003554,1/10/2018,6/11/2020,11/11/2020,Health,131.99,1000,Lucy Bundy,1261 Steamboat Drive,#3,Fayetteville,AR,72704,653-39-5028,N,63,58,Y,7,L,Own,HI,65208685,EUOZ89971617310396,College,A,Minor Loss,Ambulance,1,0,CO,Arvada,23,AGENT01200,VNDR00445
25/11/2020 0:00,TXN00004410,A00007304,PLC00002655,2/6/2013,13/11/2020,18/11/2020,Health,189.7,14000,Vincent Erickson,1309 Clay Avenue,,Panama City,FL,32401,513-93-2101,Y,25,56,Y,7,H,Mortgage,HI,15360379,JUVP86205396538155,High School,A,Major Loss,Other,1,1,CT,Manchester,3,AGENT00291,
25/11/2020 0:00,TXN00004411,A00004060,PLC00005217,20/3/2016,22/11/2020,22/11/2020,Health,192.92,16000,Betty Bernard,9401 3rd Street Road,,Louisville,KY,40272,488-97-2661,N,43,94,Y,5,M,Mortgage,MI,52568516,DFHQ79195835779613,High School,A,Total Loss,Ambulance,1,1,AK,Anchorage,15,AGENT00908,VNDR00453
25/11/2020 0:00,TXN00004416,A00002372,PLC00005865,30/8/2016,10/11/2020,15/11/2020,Health,140.69,8000,Rafael Weaver,1 Pond View Road,,Proctor,VT,5765,348-75-3628,Y,28,68,Y,4,M,Mortgage,MI,118122294,XDDX72250664641773,PhD,A,Total Loss,Police,1,1,DC,Washington,1,AGENT00492,VNDR00166
25/11/2020 0:00,TXN00004417,A00001378,PLC00007138,6/12/2015,10/11/2020,15/11/2020,Health,110.87,4000,Pasquale Polhemus,316 Sourwood Court,R,Millersville,MD,21108,295-72-9458,Y,26,85,Y,4,L,Rent,MI,83081538,LEEJ49556756749251,Bachelor,A,Total Loss,None,1,0,DC,Washington,0,AGENT00929,
26/11/2020 0:00,TXN00004426,A00008722,PLC00005964,17/3/2015,23/11/2020,23/11/2020,Health,108.58,13000,Theodore Mendibles,8404 South Villa Avenue,,Oklahoma City,OK,73159,415-02-7296,Y,31,57,Y,6,H,Rent,HI,17128991,PFZS85192634398575,Bachelor,A,Major Loss,Other,0,1,OK,Oklahoma City,22,AGENT00608,VNDR00120
26/11/2020 0:00,TXN00004435,A00001424,PLC00008105,19/5/2017,23/11/2020,23/11/2020,Health,139.17,19000,Karen Givens,1742 Allerford Drive,,Hanover,MD,21076,601-64-8093,Y,59,104,Y,7,L,Mortgage,LI,73490896,UHOB69094110003465,Bachelor,A,Major Loss,Ambulance,0,1,MD,Annapolis,16,AGENT00011,VNDR00422
26/11/2020 0:00,TXN00004440,A00007356,PLC00007783,24/5/2012,19/11/2020,21/11/2020,Health,194.84,16000,Lucia Armstrong,788 Williamson Road,,Montgomery,AL,36109,832-71-0130,Y,42,90,Y,6,L,Own,LI,85551558,NXZA88470446715258,Bachelor,A,Minor Loss,None,1,1,OK,Edmond,6,AGENT00024,
26/11/2020 0:00,TXN00004441,A00000177,PLC00005022,26/7/2015,20/11/2020,22/11/2020,Health,160.8,8000,Samuel Melancon,1126 Oates Street Northeast,,Washington,DC,20002,323-55-4252,Y,54,117,N,2,M,Rent,MI,47851872,ZUGS28165486805297,NA,A,Major Loss,Other,0,0,CO,Arvada,15,AGENT01193,VNDR00280
27/11/2020 0:00,TXN00004445,A00007407,PLC00009453,23/11/2017,16/11/2020,21/11/2020,Health,166.77,4000,Alva Brown,1738 Annabellas Drive,,Panama City Beach,FL,32407,094-53-6126,Y,56,103,Y,7,L,Mortgage,LI,111872554,YZCF06819441631225,Bachelor,A,Major Loss,Other,1,1,CO,Arvada,21,AGENT00214,VNDR00412
27/11/2020 0:00,TXN00004448,A00008293,PLC00001101,7/11/2011,24/11/2020,24/11/2020,Health,127.53,15000,Sarah Clausen,4125 Cobia Street,,Panama City,FL,32408,556-18-8815,Y,59,101,Y,5,M,Mortgage,HI,121982544,WZIY67001651463122,College,A,Major Loss,None,1,1,AR,Fayetteville,18,AGENT01099,VNDR00269
27/11/2020 0:00,TXN00004449,A00003538,PLC00000768,24/2/2019,9/11/2020,14/11/2020,Health,177.25,20000,Dennis Thome,7085 West Northern Avenue,,Glendale,AZ,85303,055-60-7926,Y,48,109,Y,4,M,Rent,MI,95895819,ROTK99409158163831,NA,A,Major Loss,Ambulance,1,0,AR,Fayetteville,1,AGENT00889,VNDR00066
27/11/2020 0:00,TXN00004460,A00008675,PLC00002492,7/2/2017,21/11/2020,23/11/2020,Health,135.81,20000,Christopher Pulido,1726 Bridgeview Lane,#5,Lyndon,KY,40242,883-46-7091,Y,44,32,Y,3,L,Rent,HI,14826283,XXJY36250570387520,High School,A,Major Loss,Ambulance,1,1,TN,Nashville,14,AGENT00383,VNDR00600
27/11/2020 0:00,TXN00004463,A00007528,PLC00006059,27/10/2017,7/11/2020,12/11/2020,Health,135.64,10000,Jonathan Bucklew,529 Barr Hill Road,,Greensboro,VT,5841,522-02-9050,Y,35,39,Y,4,L,Rent,LI,114988063,SDDC71555551736055,College,A,Major Loss,Ambulance,1,1,GA,Pooler,6,AGENT00478,
28/11/2020 0:00,TXN00004476,A00002497,PLC00009914,21/5/2012,27/11/2020,27/11/2020,Health,121.07,17000,Susan Armstrong,215 9th Street Northeast,,Washington,DC,20002,025-08-3614,Y,41,101,Y,2,H,Rent,LI,15675682,JNZN50588462729562,Bachelor,A,Total Loss,Other,0,1,CA,Union City,5,AGENT00271,VNDR00142
28/11/2020 0:00,TXN00004477,A00005309,PLC00005954,24/11/2018,16/11/2020,21/11/2020,Health,146.96,10000,Anthony Delang,200 Pheasant Avenue,#103,Louisville,KY,40118,546-66-6751,Y,38,10,Y,4,L,Rent,HI,55816142,UQTI82551741169815,Masters,A,Minor Loss,None,0,1,MD,Pasadena,14,AGENT00893,VNDR00474
28/11/2020 0:00,TXN00004478,A00005383,PLC00007313,26/9/2013,16/11/2020,21/11/2020,Health,163.12,5000,David Johnson,5725 Medallion Court,,Castro Valley,CA,94552,635-29-5992,N,56,60,Y,7,M,Own,LI,127685272,OXDT32330835088676,Masters,A,Total Loss,Ambulance,1,1,CO,Arvada,5,AGENT00665,VNDR00190
28/11/2020 0:00,TXN00004482,A00004996,PLC00009084,17/12/2010,15/11/2020,20/11/2020,Health,156.87,11000,James Heintz,361 Parmley Lane,,Nashville,TN,37207,431-35-8197,Y,46,26,Y,3,L,Mortgage,LI,89876446,DAPA96819242610310,Bachelor,A,Minor Loss,None,1,1,AZ,Litchfield Park,21,AGENT00274,VNDR00332
29/11/2020 0:00,TXN00004496,A00002983,PLC00000731,27/1/2013,22/11/2020,24/11/2020,Health,115.24,13000,Ruth Wilson,1250 Pram Place,,Annapolis,MD,21403,106-57-6331,N,25,41,Y,2,L,Rent,LI,116592389,JQFC16804760337044,NA,A,Total Loss,None,1,1,AK,Anchorage,4,AGENT00988,
29/11/2020 0:00,TXN00004500,A00008028,PLC00000101,20/12/2013,21/11/2020,24/11/2020,Health,113.56,11000,Connie Osei,1364 Capri Drive,,Panama City,FL,32405,156-23-7354,Y,26,10,Y,3,H,Rent,HI,44163660,OHQX13140844118357,College,A,Major Loss,None,1,1,AZ,Glendale,7,AGENT00396,VNDR00229
30/11/2020 0:00,TXN00004508,A00007777,PLC00004567,15/2/2013,22/11/2020,25/11/2020,Health,176.83,16000,Jeffery Pennington,1207 Branch Lane,,Glen Burnie,MD,21061,696-82-5882,Y,26,107,Y,4,L,Rent,LI,33726076,WXOZ05805215872476,Bachelor,A,Total Loss,Ambulance,0,1,DC,Washington,18,AGENT00649,
30/11/2020 0:00,TXN00004518,A00006366,PLC00007713,25/5/2015,11/11/2020,16/11/2020,Health,149.23,1000,Gloria Gienger,600 West 19th Avenue,APT B,Anchorage,AK,99503,878-33-1397,N,63,22,N,6,M,Own,MI,56863932,ANML04260087218394,Bachelor,A,Major Loss,None,0,1,MA,Medway,2,AGENT01013,VNDR00495
30/11/2020 0:00,TXN00004521,A00001785,PLC00001074,5/5/2019,28/11/2020,28/11/2020,Health,195.46,14000,Niesha Coard,328 Missouri Avenue Northwest,,Washington,DC,20011,200-55-2482,Y,48,81,Y,7,L,Own,LI,59909495,HZCW88499259428310,Bachelor,A,Major Loss,Ambulance,0,1,AZ,Glendale,19,AGENT00407,
30/11/2020 0:00,TXN00004533,A00009501,PLC00008436,4/2/2017,29/11/2020,29/11/2020,Health,162.31,11000,Melissa Andrews,1304 Northern Hills Road,,Norman,OK,73071,599-82-4337,Y,29,33,Y,7,L,Mortgage,MI,75041955,RTEG76129578645282,Bachelor,A,Total Loss,Other,0,1,CT,Manchester,13,AGENT00080,
30/11/2020 0:00,TXN00004537,A00003692,PLC00008564,23/12/2015,16/11/2020,21/11/2020,Health,171.01,19000,Robert Hower,10 Tel Road,,Woodford,VT,5201,794-05-2895,Y,57,67,Y,7,L,Rent,HI,124624825,CLQM28156097988901,Bachelor,A,Total Loss,Ambulance,1,1,CA,San Lorenzo,10,AGENT00735,
1/12/2020 0:00,TXN00004560,A00005472,PLC00004875,14/6/2017,18/11/2020,23/11/2020,Health,190.68,17000,Carl Durbin,126 Garth Road,,Manchester,CT,6040,236-33-9021,Y,32,103,Y,7,H,Rent,HI,123028189,WBLF29646684481338,Bachelor,A,Total Loss,None,1,1,OK,Moore,5,AGENT01110,VNDR00494
1/12/2020 0:00,TXN00004561,A00002945,PLC00008859,27/10/2015,14/11/2020,19/11/2020,Health,167.33,10000,Krista Rude,1380 Quincy Street Northwest,,Washington,DC,20011,880-54-0902,N,27,103,Y,3,H,Own,LI,43046872,CEMO78561604756547,High School,A,Total Loss,None,1,1,FL,Panama City Beach,4,AGENT01153,VNDR00389
1/12/2020 0:00,TXN00004568,A00006396,PLC00001689,13/12/2015,15/11/2020,20/11/2020,Health,162.25,17000,Frances Wright,2310 Donleigh Court,,Louisville,KY,40222,030-13-4882,Y,49,101,Y,7,L,Own,MI,95930198,HMZK22656891567116,Bachelor,A,Major Loss,Ambulance,1,1,KY,Louisville,11,AGENT00029,VNDR00103
1/12/2020 0:00,TXN00004573,A00004362,PLC00003507,20/12/2010,25/11/2020,27/11/2020,Health,104.09,9000,Carrie Clark,6005 Tamarack Drive,,Montgomery,AL,36117,177-02-5159,N,56,62,Y,4,L,Rent,HI,73642709,KHOU53475763257629,High School,A,Total Loss,Police,1,1,OK,Oklahoma City,14,AGENT00660,VNDR00188
2/12/2020 0:00,TXN00004580,A00009607,PLC00009953,2/11/2013,18/11/2020,23/11/2020,Health,146.64,12000,Leslie Roberts,2063 Notchbrook Road,,Stowe,VT,5672,628-64-4171,Y,40,118,Y,4,H,Mortgage,MI,94255803,AMAO78948508242375,College,A,Minor Loss,Police,1,1,MD,Annapolis,14,AGENT00339,
2/12/2020 0:00,TXN00004585,A00002844,PLC00006237,26/10/2015,12/11/2020,17/11/2020,Health,196.34,19000,James Gannon,7060 Eastern Avenue,,Washington,DC,20012,795-02-0459,Y,41,62,Y,7,M,Mortgage,LI,83027916,SANO84361354622545,Masters,A,Minor Loss,Ambulance,1,1,VT,Wilmington,22,AGENT00905,VNDR00183
2/12/2020 0:00,TXN00004594,A00009638,PLC00001802,17/2/2016,28/11/2020,29/11/2020,Health,112.11,5000,Leroy Sierra,2209 June Drive,,Nashville,TN,37214,210-88-6481,Y,50,12,Y,3,H,Rent,MI,123252858,QFPQ28381098965316,High School,A,Minor Loss,Ambulance,0,1,GA,Savannah,21,AGENT00413,
2/12/2020 0:00,TXN00004595,A00004920,PLC00000788,22/4/2018,22/11/2020,25/11/2020,Health,120.9,11000,Donnell Antoine,4300 Kansas Avenue Northwest,,Washington,DC,20011,007-17-9343,Y,40,105,Y,3,L,Mortgage,MI,65595806,ITGF47507836554176,NA,D,Minor Loss,Ambulance,0,1,MD,,23,AGENT00150,VNDR00414
3/12/2020 0:00,TXN00004599,A00005475,PLC00007841,5/3/2013,25/11/2020,28/11/2020,Health,107.43,11000,Jeffrey Siemering,307 Joel Street,,Pooler,GA,31322,113-71-9010,Y,32,27,N,6,L,Mortgage,MI,55413930,DQBJ39443620058789,High School,A,Minor Loss,None,1,1,OK,Oklahoma City,18,AGENT00307,VNDR00517
3/12/2020 0:00,TXN00004601,A00008218,PLC00000554,26/12/2013,13/11/2020,18/11/2020,Health,121.86,12000,Sharon Webb,1815 Grove Hill Lane,,Montgomery,AL,36106,750-16-4426,N,47,17,Y,6,M,Own,MI,24561994,XGOY11744189879812,High School,A,Minor Loss,Ambulance,1,1,CA,Berkeley,10,AGENT00008,VNDR00125
3/12/2020 0:00,TXN00004606,A00003015,PLC00007846,23/5/2013,18/11/2020,23/11/2020,Health,174.85,10000,Luis Lichtenfeld,2741 31st Place Northeast,,Washington,DC,20018,638-12-2400,Y,32,39,Y,4,H,Mortgage,MI,30027503,CRQX88896515499801,Masters,A,Minor Loss,Ambulance,1,0,GA,Savannah,19,AGENT00605,VNDR00361
3/12/2020 0:00,TXN00004610,A00000182,PLC00000405,25/6/2011,24/11/2020,27/11/2020,Health,133.19,20000,Jonathan Guzman,5685 Express Drive,,Montgomery,AL,36116,576-04-8933,Y,36,100,Y,5,M,Own,MI,104709689,BRGZ53531290388999,Bachelor,A,Total Loss,Police,1,0,FL,Panama City,0,AGENT00512,VNDR00122
3/12/2020 0:00,TXN00004615,A00008622,PLC00004947,18/10/2010,29/11/2020,30/11/2020,Health,153.26,9000,Eula Conner,281 MacArthur Boulevard,,Oakland,CA,94610,534-70-3860,N,28,62,Y,5,H,Rent,LI,110591001,TYAY68137905060470,Masters,A,Total Loss,Ambulance,0,0,DC,Washington,19,AGENT01071,VNDR00545
4/12/2020 0:00,TXN00004620,A00003169,PLC00009337,25/10/2015,27/11/2020,29/11/2020,Health,177.01,2000,Audrey Barrett,2335 Orchard View Lane,,Escondido,CA,92027,215-08-0996,Y,34,84,Y,6,L,Mortgage,LI,68902153,KHDJ35986783593760,Masters,A,Major Loss,Police,0,0,CT,Manchester,16,AGENT00357,VNDR00135
4/12/2020 0:00,TXN00004621,A00007037,PLC00000897,15/9/2010,28/11/2020,30/11/2020,Health,162.74,11000,George Nott,8772 West 79th Avenue,,Arvada,CO,80005,473-93-5234,Y,25,92,Y,2,M,Rent,MI,36499384,FNSD79908928460129,High School,A,Minor Loss,Police,0,1,AL,Montgomery,19,AGENT00453,VNDR00071
4/12/2020 0:00,TXN00004622,A00009634,PLC00007964,1/12/2010,30/11/2020,1/12/2020,Health,116.95,4000,Michael Wilson,70 East Terrace,,South Burlington,VT,5403,364-16-1273,Y,33,47,Y,3,M,Own,MI,91652632,NRUI74031284733007,Bachelor,A,Major Loss,Police,0,0,OK,Oklahoma City,22,AGENT00038,VNDR00113
4/12/2020 0:00,TXN00004633,A00002133,PLC00005556,6/3/2015,29/11/2020,30/11/2020,Health,133.54,14000,Jack Austin,7 Vantine Avenue,,Alburgh,VT,5440,353-16-7928,Y,26,87,Y,4,M,Rent,HI,83405680,XGXP05573694138839,High School,A,Total Loss,Other,0,0,CA,Union City,3,AGENT00090,
4/12/2020 0:00,TXN00004636,A00002802,PLC00005508,24/10/2019,2/12/2020,2/12/2020,Health,158.73,5000,Michael Mccarthy,7529 West 72nd Avenue,#4,Arvada,CO,80003,804-80-0573,Y,28,21,N,6,H,Mortgage,MI,110615107,MOTW68308199511714,Bachelor,A,Major Loss,Ambulance,0,1,CA,Oakland,8,AGENT00722,VNDR00359
4/12/2020 0:00,TXN00004637,A00008453,PLC00006514,6/10/2011,18/11/2020,23/11/2020,Health,135.19,3000,William Settle,77 Gerald Drive,,Manchester,CT,6040,745-58-5147,N,57,16,Y,5,L,Mortgage,MI,91615187,DOVQ26310399536397,Bachelor,A,Minor Loss,Other,1,0,CO,Arvada,13,AGENT00577,VNDR00597
4/12/2020 0:00,TXN00004639,A00001628,PLC00006804,3/3/2016,16/11/2020,21/11/2020,Health,190.47,2000,Carla Martinez,1267 Martin Street,#203,Nashville,TN,37203,232-13-3190,Y,31,32,Y,5,L,Mortgage,LI,33335140,NBOP97327193198859,NA,A,Minor Loss,Other,1,1,OK,Oklahoma City,21,AGENT00678,VNDR00509
4/12/2020 0:00,TXN00004642,A00007496,PLC00007615,1/4/2012,30/11/2020,1/12/2020,Health,192.76,16000,Kenneth Johnson,1265 Southeast 23rd Terrace,,Oklahoma City,OK,73129,133-87-9058,N,62,38,Y,6,H,Rent,LI,19528599,SYTG90535178523651,Masters,A,Major Loss,None,1,0,KY,Louisville,3,AGENT00586,
4/12/2020 0:00,TXN00004643,A00000455,PLC00001886,25/5/2014,2/12/2020,2/12/2020,Health,107.58,20000,Michael Vagliardo,7002 South Bryant Avenue,,Oklahoma City,OK,73149,797-55-3077,Y,49,71,N,3,L,Rent,HI,23196344,IAKE85504897303296,Bachelor,A,Major Loss,Police,0,1,CA,Mammoth Lakes,8,AGENT00356,VNDR00051
5/12/2020 0:00,TXN00004660,A00006894,PLC00005192,11/4/2019,25/11/2020,28/11/2020,Health,166.78,20000,George Greene,294 East Lakeshore Drive,,Colchester,VT,5446,271-08-9751,N,53,80,Y,5,L,Own,MI,99642356,DITX29158807308525,Bachelor,A,Total Loss,Police,1,1,AR,Fayetteville,10,AGENT00278,
5/12/2020 0:00,TXN00004662,A00009305,PLC00003206,20/4/2017,25/11/2020,28/11/2020,Health,121.79,15000,Ronnie Lenox,9805 Meadow Vale Drive,,Louisville,KY,40242,234-13-4922,Y,50,90,Y,2,L,Own,MI,22558491,MQBG46449320907068,Bachelor,A,Total Loss,Police,0,1,AK,Anchorage,23,AGENT00446,VNDR00267
6/12/2020 0:00,TXN00004671,A00001339,PLC00001085,25/2/2011,4/12/2020,4/12/2020,Health,120.11,14000,Danica Muzii,205 West Montgomery Cross Road,#1602,Savannah,GA,31406,799-07-1026,Y,47,15,Y,2,L,Mortgage,LI,81061453,NKVW94657221886311,Bachelor,A,Total Loss,Ambulance,0,0,AK,Anchorage,4,AGENT01190,VNDR00099
6/12/2020 0:00,TXN00004678,A00009867,PLC00008408,13/9/2016,27/11/2020,30/11/2020,Health,100.7,15000,Jeffrey Munyon,114 Middle Road,,,VT,5488,471-40-2823,Y,35,13,Y,7,H,Own,HI,106634066,CCPP46534263802117,High School,A,Total Loss,Ambulance,1,1,AL,Montgomery,7,AGENT00995,VNDR00575
6/12/2020 0:00,TXN00004681,A00002562,PLC00001693,10/11/2018,2/12/2020,3/12/2020,Health,129.24,9000,Ramona Laney,725 65th Street,,Oakland,CA,94609,106-04-9736,N,64,44,Y,2,L,Rent,MI,126772636,SQOF04391207732680,Masters,A,Total Loss,None,1,1,AZ,Glendale,7,AGENT00424,VNDR00118
7/12/2020 0:00,TXN00004693,A00003226,PLC00001433,14/12/2012,27/11/2020,30/11/2020,Health,129.09,13000,Roy Read,1509 Hadley Avenue,,Nashville,TN,37138,891-15-9776,Y,55,110,Y,2,H,Rent,LI,48909862,MMTA49286934417410,Bachelor,A,Major Loss,Police,1,0,GA,Savannah,18,AGENT00045,
7/12/2020 0:00,TXN00004695,A00005713,PLC00000111,23/8/2016,4/12/2020,4/12/2020,Health,193.88,11000,Shirley Underhill,2411 Alteras Drive,,Nashville,TN,37211,635-20-9567,Y,34,74,Y,3,L,Mortgage,MI,13901950,GGCX71092196537216,High School,A,Minor Loss,Ambulance,1,1,FL,Panama City,21,AGENT00191,VNDR00156
7/12/2020 0:00,TXN00004703,A00000165,PLC00006017,27/2/2011,20/11/2020,25/11/2020,Health,129.78,8000,Natasha Hartman,239 Eastern Avenue,,Fayetteville,AR,72701,183-60-5091,Y,45,26,Y,6,L,Mortgage,MI,67235229,ETBR46449107491239,High School,A,Total Loss,Police,1,1,AL,Montgomery,2,AGENT01057,
7/12/2020 0:00,TXN00004705,A00008759,PLC00002946,21/3/2018,3/12/2020,4/12/2020,Health,172.71,16000,Diana Powell,1100 West Bowen Boulevard,F,Fayetteville,AR,72703,176-52-0430,Y,38,28,Y,4,L,Mortgage,MI,25148620,FDRR30674740850467,Bachelor,A,Total Loss,None,0,0,CA,Redding,18,AGENT00555,VNDR00078
7/12/2020 0:00,TXN00004712,A00009106,PLC00009065,3/2/2016,22/11/2020,27/11/2020,Health,108.83,16000,Anna Bailey,9331 Edison Road,,Lithia,FL,33547,440-12-3386,Y,26,43,Y,7,L,Own,HI,124003035,ZGJJ78203612576653,High School,D,Major Loss,Police,1,1,AZ,Glendale,8,AGENT00778,
8/12/2020 0:00,TXN00004724,A00007768,PLC00009816,8/5/2016,20/11/2020,25/11/2020,Health,137.09,1000,Corene Booker,534 Hamilton Street Northeast,,Washington,DC,20011,780-62-2860,Y,49,115,Y,6,M,Own,MI,99992051,YTDU41523284895155,High School,A,Total Loss,Ambulance,1,1,MA,Newton,19,AGENT00795,VNDR00327
8/12/2020 0:00,TXN00004733,A00004916,PLC00003823,28/7/2011,25/11/2020,30/11/2020,Health,183.42,11000,Bell Lunt,539 Palermo Road,,Panama City,FL,32405,148-77-4051,Y,61,90,Y,7,L,Rent,LI,127576417,IAXY50535681791956,Bachelor,A,Total Loss,Police,1,1,MA,Brimfield,2,AGENT00464,
9/12/2020 0:00,TXN00004748,A00004385,PLC00007491,7/5/2016,1/12/2020,4/12/2020,Health,150.51,2000,Janice Maze,19091 Northeast 23rd Street,,Harrah,OK,73045,096-04-3703,N,54,107,N,2,L,Rent,MI,38393488,GGOC99043304750190,MD,D,Total Loss,Ambulance,1,0,FL,Panama City,14,AGENT00424,VNDR00179
9/12/2020 0:00,TXN00004751,A00007635,PLC00003579,19/1/2016,7/12/2020,7/12/2020,Health,142.68,10000,Boyd Beuth,46 Deslauriers Street,,Chicopee,MA,1020,661-17-0027,Y,29,51,Y,5,L,Rent,LI,54394856,XOBA21640214047904,High School,A,Major Loss,Ambulance,1,1,VT,Williamstown,6,AGENT00736,VNDR00358
9/12/2020 0:00,TXN00004755,A00001231,PLC00004193,21/6/2015,2/12/2020,4/12/2020,Health,118.67,8000,Oscar Fields,922 Urciolo Court,,Annapolis,MD,21401,604-35-3800,Y,27,89,Y,6,M,Own,LI,29282456,UAQM00107481834692,Masters,A,Major Loss,Ambulance,1,0,CA,Fremont,20,AGENT00055,
9/12/2020 0:00,TXN00004762,A00008563,PLC00002015,12/10/2011,2/12/2020,4/12/2020,Health,132.57,11000,Philip Johnson,8700 Lillington Circle,,Montgomery,AL,36117,053-53-3800,Y,43,45,Y,2,L,Own,MI,122577220,VOKX22364198273492,Bachelor,A,Major Loss,Ambulance,1,1,FL,Mexico Beach,3,AGENT00498,VNDR00319
10/12/2020 0:00,TXN00004769,A00009912,PLC00009016,23/4/2016,26/11/2020,1/12/2020,Health,111.93,12000,Ebony Cooper,1318 4th Street Southwest,,Washington,DC,20024,282-37-4634,Y,35,87,Y,3,L,Own,LI,111740916,ULAQ85083435974650,College,A,Major Loss,Ambulance,1,1,DC,Washington,14,AGENT01182,
10/12/2020 0:00,TXN00004775,A00008180,PLC00008986,27/6/2016,26/11/2020,1/12/2020,Health,173.22,11000,William Davis,1699 Chatham Parkway,#814B,Savannah,GA,31405,458-95-6548,N,63,38,Y,5,M,Mortgage,LI,38574935,ODLM03638096707670,Masters,A,Total Loss,Police,0,1,CT,Manchester,19,AGENT00836,
10/12/2020 0:00,TXN00004780,A00003887,PLC00009331,11/10/2015,3/12/2020,5/12/2020,Health,120.84,20000,Yolanda Mcclure,1126 Oates Street Northeast,,Washington,DC,20002,888-18-7514,Y,64,108,Y,4,L,Rent,MI,24314989,MHNS88446938341044,Masters,A,Major Loss,Ambulance,1,1,DC,Washington,6,AGENT00794,VNDR00278
11/12/2020 0:00,TXN00004795,A00000942,PLC00002462,5/3/2016,26/11/2020,1/12/2020,Health,137.37,17000,Jackie Ragusa,2902 Flint Street,,Union City,CA,94587,658-11-1398,Y,30,119,Y,3,L,Mortgage,HI,97539607,BPUQ18070451600631,Bachelor,A,Total Loss,Police,1,1,MA,Waltham,4,AGENT00662,VNDR00166
11/12/2020 0:00,TXN00004797,A00000576,PLC00008081,3/4/2012,7/12/2020,8/12/2020,Health,188.65,17000,Patricia Darnell,6118 North 60th Avenue,D,Glendale,AZ,85301,061-98-5076,Y,36,38,Y,3,H,Rent,LI,47038187,LXLM46112370208721,Masters,A,Total Loss,Police,0,0,CO,Arvada,5,AGENT00983,VNDR00359
11/12/2020 0:00,TXN00004805,A00006184,PLC00007995,17/3/2014,28/11/2020,3/12/2020,Health,100.73,19000,Salome Woods,8505 Waters Avenue,#66,Savannah,GA,31406,503-07-4694,Y,27,118,Y,2,L,Rent,HI,12020528,IIZI76226953178709,Bachelor,A,Major Loss,Police,0,0,CO,Arvada,2,AGENT00163,VNDR00206
11/12/2020 0:00,TXN00004807,A00004057,PLC00002207,20/1/2014,1/12/2020,4/12/2020,Health,157.38,17000,Federico Richardson,86 Pine Street,#3,Cambridge,MA,2139,402-09-8495,Y,42,37,Y,6,M,Own,HI,37254010,ZBBJ90889473955352,Masters,A,Total Loss,None,1,1,CT,Manchester,19,AGENT00119,
11/12/2020 0:00,TXN00004809,A00004307,PLC00001510,7/12/2015,8/12/2020,8/12/2020,Health,101.37,16000,Mae Spader,2505 North Hampton Court,,Fayetteville,AR,72703,855-84-8048,Y,39,114,Y,4,L,Own,HI,95735652,AGYL37255047409274,High School,A,Total Loss,Police,0,1,OK,Norman,9,AGENT00881,VNDR00019
11/12/2020 0:00,TXN00004816,A00009051,PLC00007163,15/11/2012,23/11/2020,28/11/2020,Health,158.18,7000,Demetrius Qualls,117 South Capitol Parkway,,Montgomery,AL,36107,414-89-7370,Y,26,59,N,6,L,Mortgage,HI,61253702,NPKL04985330265996,Bachelor,A,Major Loss,Ambulance,1,1,CA,Berkeley,18,AGENT00731,VNDR00335
11/12/2020 0:00,TXN00004819,A00005611,PLC00009722,30/6/2012,27/11/2020,2/12/2020,Health,143.93,9000,Aaron Pettit,22649 McManus Drive,,Anchorage,AK,99567,797-50-4730,Y,30,23,Y,7,H,Mortgage,LI,66405458,RXPD53309869499299,High School,A,Total Loss,Ambulance,0,1,AK,Soldotna,18,AGENT01082,
12/12/2020 0:00,TXN00004822,A00001048,PLC00003744,31/1/2019,5/12/2020,7/12/2020,Health,163.03,8000,Vernon Salisbury,126 Marjorie Lane,C,Manchester,CT,6042,566-97-5572,N,47,18,N,3,M,Rent,MI,46319713,FXIJ95846262403006,Bachelor,A,Major Loss,Other,0,1,KY,Louisville,4,AGENT00756,VNDR00276
12/12/2020 0:00,TXN00004824,A00006275,PLC00004649,8/7/2015,8/12/2020,9/12/2020,Health,109.91,19000,Robin Villanova,349 North Sabine Pass Road,,Fayetteville,AR,72704,490-85-2038,Y,41,65,Y,2,L,Mortgage,HI,82124713,LQZV84414416439482,College,A,Minor Loss,Police,0,0,AK,Anchorage,8,AGENT00070,
12/12/2020 0:00,TXN00004827,A00006719,PLC00005066,14/4/2018,1/12/2020,6/12/2020,Health,140.78,5000,Crystal Libel,26563 Chisholm Court,,Hayward,CA,94544,079-20-4014,Y,28,7,Y,5,M,Mortgage,HI,74554825,BMCR39716506925649,Bachelor,A,Total Loss,Police,0,1,AK,Anchorage,20,AGENT00456,VNDR00377
12/12/2020 0:00,TXN00004844,A00006786,PLC00003404,30/12/2013,5/12/2020,7/12/2020,Health,186.39,11000,Roscoe Troupe,6005 Tamarack Drive,,Montgomery,AL,36117,341-60-9172,N,59,39,Y,4,M,Mortgage,MI,106388590,OGSO91187532818171,Bachelor,A,Major Loss,Ambulance,0,1,CO,Arvada,13,AGENT00619,VNDR00120
12/12/2020 0:00,TXN00004849,A00007094,PLC00002997,28/1/2015,5/12/2020,7/12/2020,Health,162.73,9000,Delilah Woodman,265 Airport Road,,Weathersfield,VT,5151,566-05-4899,Y,33,33,Y,5,M,Own,MI,41217784,ALST54138004162240,Bachelor,A,Total Loss,Police,1,1,TN,,11,AGENT01075,VNDR00020
12/12/2020 0:00,TXN00004852,A00007437,PLC00007611,26/3/2017,1/12/2020,6/12/2020,Health,173.35,10000,Phillip Spencer,22524 Sambar Loop,,Anchorage,AK,99567,834-62-2608,Y,34,83,Y,6,H,Rent,MI,23608337,AOFD04632310505871,College,A,Major Loss,Ambulance,0,1,MA,Quincy,4,AGENT00812,VNDR00103
13/12/2020 0:00,TXN00004859,A00004018,PLC00001789,2/7/2011,2/12/2020,7/12/2020,Health,198.47,16000,Karen Hand,4604 West 19th Court,,Panama City,FL,32405,447-79-9238,Y,53,23,Y,3,L,Mortgage,MI,28035316,UOSI69379122561427,High School,A,Total Loss,Police,1,1,CO,Arvada,16,AGENT00612,VNDR00099
13/12/2020 0:00,TXN00004864,A00003726,PLC00009545,16/5/2018,28/11/2020,3/12/2020,Health,149.7,14000,Constance Eggleston,2436 Naples Avenue,,Panama City,FL,32405,730-60-8450,Y,59,58,Y,5,H,Rent,HI,103257653,GBPC54252825977481,Bachelor,A,Minor Loss,Ambulance,1,1,CA,Fremont,8,AGENT00108,VNDR00353
14/12/2020 0:00,TXN00004881,A00007709,PLC00002974,17/7/2012,11/12/2020,11/12/2020,Health,183.82,9000,Devin Linch,2400 Easy Street,,San Leandro,CA,94578,077-44-2246,Y,49,24,Y,4,M,Rent,LI,19737429,YREZ69445097061858,Bachelor,A,Major Loss,Ambulance,0,0,VT,Lunenburg,21,AGENT00811,VNDR00094
14/12/2020 0:00,TXN00004882,A00007967,PLC00009677,28/6/2019,5/12/2020,8/12/2020,Health,119.34,20000,Susan Kasper,90 Peabody Street,,Nashville,TN,37210,046-98-2839,Y,63,52,Y,5,M,Rent,LI,87668575,TEBS97031579856020,Bachelor,A,Minor Loss,Police,1,0,MA,Millis,17,AGENT00657,VNDR00292
14/12/2020 0:00,TXN00004892,A00006307,PLC00002846,2/5/2017,26/11/2020,1/12/2020,Health,120.99,16000,Genoveva Hickman,66 Ocala Drive,,Nashville,TN,37013,516-25-9462,Y,49,79,Y,3,L,Mortgage,MI,67216031,MEGE55411515766730,NA,A,Major Loss,Ambulance,0,0,VT,Williston,10,AGENT00852,VNDR00047
14/12/2020 0:00,TXN00004897,A00006702,PLC00000629,30/4/2013,5/12/2020,8/12/2020,Health,167.8,17000,Patricia Buckner,6740 West Montebello Avenue,#3B,Glendale,AZ,85303,603-43-8217,Y,56,16,Y,5,M,Mortgage,LI,127854964,DZSK87708020191707,Bachelor,A,Major Loss,Ambulance,1,1,AR,Farmington,0,AGENT01030,VNDR00400
14/12/2020 0:00,TXN00004898,A00001576,PLC00001212,10/3/2018,9/12/2020,10/12/2020,Health,156.72,16000,Thomas Reichert,28 Wayne Avenue,,Waltham,MA,2453,728-32-9963,Y,37,113,Y,4,M,Rent,MI,102855373,AIAF76379972479172,MD,A,Minor Loss,Ambulance,0,1,AK,Anchorage,12,AGENT00929,
14/12/2020 0:00,TXN00004902,A00006974,PLC00006438,12/11/2016,8/12/2020,10/12/2020,Health,121.77,19000,Robert Bolden,5412 East 22nd Avenue,,Anchorage,AK,99508,782-95-0212,Y,28,60,Y,6,M,Mortgage,MI,91581473,ATOH05752432582037,Bachelor,A,Major Loss,Other,0,1,CA,Redding,5,AGENT00217,
15/12/2020 0:00,TXN00004904,A00007335,PLC00003782,19/1/2019,27/11/2020,2/12/2020,Health,184.48,15000,Judith Mcelwain,201 West Montgomery Cross Road,#170,Savannah,GA,31406,625-78-5722,N,40,72,Y,4,L,Mortgage,HI,13133304,ZTGF94990649550817,College,A,Total Loss,Police,1,0,CA,Fremont,10,AGENT00501,
15/12/2020 0:00,TXN00004909,A00007523,PLC00003894,11/3/2014,6/12/2020,9/12/2020,Health,189.5,6000,Jared Lara,1004 Bellflower Street,,Livermore,CA,94551,490-06-3305,Y,42,84,Y,7,L,Mortgage,MI,39209775,OSHF91379970600437,Bachelor,A,Major Loss,Police,0,1,MD,Hanover,7,AGENT00615,VNDR00083
15/12/2020 0:00,TXN00004915,A00003958,PLC00008766,7/12/2012,10/12/2020,11/12/2020,Health,150.16,3000,Betty Humpherys,5136 Gaines Street,,Oklahoma City,OK,73135,846-56-8378,Y,30,108,Y,5,L,Rent,LI,107706168,EOMG90117383123438,Bachelor,A,Total Loss,Other,1,1,DC,Washington,13,AGENT00685,VNDR00590
15/12/2020 0:00,TXN00004918,A00001526,PLC00009217,7/9/2019,27/11/2020,2/12/2020,Health,179.41,19000,Michael Eiche,330 Michell Court,,Livermore,CA,94551,879-91-0593,N,47,15,Y,6,H,Mortgage,MI,28879035,DIZH00756146696735,Bachelor,A,Minor Loss,Other,0,1,FL,Panama City,4,AGENT01036,
15/12/2020 0:00,TXN00004935,A00005345,PLC00007809,9/6/2015,14/12/2020,14/12/2020,Health,107.68,7000,Miguel Moore,1809 Hughes Street,,Nashville,TN,37208,378-43-9170,Y,30,84,N,5,H,Rent,HI,22534596,NRWB04347577475718,NA,A,Total Loss,Ambulance,1,0,CT,Manchester,21,AGENT00696,VNDR00077
15/12/2020 0:00,TXN00004939,A00007940,PLC00005054,25/11/2013,28/11/2020,3/12/2020,Health,167.73,20000,Thomas Garnick,16 Conway Street,,Shelburne Falls,MA,1370,114-98-9540,N,26,110,Y,5,L,Own,HI,85093582,APCM61981581931529,Bachelor,A,Total Loss,None,1,1,TN,Nashville,22,AGENT00957,VNDR00238
16/12/2020 0:00,TXN00004940,A00002298,PLC00003362,20/8/2016,10/12/2020,12/12/2020,Health,107.55,9000,Juan White,2317 Fernwood Drive,,Nashville,TN,37216,488-65-0694,Y,57,90,Y,3,L,Rent,MI,126227990,OIPU57067447670505,Bachelor,A,Minor Loss,Police,1,1,DC,Washington,15,AGENT00779,
16/12/2020 0:00,TXN00004947,A00002473,PLC00003537,13/8/2012,1/12/2020,6/12/2020,Health,171.34,1000,Johana Guadian,2107 Elfen Glen,Apt B,Van Buren,AR,72956,136-20-2104,Y,44,30,Y,7,L,Mortgage,LI,56811683,UWOJ74458384065593,Bachelor,A,Major Loss,Ambulance,1,0,MA,Pittsfield,12,AGENT00166,
16/12/2020 0:00,TXN00004954,A00007527,PLC00000850,27/7/2012,14/12/2020,14/12/2020,Health,179,13000,Nora Hauptman,12091 Mierkey Road,,Jackson,CA,95642,684-21-0220,Y,38,62,Y,2,M,Own,MI,90691199,APWO71327417403484,Bachelor,A,Minor Loss,Police,1,1,CT,Manchester,13,AGENT00981,
16/12/2020 0:00,TXN00004955,A00001932,PLC00004717,21/2/2017,27/11/2020,2/12/2020,Health,124.49,5000,Dustin Nievas,126 Garth Road,,Manchester,CT,6040,695-14-0768,Y,60,48,N,7,M,Mortgage,MI,21462708,BESM88791700754777,Bachelor,A,Total Loss,Ambulance,1,1,GA,Savannah,3,AGENT00858,VNDR00521
16/12/2020 0:00,TXN00004957,A00004258,PLC00001939,19/5/2017,27/11/2020,2/12/2020,Health,167.79,1000,Hollis Livingston,1751 Shoreham Drive,,Montgomery,AL,36106,613-57-1360,N,47,39,Y,3,L,Own,MI,79238272,MMEM41274538111301,Bachelor,A,Minor Loss,Police,1,0,AZ,Glendale,15,AGENT00682,VNDR00042
16/12/2020 0:00,TXN00004958,A00008793,PLC00003367,1/12/2013,6/12/2020,9/12/2020,Health,173.21,20000,Anna Morgan,832 51st Street Northeast,,Washington,DC,20019,411-98-8849,N,32,47,N,7,M,Rent,MI,19189938,GCLC78165496533253,Bachelor,A,Major Loss,Ambulance,1,0,CA,Oakland,1,AGENT01190,VNDR00552
17/12/2020 0:00,TXN00004963,A00000413,PLC00008832,22/3/2019,9/12/2020,12/12/2020,Health,109.55,8000,Diane Smith,6262 29th Street Northwest,,Washington,DC,20015,800-64-4645,Y,35,109,Y,7,M,Rent,LI,25384277,VNIA55543576211809,Bachelor,A,Major Loss,Police,1,0,FL,Panama City,7,AGENT00005,VNDR00256
17/12/2020 0:00,TXN00004970,A00009544,PLC00002339,27/7/2013,1/12/2020,6/12/2020,Health,128.43,2000,Bryan Bernal,33 Chesapeake Mobile Court,,Hanover,MD,21076,856-97-1247,Y,26,41,Y,6,L,Mortgage,MI,117947344,LIUY40321917534285,Bachelor,A,Major Loss,Other,1,1,FL,Lynn Haven,2,AGENT00504,VNDR00313
17/12/2020 0:00,TXN00004976,A00001344,PLC00004092,23/9/2012,14/12/2020,14/12/2020,Health,114.51,5000,Roger Junkin,4809 Trappers Ridge,,Nashville,TN,37013,365-41-5493,Y,48,58,Y,4,H,Rent,MI,16380154,YLPC82476538435707,Bachelor,A,Minor Loss,Ambulance,0,1,AL,Montgomery,0,AGENT00791,VNDR00247
18/12/2020 0:00,TXN00004984,A00007362,PLC00002242,10/7/2016,14/12/2020,15/12/2020,Health,153.87,17000,Ronnie Booth,11113 North Miller Avenue,,Oklahoma City,OK,73120,702-44-8484,N,34,68,Y,4,M,Own,LI,61699476,ZZNE83542195942785,Bachelor,A,Major Loss,Ambulance,1,1,MA,Milton,13,AGENT00166,VNDR00392
19/12/2020 0:00,TXN00005008,A00009839,PLC00002442,24/2/2018,11/12/2020,14/12/2020,Health,151.96,4000,Danette Brown,9009 West Nicolet Avenue,,Glendale,AZ,85305,012-56-1638,Y,36,42,Y,2,H,Mortgage,LI,129227065,NDAU05061875788543,High School,A,Total Loss,Ambulance,1,1,OK,Oklahoma City,21,AGENT00804,VNDR00274
19/12/2020 0:00,TXN00005015,A00009826,PLC00003473,20/12/2010,10/12/2020,13/12/2020,Health,183.37,19000,Annetta Williams,2809 Briarcliff Road,,Panama City,FL,32405,184-88-2247,N,54,97,Y,4,M,Mortgage,MI,30382439,HUFI35178756785807,Bachelor,A,Major Loss,Ambulance,1,0,OK,Norman,16,AGENT00356,VNDR00112
19/12/2020 0:00,TXN00005025,A00002517,PLC00003456,29/6/2012,12/12/2020,14/12/2020,Health,117.19,20000,Wayne Blue,14 Huntington Street,,Manchester,CT,6040,035-19-2423,Y,30,41,Y,3,M,Own,LI,77883629,XYXV44217330024971,College,A,Major Loss,Police,1,0,DC,Washington,9,AGENT00826,VNDR00109
19/12/2020 0:00,TXN00005029,A00007990,PLC00008739,24/11/2019,3/12/2020,8/12/2020,Health,177.78,10000,Deborah Osborn,4400 Vaneto Drive,,Louisville,KY,40216,634-47-2680,N,50,108,Y,2,M,Own,MI,120879195,RXGR49278522844521,Bachelor,D,Total Loss,None,1,0,FL,Panama City,6,AGENT01137,VNDR00451
19/12/2020 0:00,TXN00005030,A00002466,PLC00000879,11/4/2013,13/12/2020,15/12/2020,Health,144.12,20000,William Kunka,3114 West 20th Court,,Panama City,FL,32405,276-68-1726,Y,39,45,Y,2,M,Mortgage,LI,117436392,ZFIC94682765464070,Bachelor,A,Minor Loss,Ambulance,1,1,MD,Shady Side,12,AGENT00788,VNDR00422
19/12/2020 0:00,TXN00005032,A00008192,PLC00000830,26/11/2016,16/12/2020,16/12/2020,Health,112.24,4000,Judy Garcia,43 Henderson Avenue,,Savannah,GA,31406,604-83-1298,N,31,17,Y,3,M,Mortgage,MI,50436569,BDYA02898146266674,Bachelor,A,Minor Loss,Ambulance,1,1,AL,Montgomery,15,AGENT00097,VNDR00415
19/12/2020 0:00,TXN00005033,A00003451,PLC00001047,25/10/2018,1/12/2020,6/12/2020,Health,123.72,6000,Eric Cummings,8358 WB&A Road,,Severn,MD,21144,742-72-1760,N,53,65,Y,3,L,Mortgage,MI,69277829,WXNZ07993514504398,Bachelor,A,Total Loss,Police,1,1,AK,Anchorage,0,AGENT00274,VNDR00511
19/12/2020 0:00,TXN00005035,A00002987,PLC00000507,27/3/2018,14/12/2020,15/12/2020,Health,103.53,19000,Sheila Phillips,2636 Knollwood Drive,,Montgomery,AL,36116,605-92-1817,N,34,35,Y,3,M,Rent,LI,102361511,XQZY75125558623847,Bachelor,A,Total Loss,Ambulance,1,0,FL,Panama City Beach,16,AGENT00436,VNDR00077
20/12/2020 0:00,TXN00005047,A00004497,PLC00007442,10/9/2010,16/12/2020,17/12/2020,Health,105.82,19000,Concepcion Hartley,6216 West Bloomfield Road,,Glendale,AZ,85304,496-07-6408,Y,58,59,Y,4,M,Rent,MI,96238462,TEFD63080240068752,High School,A,Minor Loss,Police,1,1,CA,Olivehurst,19,AGENT00463,
20/12/2020 0:00,TXN00005052,A00008636,PLC00007569,4/9/2018,4/12/2020,9/12/2020,Health,161.21,7000,Carolyn Nilsson,505 Southeast 32nd Street,,Oklahoma City,OK,73129,486-59-4365,N,31,15,Y,5,L,Mortgage,MI,124523874,IKAG49257013364965,Bachelor,A,Major Loss,Police,0,0,CA,Fremont,12,AGENT00996,VNDR00479
20/12/2020 0:00,TXN00005053,A00001759,PLC00002814,4/10/2016,12/12/2020,15/12/2020,Health,153.15,3000,Adam Reno,5605 North Terry Avenue,,Oklahoma City,OK,73111,660-87-0559,Y,48,68,Y,2,M,Rent,LI,36349007,QQCW35453058978642,Bachelor,A,Major Loss,Ambulance,1,1,FL,Panama City,1,AGENT00720,
20/12/2020 0:00,TXN00005054,A00004727,PLC00009490,27/5/2011,18/12/2020,18/12/2020,Health,173.06,17000,Irma Wineman,14 Short Circle,,Conway,AR,72032,044-66-8359,Y,29,57,Y,5,M,Own,HI,44411723,FXWH80133649921200,NA,A,Total Loss,Ambulance,1,1,KY,Louisville,10,AGENT00225,VNDR00185
21/12/2020 0:00,TXN00005057,A00001621,PLC00003437,30/12/2016,11/12/2020,14/12/2020,Health,152.61,5000,Shirley Sevilla,7030 West Krall Street,,Glendale,AZ,85303,864-76-5583,Y,63,66,Y,3,L,Mortgage,HI,125861195,WHZB62604546395313,PhD,D,Minor Loss,Ambulance,0,1,AR,Fayetteville,7,AGENT00921,VNDR00457
21/12/2020 0:00,TXN00005060,A00008595,PLC00002921,23/10/2014,20/12/2020,20/12/2020,Health,174.42,7000,Shirley Brooks,205 West Montgomery Cross Road,#1602,Savannah,GA,31406,339-07-6321,Y,54,103,Y,3,L,Rent,MI,56053658,IIZF95524948782040,Bachelor,A,Minor Loss,None,1,1,AZ,Glendale,16,AGENT00007,VNDR00183
21/12/2020 0:00,TXN00005075,A00003323,PLC00007085,28/7/2016,9/12/2020,14/12/2020,Health,198.98,14000,Gloria Britt,8318 North 57th Drive,,Glendale,AZ,85302,620-06-1814,Y,35,30,Y,2,L,Own,LI,129484688,NKCQ93525444533516,Bachelor,A,Total Loss,Ambulance,1,1,CA,Hayward,11,AGENT00586,VNDR00239
21/12/2020 0:00,TXN00005078,A00006007,PLC00001831,17/7/2012,19/12/2020,19/12/2020,Health,126.78,19000,Bonnie Sparrow,8159 West 81st Avenue,,Arvada,CO,80005,272-31-0526,N,33,43,Y,3,M,Mortgage,LI,73720430,RAFA50331067942988,Bachelor,A,Total Loss,Ambulance,1,1,CO,Arvada,20,AGENT00403,VNDR00031
21/12/2020 0:00,TXN00005081,A00008340,PLC00000410,2/7/2015,11/12/2020,14/12/2020,Health,143.52,1000,Floy Ellis,1742 Allerford Drive,,Hanover,MD,21076,377-91-0510,Y,60,40,Y,2,L,Mortgage,MI,52991277,FPMM27397864149533,Masters,A,Total Loss,Ambulance,1,1,MD,Edgewater,11,AGENT00530,VNDR00399
21/12/2020 0:00,TXN00005085,A00006927,PLC00000058,14/8/2014,9/12/2020,14/12/2020,Health,174.61,12000,Phillip Martinez,111 Rosemary Street,,Brockton,MA,2302,276-08-2820,N,58,31,Y,6,L,Own,MI,81710665,ANIT18690894666573,MD,A,Major Loss,Other,1,1,AL,Montgomery,13,AGENT01070,
21/12/2020 0:00,TXN00005088,A00000091,PLC00000778,24/3/2017,17/12/2020,18/12/2020,Health,189.75,18000,Isabel Lewis,709 Mildred Street,,Montgomery,AL,36104,572-42-6647,Y,47,86,Y,7,L,Rent,MI,17569929,NENT31300318285724,Bachelor,A,Total Loss,Ambulance,1,1,MA,Dracut,8,AGENT01031,VNDR00177
22/12/2020 0:00,TXN00005096,A00007934,PLC00003683,11/11/2018,17/12/2020,18/12/2020,Health,151.16,5000,David Walczak,5472 Sunstar Common,,Fremont,CA,94555,230-57-2680,N,35,55,Y,4,M,Mortgage,MI,115696192,OOHP81553247501776,High School,A,Major Loss,None,0,1,AZ,Glendale,22,AGENT00565,VNDR00530
22/12/2020 0:00,TXN00005098,A00007589,PLC00002836,18/9/2014,7/12/2020,12/12/2020,Health,141.37,20000,Jesus Embry,4308 Princess Lane,,Nashville,TN,37218,774-26-1011,N,58,64,Y,4,L,Rent,MI,65703928,EYAF14647022554994,High School,A,Major Loss,Other,1,0,GA,Savannah,12,AGENT00831,VNDR00591
22/12/2020 0:00,TXN00005100,A00001211,PLC00003734,18/11/2010,10/12/2020,15/12/2020,Health,154.25,13000,Carol Engram,204 Blue Hills Drive,,Nashville,TN,37214,144-27-3383,Y,25,97,Y,6,L,Own,MI,104043646,QXEX90138319842194,High School,A,Minor Loss,Ambulance,1,0,KY,Louisville,3,AGENT00399,VNDR00224
22/12/2020 0:00,TXN00005103,A00004226,PLC00006706,12/2/2019,20/12/2020,20/12/2020,Health,153.41,4000,Shawn Steele,3801 North Ann Arbor Place,,Oklahoma City,OK,73122,784-17-5650,Y,53,15,N,7,L,Mortgage,MI,28294827,DIYF92239443175922,Bachelor,A,Minor Loss,Ambulance,0,1,KY,Louisville,6,AGENT00822,VNDR00296
22/12/2020 0:00,TXN00005115,A00009029,PLC00002443,8/7/2017,17/12/2020,18/12/2020,Health,102.91,5000,Willie Verch,265 Slater Street,#122,Manchester,CT,6042,788-79-4099,Y,56,63,Y,7,M,Own,MI,116111391,JJCQ40529511722313,Bachelor,A,Major Loss,Ambulance,0,1,CT,Manchester,16,AGENT00345,VNDR00462
23/12/2020 0:00,TXN00005122,A00000431,PLC00005990,5/3/2011,13/12/2020,16/12/2020,Health,161.9,3000,Shelley Miller,2835 Southwest 78th Street,,Oklahoma City,OK,73159,766-22-6633,Y,50,6,Y,3,M,Mortgage,MI,87251076,VSPZ72062592407853,Bachelor,A,Total Loss,Police,0,0,OK,Oklahoma City,14,AGENT01086,
24/12/2020 0:00,TXN00005151,A00008146,PLC00003123,7/6/2018,13/12/2020,18/12/2020,Health,191.53,4000,Linda Flint,7010 Fulton Court,,Montgomery,AL,36117,340-30-2576,Y,39,7,Y,3,L,Rent,HI,14474606,IUQC93634690584796,Bachelor,A,Total Loss,Ambulance,1,1,DC,Washington,14,AGENT00597,VNDR00443
24/12/2020 0:00,TXN00005152,A00001583,PLC00007084,18/2/2015,21/12/2020,21/12/2020,Health,132.78,5000,Dorothy Middleton,5327 Pierce Street,,Arvada,CO,80002,213-51-6808,Y,36,104,Y,3,L,Own,LI,18829626,CDDF58709474487469,Bachelor,A,Total Loss,Police,1,0,FL,Panama City,19,AGENT00493,VNDR00134
24/12/2020 0:00,TXN00005154,A00007519,PLC00009997,27/1/2015,13/12/2020,18/12/2020,Health,114.51,15000,Genevieve Martin,3617 Menlo Court,,Montgomery,AL,36116,238-21-8099,Y,46,37,Y,3,M,Own,MI,80317399,XYMU41457217246158,PhD,A,Minor Loss,Ambulance,0,1,CT,Manchester,23,AGENT00606,VNDR00098
24/12/2020 0:00,TXN00005159,A00003185,PLC00009736,11/11/2019,10/12/2020,15/12/2020,Health,190.31,3000,Jason Rigsby,11501 Maple Way,,Louisville,KY,40229,166-69-6599,N,61,34,Y,4,M,Rent,MI,35548825,VCIX10117797142519,Bachelor,A,Major Loss,None,1,1,CA,Berkeley,20,AGENT00944,
24/12/2020 0:00,TXN00005160,A00002430,PLC00008498,3/6/2016,14/12/2020,17/12/2020,Health,154.52,14000,Ronald Roddy,7416 West Maryland Avenue,,Glendale,AZ,85303,163-45-8545,Y,29,34,Y,4,H,Rent,LI,107492391,VCDE28145728911385,Bachelor,A,Major Loss,Ambulance,1,1,CO,Arvada,0,AGENT00174,VNDR00114
25/12/2020 0:00,TXN00005171,A00003472,PLC00001400,10/6/2017,12/12/2020,17/12/2020,Health,117.56,1000,Cristina Prichard,313 Lone Oak Drive,,Norman,OK,73071,156-54-1298,Y,60,7,Y,2,M,Mortgage,MI,27370250,KSYR07723886870914,Masters,A,Minor Loss,Ambulance,1,0,AZ,Glendale,18,AGENT00465,
25/12/2020 0:00,TXN00005192,A00007071,PLC00007502,1/8/2010,8/12/2020,13/12/2020,Health,162.65,5000,Glenn Madson,4050 Bryce Road,,Nashville,TN,37211,028-45-6434,N,28,86,N,3,M,Own,MI,16876121,MBUN60342093639655,High School,A,Major Loss,Ambulance,1,0,CO,Arvada,0,AGENT00154,
25/12/2020 0:00,TXN00005194,A00001257,PLC00008513,4/6/2017,6/12/2020,11/12/2020,Health,131.5,14000,Darlene Wingo,1261 Steamboat Drive,#3,Fayetteville,AR,72704,383-14-1560,Y,53,9,Y,6,L,Own,LI,43796119,ATCK71685254425616,High School,A,Minor Loss,Police,1,1,MA,Brockton,12,AGENT00192,
25/12/2020 0:00,TXN00005198,A00006609,PLC00005451,15/1/2017,13/12/2020,18/12/2020,Health,137.66,18000,Robin Hinshaw,3027 Badger Drive,,Pleasanton,CA,94566,394-98-0358,Y,33,69,Y,6,L,Rent,LI,16367973,MICF48099168973830,Masters,A,Major Loss,Police,1,1,DC,Washington,10,AGENT00743,
25/12/2020 0:00,TXN00005199,A00001960,PLC00004105,15/6/2014,19/12/2020,21/12/2020,Health,168.37,16000,Randall Herrington,141 Parker Road,,Pittsford,VT,5763,574-51-7593,N,29,119,Y,6,M,Rent,LI,26090353,QJCU05406363408389,Bachelor,A,Total Loss,None,0,0,CO,Greeley,15,AGENT00530,VNDR00200
26/12/2020 0:00,TXN00005216,A00002680,PLC00001172,13/5/2012,20/12/2020,22/12/2020,Health,109.64,5000,Brenda Workman,182 Regency Circle,,Pooler,GA,31322,273-59-7870,Y,52,12,Y,6,L,Mortgage,LI,69085930,GEAB29573288203605,Bachelor,A,Total Loss,Ambulance,1,1,MA,Everett,8,AGENT00419,VNDR00247
26/12/2020 0:00,TXN00005218,A00000049,PLC00008500,10/2/2016,14/12/2020,19/12/2020,Health,172.73,16000,William Mcgill,81 Lyness Street,,Manchester,CT,6040,406-65-9837,Y,37,72,Y,4,L,Own,HI,112851613,APVE98077154567185,High School,A,Minor Loss,None,0,1,CO,Arvada,12,AGENT00388,VNDR00192
27/12/2020 0:00,TXN00005224,A00001959,PLC00005554,19/1/2016,25/12/2020,25/12/2020,Health,179.85,12000,Barney Park,60 Willow Lakes Drive,,Savannah,GA,31419,293-15-1293,Y,29,92,N,7,L,Rent,MI,129796020,HUBP08937436220156,High School,A,Major Loss,Ambulance,0,1,MA,Yarmouth,3,AGENT00680,
27/12/2020 0:00,TXN00005225,A00001833,PLC00007664,10/6/2018,7/12/2020,12/12/2020,Health,130.92,2000,Christine Richards,233 Ingraham Street Northwest,,Washington,DC,20011,482-90-2435,Y,41,98,Y,3,L,Own,HI,26764663,FNUV80736679075744,Bachelor,A,Major Loss,Police,1,0,MD,Glen Burnie,17,AGENT00832,VNDR00185
27/12/2020 0:00,TXN00005230,A00009145,PLC00000390,22/9/2017,9/12/2020,14/12/2020,Health,163.4,16000,Beatrice Fields,55 Russells Mills Road,,Dartmouth,MA,2748,265-01-5585,Y,29,29,Y,2,M,Mortgage,HI,53781321,WBLT91482231287382,MD,A,Minor Loss,Ambulance,1,1,AK,Anchorage,2,AGENT01074,VNDR00284
28/12/2020 0:00,TXN00005256,A00009464,PLC00000499,6/7/2015,19/12/2020,22/12/2020,Health,185.41,11000,Ladonna Ross,5144 Cattail Court,,Fayetteville,AR,72701,382-87-8963,Y,34,62,Y,4,M,Mortgage,LI,86498623,VKUW48846980140363,Bachelor,A,Total Loss,Ambulance,0,0,MA,Wakefield,0,AGENT00217,VNDR00330
28/12/2020 0:00,TXN00005260,A00009889,PLC00003505,16/8/2013,10/12/2020,15/12/2020,Health,139.7,17000,James Hood,1753 Zion Road,#E33,Fayetteville,AR,72703,354-59-2963,Y,49,82,Y,5,M,Rent,LI,125139432,XPOX55513072205486,NA,A,Minor Loss,Police,1,1,AK,Anchorage,17,AGENT01106,VNDR00162
28/12/2020 0:00,TXN00005265,A00005249,PLC00005377,20/4/2018,8/12/2020,13/12/2020,Health,136.24,6000,Jose Reynolds,8101 Northwind Avenue,,Anchorage,AK,99504,545-39-1824,Y,41,105,Y,2,H,Rent,MI,81561429,GEQR73852838346553,Bachelor,A,Major Loss,Other,1,1,MD,Laurel,8,AGENT01144,VNDR00046
28/12/2020 0:00,TXN00005269,A00007765,PLC00002407,5/5/2019,24/12/2020,25/12/2020,Health,108.67,20000,William Gibler,83 Oakdale Road,,Newton,MA,2459,404-29-1047,Y,54,21,Y,4,L,Own,MI,67634642,MGKW73071585879595,Bachelor,A,Major Loss,Ambulance,1,0,KY,Louisville,16,AGENT00713,VNDR00582
28/12/2020 0:00,TXN00005273,A00008864,PLC00006579,15/12/2014,11/12/2020,16/12/2020,Health,135.93,14000,Samuel Stepp,1402 Maggies Way,,Waterbury Center,VT,5677,460-49-6151,Y,26,47,Y,6,L,Own,MI,48442714,VWOX44252203721877,Masters,A,Total Loss,Police,1,1,GA,Savannah,10,AGENT00611,VNDR00169
29/12/2020 0:00,TXN00005279,A00005292,PLC00003904,25/6/2012,12/12/2020,17/12/2020,Health,124.81,13000,Cole Jimenez,130 Carolina Cherry Circle,,Pooler,GA,31322,243-76-1423,Y,56,76,Y,3,M,Own,MI,38533196,AQBW46892638627452,Bachelor,A,Major Loss,Police,1,0,TN,Nashville,11,AGENT00103,VNDR00451
29/12/2020 0:00,TXN00005280,A00003580,PLC00003312,25/3/2012,13/12/2020,18/12/2020,Health,190.29,18000,Mary Kinkead,83 Oakdale Road,,Newton,MA,2459,565-87-4347,Y,62,111,Y,6,L,Own,LI,117895014,QJBF81019736221788,High School,A,Major Loss,Ambulance,0,1,GA,Savannah,13,AGENT00430,VNDR00504
29/12/2020 0:00,TXN00005300,A00003638,PLC00006511,15/1/2020,24/12/2020,25/12/2020,Health,140.63,5000,Kathleen Barham,3613 East 18th Avenue,,Anchorage,AK,99508,598-58-8262,Y,58,33,Y,7,L,Own,LI,47152102,USMZ37139637293748,MD,A,Total Loss,Police,1,1,FL,Panama City,8,AGENT01062,VNDR00491
30/12/2020 0:00,TXN00005302,A00007387,PLC00005492,5/8/2010,24/12/2020,26/12/2020,Health,177.96,18000,Jesse Hepfer,5337 West Wheeler Road,,Fayetteville,AR,72704,785-38-2994,Y,42,95,Y,6,L,Own,HI,103062589,JPRY19058737750556,Bachelor,A,Total Loss,None,0,1,AR,Fayetteville,11,AGENT00218,
30/12/2020 0:00,TXN00005310,A00004874,PLC00000649,16/9/2012,13/12/2020,18/12/2020,Health,189.93,11000,Carlos Peele,622 Thomas Street,,Woodland,CA,95776,705-53-1221,Y,63,89,Y,7,M,Rent,MI,64003878,EFWC06996752022519,NA,A,Total Loss,Ambulance,1,1,CA,Woodland,10,AGENT00724,VNDR00269
30/12/2020 0:00,TXN00005311,A00003762,PLC00000030,26/5/2017,23/12/2020,25/12/2020,Health,181.28,9000,Michael Lay,1101 Lotus Avenue,,Glen Burnie,MD,21061,572-40-1289,Y,31,84,Y,3,L,Mortgage,MI,88581525,OQAF22715934399470,Bachelor,A,Major Loss,Ambulance,1,1,KY,Prospect,11,AGENT00795,VNDR00251
30/12/2020 0:00,TXN00005313,A00003094,PLC00003072,28/8/2017,28/12/2020,28/12/2020,Health,192.32,1000,Richard Downs,30 Curtis Road,#509,Milton,MA,2186,360-32-4129,Y,50,97,Y,2,L,Rent,HI,129193474,NGPN39746848639607,Bachelor,A,Major Loss,Other,1,1,GA,Savannah,7,AGENT00551,
30/12/2020 0:00,TXN00005315,A00004729,PLC00000608,26/2/2013,28/12/2020,28/12/2020,Health,192.99,5000,Louise White,3701 Lake Towne Drive,,Nashville,TN,37013,337-24-9361,Y,48,101,Y,3,H,Rent,LI,36275566,HZHN16802619952520,College,A,Total Loss,None,1,1,CA,Castro Valley,11,AGENT00407,VNDR00028
30/12/2020 0:00,TXN00005316,A00003926,PLC00005862,26/5/2018,29/12/2020,29/12/2020,Health,179,2000,Teresa Oneill,78 School Street,,Woburn,MA,1801,206-90-1455,Y,36,81,Y,3,M,Own,MI,71573139,VKDO37795563942310,College,A,Minor Loss,Ambulance,1,0,AL,Montgomery,19,AGENT00135,VNDR00033
30/12/2020 0:00,TXN00005319,A00009982,PLC00003983,2/5/2018,25/12/2020,26/12/2020,Health,178.06,11000,Bradley Guerrier,3104 Southwest 46th Street,,Oklahoma City,OK,73119,722-68-3001,N,53,12,Y,4,M,Mortgage,MI,74569629,XDDD35886405591540,Masters,A,Total Loss,Police,1,1,DC,Washington,20,AGENT00215,
31/12/2020 0:00,TXN00005327,A00002181,PLC00002454,3/10/2018,13/12/2020,18/12/2020,Health,176.93,20000,Donna Evans,4922 West Cholla Street,,Glendale,AZ,85304,392-63-0641,N,26,20,Y,3,M,Mortgage,LI,80625900,JPJO03770015293509,Bachelor,A,Major Loss,Ambulance,0,0,CO,Arvada,22,AGENT00844,VNDR00167
31/12/2020 0:00,TXN00005335,A00000851,PLC00001792,22/4/2014,20/12/2020,25/12/2020,Health,143.56,12000,Anthony Lemons,17794 West 77th Lane,,Arvada,CO,80007,528-46-6663,Y,28,44,Y,7,L,Rent,MI,62438005,KLSV58087590679217,Bachelor,A,Total Loss,Police,1,1,AL,Montgomery,22,AGENT01055,
31/12/2020 0:00,TXN00005340,A00009670,PLC00007208,4/2/2014,20/12/2020,25/12/2020,Health,165.47,19000,Ina Hughes,6730 North 59th Drive,#4,Glendale,AZ,85301,429-05-6691,Y,33,61,Y,4,L,Own,HI,11567150,EULZ43801227453747,Bachelor,A,Total Loss,Ambulance,0,1,AZ,Glendale,7,AGENT00096,VNDR00324
31/12/2020 0:00,TXN00005341,A00003234,PLC00007912,11/3/2016,11/12/2020,16/12/2020,Health,137.63,14000,Samuel Deruyter,1803 Hickory Avenue,UNIT C,Panama City,FL,32405,782-48-2279,N,60,41,Y,5,M,Rent,HI,40528270,YYPO55744917695737,Bachelor,A,Minor Loss,Police,1,0,AZ,Glendale,23,AGENT00876,
31/12/2020 0:00,TXN00005342,A00002126,PLC00009531,30/10/2015,12/12/2020,17/12/2020,Health,118.89,16000,Harold Reynolds,1010 10th Street Northeast,,Washington,DC,20002,854-18-3503,Y,42,93,Y,5,L,Mortgage,HI,128588514,QLMG16998627128178,Bachelor,A,Minor Loss,None,1,0,DC,Washington,7,AGENT00817,VNDR00117
31/12/2020 0:00,TXN00005345,A00000465,PLC00008073,10/6/2017,23/12/2020,26/12/2020,Health,186.44,5000,Michael Pollack,44 Colonial Road,,Manchester,CT,6042,505-18-9320,N,34,22,Y,4,M,Own,LI,61425213,XWNS05737532934682,High School,A,Major Loss,Other,1,1,CA,Berkeley,15,AGENT00723,VNDR00332
1/1/2021 0:00,TXN00005351,A00000543,PLC00009316,30/11/2011,15/12/2020,20/12/2020,Health,182.71,11000,Daniel Peterson,117 South Capitol Parkway,,Montgomery,AL,36107,892-34-0013,Y,53,79,Y,4,M,Mortgage,LI,79230092,XZFP47456004506375,High School,D,Total Loss,Ambulance,1,1,DC,Washington,19,AGENT00970,VNDR00072
1/1/2021 0:00,TXN00005358,A00001152,PLC00004652,30/7/2016,30/12/2020,30/12/2020,Health,119.13,11000,Carla Guerrera,96 Lakehouse Drive,,Fairlee,VT,5045,268-35-4577,Y,31,82,Y,2,M,Mortgage,HI,13889674,PPKM52808367892426,Masters,A,Minor Loss,Other,0,0,AL,Montgomery,11,AGENT00402,VNDR00076
1/1/2021 0:00,TXN00005361,A00007079,PLC00000958,5/7/2013,12/12/2020,17/12/2020,Health,142.59,16000,Tiffany Rose,2803 River Drive,,Thunderbolt,GA,31404,324-36-7099,Y,59,111,Y,3,M,Mortgage,MI,16301023,DWKP94256714518131,Bachelor,A,Minor Loss,Ambulance,0,1,TN,Nashville,17,AGENT00977,
1/1/2021 0:00,TXN00005368,A00002700,PLC00000705,16/6/2013,13/12/2020,18/12/2020,Health,124.44,2000,Helen Miller,3110 East Victory Drive,,Savannah,GA,31404,535-65-2550,N,55,42,Y,2,M,Rent,MI,127108403,JOEL75457124410869,PhD,A,Minor Loss,Ambulance,1,0,MA,Medway,22,AGENT00477,VNDR00527
1/1/2021 0:00,TXN00005372,A00005755,PLC00008487,4/1/2012,29/12/2020,29/12/2020,Health,112.09,11000,Michael Johnson,6241 Hudson Creek Drive,,Louisville,KY,40291,521-04-8546,Y,26,71,Y,2,M,Own,LI,124700008,XMPN91704981350338,College,D,Minor Loss,Ambulance,0,1,CA,Union City,16,AGENT00930,VNDR00417
1/1/2021 0:00,TXN00005374,A00002457,PLC00009112,4/7/2011,23/12/2020,26/12/2020,Health,111.75,7000,Dan Cooper,800 Quacco Road,#3,Savannah,GA,31419,399-43-3652,N,50,19,Y,7,L,Rent,MI,109878007,DZMT97011821392704,College,A,Minor Loss,Police,0,1,DC,Washington,22,AGENT00062,VNDR00503
1/1/2021 0:00,TXN00005375,A00009084,PLC00009529,15/6/2017,12/12/2020,17/12/2020,Health,156.19,19000,Virginia Haugen,222 Holiday Circle,,Savannah,GA,31419,051-61-6648,Y,47,10,Y,6,L,Own,HI,41890680,RQTK36828677267758,High School,D,Minor Loss,Ambulance,1,1,AZ,Glendale,15,AGENT00233,VNDR00325
2/1/2021 0:00,TXN00005378,A00005117,PLC00003170,28/1/2015,22/12/2020,27/12/2020,Health,113.74,2000,David Laue,45 Brackett Street,#611,Quincy,MA,2169,482-51-0105,N,27,82,Y,7,M,Rent,MI,56883093,UOZZ17248827787478,Bachelor,A,Major Loss,None,1,1,KY,Jeffersontown,16,AGENT00190,VNDR00066
2/1/2021 0:00,TXN00005380,A00002650,PLC00005497,22/3/2019,19/12/2020,24/12/2020,Health,133.44,19000,William Redmond,8398 West Denton Lane,,Glendale,AZ,85305,015-49-7263,Y,36,70,Y,5,H,Mortgage,MI,103551951,AULO88889943579507,High School,A,Major Loss,Ambulance,1,1,AR,Fayetteville,15,AGENT00762,VNDR00518
2/1/2021 0:00,TXN00005381,A00009823,PLC00002762,9/7/2019,28/12/2020,29/12/2020,Health,127.11,17000,Rosa Renfro,3420 Horseshoe Circle,,Montgomery,AL,36116,602-72-0176,Y,62,53,Y,7,L,Rent,MI,120664025,TTUL88496487045609,High School,A,Minor Loss,Other,1,0,KY,Louisville,19,AGENT00996,VNDR00400
2/1/2021 0:00,TXN00005382,A00008970,PLC00004611,6/5/2013,21/12/2020,26/12/2020,Health,136.18,12000,Rhonda Marren,33 South Hill Avenue,#306,Fayetteville,AR,72701,703-05-9183,N,35,114,Y,7,L,Mortgage,MI,89691414,EZYE72731916479310,College,A,Minor Loss,Police,1,1,CA,Carson,17,AGENT01098,
2/1/2021 0:00,TXN00005384,A00004182,PLC00003826,30/3/2018,22/12/2020,27/12/2020,Health,147.31,9000,Maribel Jackson,2212 Daffin Drive,,Savannah,GA,31404,266-78-6993,Y,56,79,Y,4,M,Mortgage,MI,17540388,ZBZT94905415147044,PhD,A,Major Loss,Ambulance,1,1,KY,Saint Matthews,20,AGENT00281,
2/1/2021 0:00,TXN00005397,A00002324,PLC00000254,9/8/2010,24/12/2020,27/12/2020,Health,104.61,19000,Lawrence Miller,4339 Oak Street,,Montgomery,AL,36105,220-09-7827,N,37,24,Y,3,M,Rent,LI,105205425,BKCS17433878835746,College,A,Major Loss,Ambulance,0,1,DC,Washington,10,AGENT00941,VNDR00358
2/1/2021 0:00,TXN00005398,A00009575,PLC00002479,2/2/2019,25/12/2020,28/12/2020,Health,127.72,20000,Gwendolyn Watson,1189 Northwest End Avenue,#D3,Fayetteville,AR,72703,770-04-7435,N,29,77,Y,2,L,Rent,LI,100909441,AUIK26583998833869,Bachelor,A,Major Loss,None,1,1,AZ,Glendale,22,AGENT00008,VNDR00324
3/1/2021 0:00,TXN00005402,A00003549,PLC00005163,21/11/2012,2/1/2021,2/1/2021,Health,194.57,3000,Martin Gant,1528 Spruce Street,M,Berkeley,CA,94709,218-88-8196,Y,51,8,Y,7,L,Mortgage,MI,38126914,DWJJ40458003385583,High School,A,Minor Loss,Ambulance,0,1,CT,Manchester,18,AGENT00975,
3/1/2021 0:00,TXN00005408,A00007671,PLC00008798,19/7/2011,27/12/2020,29/12/2020,Health,117.1,11000,Michael Martinez,295 Townes Drive,,Nashville,TN,37211,491-30-2905,Y,25,99,Y,4,L,Mortgage,HI,43922116,UNWK65592294845926,High School,A,Minor Loss,Police,1,1,AZ,Glendale,14,AGENT00004,
4/1/2021 0:00,TXN00005420,A00009672,PLC00005614,18/5/2018,20/12/2020,25/12/2020,Health,172.14,15000,Roger Kuehnle,3323 Summerhill Drive,,Fayetteville,AR,72703,109-08-7348,N,58,24,Y,6,L,Rent,MI,90247844,IVJG61907829556364,Bachelor,A,Total Loss,Other,1,1,CO,Arvada,8,AGENT01003,VNDR00286
4/1/2021 0:00,TXN00005425,A00006250,PLC00003602,12/12/2014,2/1/2021,2/1/2021,Health,122.73,7000,Mark Heinen,1320 Huffman Park Drive,#STE 000170,Anchorage,AK,99515,681-47-4553,Y,37,97,Y,6,M,Mortgage,LI,26484118,AMPS73603981640900,Bachelor,A,Total Loss,Ambulance,1,0,CO,Arvada,6,AGENT00910,VNDR00267
5/1/2021 0:00,TXN00005448,A00001311,PLC00007103,24/4/2016,26/12/2020,29/12/2020,Health,108.28,15000,Joel Shelby,6818 North Lagoon Drive,,Panama City,FL,32408,223-42-2788,Y,40,109,Y,2,M,Rent,LI,57256470,TYQC12708516161439,PhD,A,Minor Loss,Ambulance,1,1,KY,Louisville,11,AGENT00616,
5/1/2021 0:00,TXN00005459,A00001068,PLC00009092,2/4/2015,20/12/2020,25/12/2020,Health,112.63,20000,Barry Montano,3835 Oakes Drive,,Hayward,CA,94542,464-30-4971,Y,29,18,Y,5,M,Own,HI,107695635,BRXA92524774216280,High School,A,Total Loss,Police,1,1,AL,Montgomery,14,AGENT00518,VNDR00406
5/1/2021 0:00,TXN00005465,A00001138,PLC00000568,5/6/2019,31/12/2020,1/1/2021,Health,185.15,12000,Daniel Ortiz,172 Alburg Springs Road,,Alburgh,VT,5440,729-47-0762,Y,61,20,Y,4,M,Own,HI,75605317,SGJB27709802975716,High School,A,Minor Loss,Ambulance,0,1,CT,Manchester,4,AGENT00204,VNDR00344
6/1/2021 0:00,TXN00005471,A00001908,PLC00000676,31/12/2016,25/12/2020,30/12/2020,Health,163.32,11000,Anderson Harry,112 Walnut Street,,Reading,MA,1867,441-99-2635,Y,32,118,Y,3,H,Mortgage,HI,11678913,SMMJ03173623853583,NA,D,Major Loss,None,0,1,KY,Louisville,17,AGENT00824,VNDR00047
6/1/2021 0:00,TXN00005481,A00000178,PLC00005502,23/11/2014,3/1/2021,3/1/2021,Health,135.37,9000,Mary Mcnelis,109 Cambridge Station Road,,Louisville,KY,40223,570-03-5557,Y,28,50,Y,2,M,Mortgage,LI,88801425,WJQX66714610818032,Bachelor,A,Major Loss,None,1,0,AR,Fayetteville,23,AGENT00160,VNDR00049
6/1/2021 0:00,TXN00005482,A00001367,PLC00009163,7/4/2013,29/12/2020,1/1/2021,Health,151.35,15000,Bryan Abe,1606 Trevilian Way,,Louisville,KY,40205,486-12-9852,Y,50,53,Y,4,H,Own,HI,60027560,GHKR50515217865878,Masters,A,Total Loss,Police,1,0,FL,Panama City Beach,17,AGENT00592,VNDR00503
6/1/2021 0:00,TXN00005483,A00005183,PLC00009142,27/7/2013,3/1/2021,3/1/2021,Health,171.14,5000,Susan Heffern,5603 Dune Creek Trail,,Panama City,FL,32404,832-49-4601,Y,37,62,Y,5,M,Own,MI,116813042,GMVU40827001296009,High School,A,Minor Loss,None,1,1,KY,Louisville,10,AGENT00752,VNDR00204
6/1/2021 0:00,TXN00005488,A00008443,PLC00009323,8/7/2018,27/12/2020,30/12/2020,Health,152.25,1000,Neely Davila,270 Chrissy's Court,,,VT,5443,664-02-3016,N,40,76,Y,4,M,Own,HI,73052205,FHJT69067249229168,Bachelor,A,Total Loss,Other,0,1,KY,Jeffersontown,4,AGENT00028,VNDR00119
6/1/2021 0:00,TXN00005494,A00000686,PLC00009109,19/8/2012,5/1/2021,5/1/2021,Health,170.83,7000,Mary Jameson,1 Pond View Road,,Proctor,VT,5765,838-25-1681,Y,63,96,Y,5,M,Mortgage,LI,60088402,RANI91527888262653,Bachelor,A,Major Loss,None,1,1,CA,Morro Bay,23,AGENT00608,VNDR00252
6/1/2021 0:00,TXN00005498,A00001224,PLC00008353,2/2/2014,30/12/2020,1/1/2021,Health,131.88,4000,Margaret Bobeck,200 Boulder Road,,Manchester,CT,6040,001-27-1020,Y,63,11,Y,3,L,Own,HI,73802549,WQTE29107757202004,MD,A,Minor Loss,Ambulance,1,1,FL,Panama City Beach,20,AGENT00095,VNDR00171
7/1/2021 0:00,TXN00005517,A00009147,PLC00006908,28/3/2013,27/12/2020,1/1/2021,Health,158,19000,Yvonne Floyd,11 Water Street,,Holbrook,MA,2343,832-11-8554,Y,29,36,Y,5,L,Rent,HI,125760885,XHVU37143041006099,Bachelor,A,Major Loss,None,1,1,CA,Oakland,1,AGENT00173,VNDR00420
7/1/2021 0:00,TXN00005520,A00000549,PLC00001313,20/11/2014,5/1/2021,5/1/2021,Health,192.58,5000,Howard Foster,6086 Kennedy Drive,,Fayetteville,AR,72704,885-96-1062,Y,52,51,Y,2,M,Mortgage,MI,41979475,QZQI09741830338749,High School,A,Minor Loss,Ambulance,0,1,KY,Louisville,11,AGENT00692,
7/1/2021 0:00,TXN00005528,A00003235,PLC00001719,17/10/2010,2/1/2021,3/1/2021,Health,131.06,18000,Jerome Mitchell,6000 Parker Drive,,Deale,MD,20751,842-74-9238,Y,43,6,Y,5,M,Mortgage,LI,32541773,JVOU94673604568869,High School,A,Minor Loss,Ambulance,1,1,CO,Arvada,12,AGENT01063,VNDR00049
7/1/2021 0:00,TXN00005532,A00001658,PLC00002404,5/9/2013,6/1/2021,6/1/2021,Health,101.43,19000,Raymond Hileman,1918 Spruce Street,,Boulder,CO,80302,054-96-5510,Y,36,23,Y,6,M,Rent,MI,48169217,AGUI08481389216291,High School,A,Minor Loss,Police,1,1,CT,Manchester,19,AGENT00406,
7/1/2021 0:00,TXN00005541,A00009269,PLC00001893,22/1/2020,21/12/2020,26/12/2020,Health,163.03,20000,Sofia Shor,501 Holly Avenue,,Pooler,GA,31322,271-01-3398,Y,35,43,Y,4,L,Own,MI,118663915,VEQL42858816928750,High School,A,Minor Loss,Police,1,0,VT,South Burlington,7,AGENT01127,
7/1/2021 0:00,TXN00005544,A00001939,PLC00005665,8/2/2011,31/12/2020,2/1/2021,Health,178.61,8000,James Leser,3635 Bisquier Drive,,Anchorage,AK,99508,680-37-2328,Y,39,45,Y,2,L,Mortgage,MI,25757493,WQPX27468248915999,Bachelor,A,Minor Loss,None,1,1,MA,Springfield,17,AGENT01082,
8/1/2021 0:00,TXN00005550,A00005873,PLC00008163,21/11/2013,7/1/2021,7/1/2021,Health,120.76,9000,Tim Parker,1226 Blossom Circle,,Livermore,CA,94550,571-53-2573,N,30,91,Y,2,L,Own,HI,96230402,VPEO02265502971357,MD,A,Major Loss,Police,0,1,AK,Anchorage,1,AGENT01114,
8/1/2021 0:00,TXN00005553,A00007003,PLC00008553,8/1/2017,21/12/2020,26/12/2020,Health,160.11,5000,Frances Reifsteck,158 Euclid Avenue,,San Leandro,CA,94577,346-85-1632,Y,60,26,Y,4,M,Own,MI,21814178,SAHU42722073696104,PhD,A,Total Loss,Ambulance,1,1,AZ,Glendale,1,AGENT00160,VNDR00115
8/1/2021 0:00,TXN00005554,A00006868,PLC00009553,23/3/2012,20/12/2020,25/12/2020,Health,152.43,15000,Dee Mork,7506 Harvey Street,,Panama City,FL,32404,331-83-7139,Y,56,39,Y,4,M,Mortgage,LI,11313362,QHKX84538707253257,Bachelor,A,Total Loss,Police,1,1,CA,South Lake Tahoe,0,AGENT01042,VNDR00451
8/1/2021 0:00,TXN00005558,A00003780,PLC00002380,6/7/2010,19/12/2020,24/12/2020,Health,181.19,14000,Wilma Alvarez,7703 Laird Street,,Panama City,FL,32408,446-30-8001,Y,40,13,Y,2,L,Rent,MI,83392719,KLUO77609915700391,MD,A,Major Loss,Ambulance,1,0,MD,Hanover,22,AGENT01189,VNDR00348
8/1/2021 0:00,TXN00005560,A00000550,PLC00004634,19/10/2019,6/1/2021,6/1/2021,Health,151.19,15000,Teresa Coddington,6609 Westshire Drive,,Louisville,KY,40258,598-15-0511,N,53,29,Y,4,L,Rent,LI,41091900,TBNQ97460379621064,MD,A,Major Loss,Police,0,0,MA,Norton,16,AGENT00641,VNDR00019
9/1/2021 0:00,TXN00005571,A00005904,PLC00004263,28/3/2014,30/12/2020,2/1/2021,Health,115.64,17000,Jack Fagen,55 Russells Mills Road,,Dartmouth,MA,2748,262-91-7278,Y,57,72,Y,3,M,Rent,LI,53997128,KCQB55967750241106,College,A,Major Loss,Other,1,1,FL,Southport,9,AGENT00112,VNDR00538
9/1/2021 0:00,TXN00005576,A00001183,PLC00007992,15/7/2018,5/1/2021,6/1/2021,Health,131.52,20000,Kevin Crouch,1707 6th Street Northwest,,Washington,DC,20001,730-76-4940,Y,62,113,Y,7,L,Mortgage,MI,14114720,UGAL41687369265344,High School,A,Minor Loss,Ambulance,0,1,MA,Gardner,13,AGENT00464,
9/1/2021 0:00,TXN00005577,A00006039,PLC00007325,2/10/2019,20/12/2020,25/12/2020,Health,191.89,1000,Ruth Morgan,2196 East Jonquil Road,,Fayetteville,AR,72703,016-20-6941,Y,50,42,Y,2,M,Rent,HI,17633619,UMZA03196899355334,High School,A,Total Loss,Ambulance,1,0,MA,Medford,12,AGENT00984,VNDR00295
9/1/2021 0:00,TXN00005589,A00007175,PLC00003081,9/11/2011,5/1/2021,6/1/2021,Health,169.27,1000,Anna Pierce,517 Wesley Avenue,,Nashville,TN,37207,091-97-8504,N,37,80,Y,4,M,Own,MI,74606935,LXWK56694804852439,PhD,A,Minor Loss,Ambulance,1,0,CA,Oakland,2,AGENT00041,VNDR00432
10/1/2021 0:00,TXN00005591,A00004731,PLC00006829,12/4/2015,28/12/2020,2/1/2021,Health,184.78,4000,Sean Pascale,8 Elmwood Drive,,Rutland,VT,5701,149-61-2065,Y,38,100,Y,7,H,Own,MI,30643709,JHNG69054003579695,PhD,A,Major Loss,None,1,0,DC,Washington,2,AGENT01106,VNDR00433
10/1/2021 0:00,TXN00005594,A00008539,PLC00009925,15/11/2019,29/12/2020,3/1/2021,Health,185.05,14000,Cheryl Pickens,798 Airport Road,,Panama City,FL,32405,248-24-9694,Y,30,114,N,2,H,Own,HI,49797303,COAA17956692009734,Masters,A,Major Loss,Ambulance,1,1,FL,Panama City,17,AGENT01025,
10/1/2021 0:00,TXN00005602,A00005793,PLC00001229,19/4/2016,23/12/2020,28/12/2020,Health,155.7,2000,Frances Wright,40 Strawberry Lane,,Manchester,CT,6040,201-62-5276,Y,57,94,N,2,M,Own,HI,33337083,YGNE85750887227569,Bachelor,A,Total Loss,Ambulance,0,0,AL,Montgomery,22,AGENT00815,VNDR00200
10/1/2021 0:00,TXN00005603,A00001803,PLC00009587,29/12/2013,31/12/2020,3/1/2021,Health,149.59,14000,Michael Ashley,1025 Rose Anne Road,,Glen Burnie,MD,21060,348-31-2361,Y,38,7,Y,6,M,Own,LI,32692156,DIHZ46383058225692,High School,A,Major Loss,Ambulance,0,1,AK,Anchorage,21,AGENT00018,VNDR00383
10/1/2021 0:00,TXN00005604,A00000931,PLC00004792,6/9/2015,2/1/2021,5/1/2021,Health,130.27,1000,Elizabeth Rubalcava,5611 North 61st Avenue,,Glendale,AZ,85301,351-38-9013,Y,40,71,Y,7,L,Mortgage,LI,61860975,WWGH35129303520515,Bachelor,A,Total Loss,Ambulance,1,0,CT,Manchester,2,AGENT00173,VNDR00369
10/1/2021 0:00,TXN00005610,A00004529,PLC00002449,3/8/2016,31/12/2020,3/1/2021,Health,113.34,14000,Demetrius Nekola,1430 East Audubon Road,,Montgomery,AL,36111,142-03-3005,Y,33,50,N,5,L,Rent,MI,41007596,YEUC58237613205617,NA,A,Major Loss,Ambulance,1,1,GA,Savannah,21,AGENT00822,VNDR00283
10/1/2021 0:00,TXN00005617,A00006632,PLC00004411,17/2/2014,9/1/2021,9/1/2021,Health,188.81,13000,John Cook,2200 East Victory Drive,#36,Savannah,GA,31404,614-91-4057,Y,31,68,Y,3,M,Rent,HI,71839750,AWHX84741419278927,Bachelor,A,Minor Loss,Ambulance,1,0,KY,Louisville,8,AGENT00657,VNDR00260
11/1/2021 0:00,TXN00005621,A00005654,PLC00000298,2/11/2018,31/12/2020,5/1/2021,Health,156.51,9000,Charles West,1313 Southwest 14th Street,,Oklahoma City,OK,73108,209-32-6840,Y,45,99,Y,6,L,Own,LI,55439163,JWPQ24951412582390,High School,A,Minor Loss,Police,1,1,CT,Manchester,1,AGENT00444,
11/1/2021 0:00,TXN00005623,A00004336,PLC00007434,20/2/2016,24/12/2020,29/12/2020,Health,182.86,4000,Maryann Staton,7326 North 62nd Avenue,#2,Glendale,AZ,85301,341-59-3003,Y,44,37,Y,2,M,Own,HI,15165516,PRIF50099373206455,College,A,Major Loss,Police,1,1,AZ,Glendale,9,AGENT00529,VNDR00495
11/1/2021 0:00,TXN00005633,A00009847,PLC00001643,13/2/2016,1/1/2021,4/1/2021,Health,165.84,17000,Pamela Webb,1819 Q Street Southeast,,Washington,DC,20020,863-82-7397,Y,29,87,Y,4,L,Rent,MI,35902267,FWWL21483666147474,High School,A,Total Loss,None,0,1,OK,The Village,18,AGENT00669,VNDR00161
11/1/2021 0:00,TXN00005643,A00003187,PLC00004953,9/2/2013,28/12/2020,2/1/2021,Health,154.47,13000,Margaret Goldschmidt,7915 Depew Street,,Arvada,CO,80003,726-05-8790,Y,33,52,Y,4,M,Own,LI,118180087,LRZK76940864034843,Bachelor,A,Major Loss,Ambulance,1,1,CA,Hayward,6,AGENT00510,VNDR00056
11/1/2021 0:00,TXN00005645,A00001114,PLC00001058,26/6/2019,4/1/2021,6/1/2021,Health,107.57,16000,Rosa Jeffers,2835 Jed Road,,Escondido,CA,92027,516-47-5511,Y,42,17,Y,5,H,Own,MI,83785180,KGWK49929202074956,Bachelor,A,Total Loss,Ambulance,0,1,AZ,Glendale,22,AGENT00048,VNDR00119
11/1/2021 0:00,TXN00005647,A00007790,PLC00007260,7/9/2019,26/12/2020,31/12/2020,Health,179.65,18000,Doris Sonoda,6703 Bluffview Circle,,Louisville,KY,40299,414-46-3391,Y,53,102,Y,6,L,Mortgage,MI,33570154,IMJJ76759890944199,Masters,A,Minor Loss,None,1,1,AK,Anchorage,9,AGENT00786,VNDR00290
12/1/2021 0:00,TXN00005664,A00005196,PLC00001853,8/10/2016,29/12/2020,3/1/2021,Health,124.87,14000,Michael Brown,5144 Cattail Court,,Fayetteville,AR,72701,549-08-1029,Y,42,42,Y,4,L,Rent,MI,35817035,RZOF16195028593385,Bachelor,A,Minor Loss,Police,1,1,AR,Fayetteville,2,AGENT00894,VNDR00387
13/1/2021 0:00,TXN00005683,A00004519,PLC00001804,25/7/2011,29/12/2020,3/1/2021,Health,103.11,14000,Patricia Milton,4405 West Solano Drive South,,Glendale,AZ,85301,824-70-2947,N,38,100,Y,2,L,Own,MI,83712975,FXDY02330906405078,High School,A,Minor Loss,Police,1,1,FL,Panama City Beach,9,AGENT00538,VNDR00549
13/1/2021 0:00,TXN00005686,A00006573,PLC00000903,25/3/2019,7/1/2021,9/1/2021,Health,125.14,5000,Connie Robinson,233 Ingraham Street Northwest,,Washington,DC,20011,354-67-7685,Y,31,53,Y,7,L,Mortgage,LI,30285934,VFYJ51623969981196,Masters,A,Total Loss,None,1,1,AK,Anchorage,1,AGENT00124,
13/1/2021 0:00,TXN00005690,A00001921,PLC00001103,15/11/2014,8/1/2021,9/1/2021,Health,103.58,9000,Lewis Sluka,65 Lowry Road,,Falmouth,MA,2540,311-34-1818,N,63,94,Y,6,L,Mortgage,MI,38955648,AKBY63104277273190,MD,A,Major Loss,None,1,1,AZ,Glendale,2,AGENT00205,
14/1/2021 0:00,TXN00005694,A00007228,PLC00007703,24/11/2016,27/12/2020,1/1/2021,Health,120.27,17000,Debi Gagnon,50 Winthrop Avenue,,Lawrence,MA,1843,458-13-4269,Y,30,25,Y,4,M,Own,HI,107785655,UGRY86798677673094,College,A,Total Loss,Police,1,1,AL,Montgomery,18,AGENT00404,
14/1/2021 0:00,TXN00005697,A00006431,PLC00002154,27/9/2012,13/1/2021,13/1/2021,Health,181,17000,Lillie Hummel,13628 West 62nd Drive,,Arvada,CO,80004,111-96-2488,N,46,77,Y,5,L,Own,LI,127277486,QIIR96686824562088,High School,A,Major Loss,Police,1,0,AZ,Glendale,14,AGENT00207,VNDR00425
14/1/2021 0:00,TXN00005710,A00003493,PLC00008119,2/3/2017,10/1/2021,11/1/2021,Health,103.98,20000,Fernando Beckford,314 Mesa Street,,Wheatland,CA,95692,704-49-9416,Y,64,109,Y,2,L,Rent,HI,87245477,ZDII00910040159814,High School,A,Total Loss,Police,1,0,AR,Fayetteville,14,AGENT00142,VNDR00001
14/1/2021 0:00,TXN00005713,A00000382,PLC00002021,24/2/2011,12/1/2021,12/1/2021,Health,133.12,15000,Elisa Olsen,107 West Canton Circle,,Springfield,MA,1104,735-81-2566,Y,53,100,Y,3,M,Mortgage,MI,112891877,BLJP49446014498872,High School,A,Minor Loss,Police,1,1,TN,Nashville,22,AGENT01027,VNDR00488
14/1/2021 0:00,TXN00005717,A00009273,PLC00007558,1/4/2012,10/1/2021,11/1/2021,Health,107.86,20000,Casandra Jones,2212 Greenville Street,,Montgomery,AL,36107,032-27-5778,Y,49,37,Y,3,M,Rent,MI,116238135,AFEK41799018630962,Masters,A,Total Loss,Ambulance,1,1,KY,Louisville,12,AGENT00807,VNDR00297
15/1/2021 0:00,TXN00005719,A00006555,PLC00006629,8/12/2016,1/1/2021,6/1/2021,Health,114.63,3000,Douglas Alvarez,5104 West Tierra Buena Lane,,Glendale,AZ,85306,677-62-3085,Y,35,9,Y,7,L,Mortgage,HI,128094464,BAAT01915056212778,High School,A,Major Loss,Ambulance,1,1,MA,Quincy,10,AGENT00932,VNDR00078
15/1/2021 0:00,TXN00005722,A00002330,PLC00002389,11/2/2016,2/1/2021,7/1/2021,Health,178.86,18000,Alfred Wiggins,1514 16th Street Southeast,,Washington,DC,20020,374-54-5027,Y,37,23,Y,6,M,Own,MI,33327857,HGAQ39121707316154,NA,A,Minor Loss,Police,1,1,OK,Midwest City,13,AGENT01086,VNDR00028
15/1/2021 0:00,TXN00005723,A00003380,PLC00002026,3/8/2019,10/1/2021,11/1/2021,Health,167.69,16000,Alan Curry,100 Lake Forest Drive,,Montgomery,AL,36117,201-29-1889,Y,63,13,Y,5,M,Rent,MI,58059388,SKNK45815139718176,PhD,A,Total Loss,None,0,1,DC,Washington,6,AGENT00600,VNDR00186
15/1/2021 0:00,TXN00005740,A00000407,PLC00008855,18/12/2012,1/1/2021,6/1/2021,Health,146.99,15000,Dina Millerd,220 Avenue B,,Williston,VT,5495,391-71-6534,Y,48,112,Y,5,L,Mortgage,MI,58284250,VDMG65413596989471,Bachelor,A,Total Loss,Police,1,1,FL,Port Charlotte,7,AGENT00658,
16/1/2021 0:00,TXN00005744,A00004228,PLC00001292,15/1/2016,2/1/2021,7/1/2021,Health,197.98,19000,John Huynh,8554 Twin Gable Drive,,Montgomery,AL,36116,810-37-6749,Y,49,112,Y,2,L,Mortgage,HI,72985438,VWGJ09638204739107,High School,A,Total Loss,Ambulance,1,1,CO,Arvada,6,AGENT01105,VNDR00360
16/1/2021 0:00,TXN00005752,A00007171,PLC00000353,5/9/2018,9/1/2021,11/1/2021,Health,109.43,19000,James Hall,325 Irwin Street,#APT 000002,Anchorage,AK,99508,771-14-8865,Y,50,46,Y,4,H,Mortgage,MI,113669943,UFRN43417265797175,MD,A,Major Loss,Ambulance,1,1,CT,Manchester,17,AGENT00824,VNDR00221
16/1/2021 0:00,TXN00005757,A00009376,PLC00007310,8/7/2013,29/12/2020,3/1/2021,Health,161.24,1000,Chad Bird,1456 North Coghill Drive,#106,Fayetteville,AR,72704,696-99-2994,Y,27,12,Y,5,L,Rent,MI,54193727,FUON87598416840282,Bachelor,A,Total Loss,Ambulance,1,1,CA,Orange,0,AGENT00652,VNDR00550
18/1/2021 0:00,TXN00005798,A00007847,PLC00007319,25/11/2013,10/1/2021,13/1/2021,Health,189.74,11000,Willie Ousley,2704 McGee Avenue,R,Berkeley,CA,94703,842-55-8777,Y,54,116,N,6,M,Rent,MI,125911825,SPTD16350804982310,Bachelor,A,Major Loss,Other,1,0,AK,Anchorage,19,AGENT00812,
18/1/2021 0:00,TXN00005800,A00002858,PLC00009555,5/8/2016,13/1/2021,14/1/2021,Health,105.51,6000,Rhonda Moore,2040 Innes Circle,,Anchorage,AK,99515,302-42-4995,Y,49,12,Y,3,M,Mortgage,LI,109040288,KPNQ39071384120886,Bachelor,A,Total Loss,None,1,1,VT,Shaftsbury,10,AGENT00908,VNDR00465
18/1/2021 0:00,TXN00005801,A00004773,PLC00003686,18/12/2019,29/12/2020,3/1/2021,Health,131.17,18000,Bessie Lomonaco,406 Stilz Avenue,,Louisville,KY,40206,286-96-3440,N,34,105,Y,5,M,Mortgage,MI,114920335,PNSR86951793110268,PhD,A,Major Loss,Police,0,0,AZ,Glendale,16,AGENT00681,VNDR00473
18/1/2021 0:00,TXN00005810,A00007575,PLC00008248,17/2/2019,17/1/2021,17/1/2021,Health,106.07,4000,Nelson Tovar,6060 West Royal Palm Road,#226,Glendale,AZ,85302,818-36-8967,Y,57,66,N,4,M,Own,LI,124897335,ZSOE70904177542465,NA,D,Major Loss,Ambulance,1,1,DC,Washington,22,AGENT00240,VNDR00152
19/1/2021 0:00,TXN00005821,A00005828,PLC00005866,30/8/2013,15/1/2021,16/1/2021,Health,198.26,14000,Michael Fry,31130 Meadowbrook Avenue,,Hayward,CA,94544,473-01-3497,Y,38,6,Y,5,L,Rent,LI,117933374,OZLN18851859402500,Bachelor,A,Total Loss,Police,1,1,VT,Woodbury,18,AGENT00505,VNDR00491
19/1/2021 0:00,TXN00005835,A00005033,PLC00005507,21/7/2017,10/1/2021,13/1/2021,Health,185.55,19000,James Sinka,14300 Leesa Lane,,Edmond,OK,73013,828-37-3489,Y,44,25,Y,6,L,Own,HI,123707549,RBQX40534690170811,MD,A,Minor Loss,Police,0,1,CA,Oroville,23,AGENT00578,VNDR00183
19/1/2021 0:00,TXN00005841,A00000671,PLC00006995,23/7/2012,2/1/2021,7/1/2021,Health,182.79,4000,Nadine Bohn,531 Bobbin Mill Road,,Lunenburg,VT,5906,277-93-1680,N,51,99,Y,4,L,Mortgage,MI,15402538,JRWK41691686696590,High School,A,Total Loss,Ambulance,0,0,CT,Manchester,11,AGENT01086,
20/1/2021 0:00,TXN00005859,A00008993,PLC00009517,7/4/2013,2/1/2021,7/1/2021,Health,118.02,14000,Carol Mcluen,7431 Candace Way,#1,Louisville,KY,40214,847-77-0333,Y,34,63,Y,6,L,Own,LI,112106229,NLAH61252927701010,NA,A,Total Loss,Other,1,1,MA,West Tisbury,17,AGENT00507,VNDR00535
20/1/2021 0:00,TXN00005860,A00005086,PLC00001793,11/3/2017,31/12/2020,5/1/2021,Health,161.67,9000,Arlene Stehlik,631 North Eastern Boulevard,,Montgomery,AL,36117,094-34-6718,Y,26,54,Y,2,M,Own,HI,11057563,XREZ63963124368344,Bachelor,A,Major Loss,Ambulance,1,1,CT,Manchester,22,AGENT00850,
21/1/2021 0:00,TXN00005872,A00009161,PLC00004794,11/8/2013,3/1/2021,8/1/2021,Health,130.89,7000,Crystal Jones,43 Westminster Street,,Pittsfield,MA,1201,676-63-0630,Y,32,108,N,4,M,Rent,MI,74428964,GEWL88614472076098,Bachelor,A,Major Loss,Ambulance,1,1,MA,Winchester,10,AGENT00127,VNDR00039
21/1/2021 0:00,TXN00005874,A00008130,PLC00004777,10/6/2010,5/1/2021,10/1/2021,Health,172.63,12000,Kristina Shannon,880 H Street,#STE 000204,Anchorage,AK,99501,055-95-8959,N,53,29,Y,3,M,Mortgage,MI,24235204,ZBKR85367094991693,NA,A,Total Loss,Police,1,0,FL,Panama City,20,AGENT00886,VNDR00416
21/1/2021 0:00,TXN00005876,A00003118,PLC00006072,21/11/2019,11/1/2021,14/1/2021,Health,183.37,13000,Aida Soule,218 Turtle Cove,,Panama City Beach,FL,32413,222-95-7345,Y,32,119,N,6,L,Rent,MI,72228700,AGSM57603426795481,Bachelor,A,Total Loss,Ambulance,1,1,CO,Arvada,12,AGENT00473,VNDR00180
21/1/2021 0:00,TXN00005883,A00002821,PLC00000387,7/4/2011,12/1/2021,15/1/2021,Health,169.93,18000,Andrea Navarro,6276 Devinney Circle,,Arvada,CO,80004,198-97-1849,Y,38,20,Y,2,M,Own,LI,99654658,FLKK14704085153040,Bachelor,A,Total Loss,Ambulance,1,1,CA,Oakland,2,AGENT00879,VNDR00450
22/1/2021 0:00,TXN00005893,A00004435,PLC00000474,30/7/2015,16/1/2021,18/1/2021,Health,123.04,7000,Tamara Romero,1806 Boscobel Street,,Nashville,TN,37206,648-64-6795,Y,53,9,N,2,L,Rent,LI,82192334,CJHT61355974293200,Bachelor,A,Major Loss,Ambulance,1,1,AR,Fayetteville,14,AGENT00960,VNDR00037
22/1/2021 0:00,TXN00005896,A00002117,PLC00006082,1/11/2011,18/1/2021,19/1/2021,Health,152.49,20000,Ann Pelcher,2641 Heather Lane,,Redding,CA,96002,204-50-4242,Y,29,67,Y,4,H,Mortgage,HI,93383475,YDTS18094147001588,MD,A,Minor Loss,Other,0,1,MD,Pasadena,0,AGENT01175,
22/1/2021 0:00,TXN00005898,A00000635,PLC00004523,7/6/2019,20/1/2021,20/1/2021,Health,187.02,15000,Jon Nelson,21 Carver Lane,C,Manchester,CT,6040,262-12-1380,Y,42,32,Y,4,M,Mortgage,MI,100708752,BZFC96854893194180,Bachelor,A,Major Loss,Ambulance,1,0,AZ,Glendale,11,AGENT00296,VNDR00159
22/1/2021 0:00,TXN00005899,A00005758,PLC00007275,27/10/2016,6/1/2021,11/1/2021,Health,133.04,12000,Kenneth Livingston,1607 Louisiana Avenue,,Panama City,FL,32405,039-97-5548,Y,64,56,Y,6,H,Own,HI,21264508,RANE98909835460557,Bachelor,A,Major Loss,Ambulance,0,0,AL,Montgomery,22,AGENT00132,
22/1/2021 0:00,TXN00005901,A00001246,PLC00009935,29/3/2012,19/1/2021,19/1/2021,Health,166.72,9000,Lyda Valentine,22825 Paseo Place,,Hayward,CA,94541,854-65-1305,Y,25,13,Y,5,M,Mortgage,MI,14020092,AOOP66318522470419,Bachelor,A,Minor Loss,Ambulance,1,0,AL,Montgomery,2,AGENT00025,VNDR00310
22/1/2021 0:00,TXN00005904,A00002145,PLC00008615,9/12/2012,10/1/2021,15/1/2021,Health,109.39,1000,Robert Patterson,6604 North 59th Avenue,#17,Glendale,AZ,85301,064-43-2111,Y,31,22,N,6,H,Mortgage,LI,24698537,MZLO26550095872234,Bachelor,A,Total Loss,Other,0,1,MD,Glen Burnie,18,AGENT00466,VNDR00350
22/1/2021 0:00,TXN00005912,A00004256,PLC00005963,16/10/2012,15/1/2021,17/1/2021,Health,120.97,17000,Jo Messinger,8801 Rosshire Drive,,Louisville,KY,40118,291-12-0405,Y,55,97,Y,7,L,Mortgage,MI,96077717,IDIP10312687461577,High School,A,Major Loss,Ambulance,1,0,AZ,Glendale,17,AGENT00673,VNDR00204
23/1/2021 0:00,TXN00005923,A00006592,PLC00006581,24/4/2011,19/1/2021,20/1/2021,Health,110.86,6000,Paul Salas,4672 A Street Southeast,,Washington,DC,20019,352-84-9112,N,26,73,Y,6,L,Mortgage,LI,69765784,XIRG59869652218430,NA,A,Minor Loss,Ambulance,1,0,CA,San Diego,11,AGENT00074,VNDR00593
23/1/2021 0:00,TXN00005930,A00006971,PLC00000896,8/7/2015,14/1/2021,17/1/2021,Health,189.06,1000,Alan Covey,722 Oak Grove Circle,,Severna Park,MD,21146,528-36-4028,Y,47,112,Y,5,M,Mortgage,MI,16298877,BJTF47697672697001,High School,A,Total Loss,None,1,1,MD,Annapolis,6,AGENT00810,VNDR00025
23/1/2021 0:00,TXN00005932,A00002310,PLC00003940,13/10/2012,15/1/2021,18/1/2021,Health,181.74,1000,Hazel Wilcox,16031 West 63rd Lane,E,Arvada,CO,80403,149-17-2115,Y,62,7,Y,2,L,Rent,MI,61559574,MGYQ03806856425001,High School,A,Minor Loss,None,1,1,TN,Nashville,6,AGENT00104,VNDR00377
24/1/2021 0:00,TXN00005960,A00003874,PLC00005420,6/4/2015,22/1/2021,22/1/2021,Health,120.7,1000,Terrie Loy,5650 West 60th Avenue,A,Arvada,CO,80003,249-25-1495,N,37,74,Y,5,M,Own,HI,33224918,KGWZ18109192258811,Bachelor,A,Total Loss,Ambulance,0,1,AL,Montgomery,17,AGENT00830,
24/1/2021 0:00,TXN00005961,A00001331,PLC00008007,22/11/2014,18/1/2021,20/1/2021,Health,185.58,11000,Ok Murray,4712 Cherokee Heights Road,,Panama City,FL,32404,294-60-8819,Y,39,100,Y,7,H,Mortgage,HI,122177387,FIFO68420865008235,Bachelor,A,Major Loss,Ambulance,1,0,FL,Panama City,3,AGENT00471,
25/1/2021 0:00,TXN00005967,A00004099,PLC00007381,28/4/2016,12/1/2021,17/1/2021,Health,165.29,14000,James Stoviak,2106 Standard Avenue,,Louisville,KY,40210,770-65-3909,Y,60,24,Y,2,L,Mortgage,MI,68615725,UABA56295298218676,High School,A,Minor Loss,Ambulance,1,1,AL,Montgomery,15,AGENT00310,VNDR00344
25/1/2021 0:00,TXN00005972,A00001091,PLC00006409,4/2/2019,6/1/2021,11/1/2021,Health,192.57,18000,John Christopherso,208 Waterford Drive,,Lynn Haven,FL,32444,233-90-6553,Y,46,12,Y,4,M,Own,MI,19714785,NHBA22416400562776,Bachelor,A,Major Loss,Ambulance,1,1,VT,Fairfax,9,AGENT00735,
25/1/2021 0:00,TXN00005977,A00005855,PLC00002067,20/9/2018,22/1/2021,22/1/2021,Health,155.95,12000,Billie Solis,7609 Doris Place,,Oklahoma City,OK,73162,394-81-3945,N,37,53,Y,7,L,Mortgage,MI,120946167,IVZS71000658780908,Masters,A,Total Loss,Ambulance,1,1,CA,Oakland,0,AGENT00978,
25/1/2021 0:00,TXN00005984,A00002997,PLC00007192,3/5/2016,19/1/2021,21/1/2021,Health,163.69,5000,Norman Sutton,3522 Whiting Avenue,,Montgomery,AL,36105,266-41-9861,Y,42,8,Y,3,L,Mortgage,LI,107488062,MIBU00864599998008,PhD,A,Minor Loss,None,1,1,CT,Manchester,0,AGENT00139,VNDR00401
25/1/2021 0:00,TXN00005988,A00008150,PLC00009983,10/10/2013,17/1/2021,20/1/2021,Health,180.87,11000,Juanita Jovich,682 Brighton Way,,Livermore,CA,94551,069-92-9318,Y,28,63,Y,7,M,Own,MI,95020833,AIZB29292678374184,Bachelor,A,Minor Loss,Ambulance,1,1,GA,Savannah,17,AGENT00047,
25/1/2021 0:00,TXN00005991,A00001253,PLC00000741,19/8/2016,7/1/2021,12/1/2021,Health,163.67,16000,Alice Vecker,5136 Gaines Street,,Oklahoma City,OK,73135,866-85-8200,Y,49,9,Y,6,M,Rent,LI,102558036,XTVX00138142364213,College,A,Major Loss,None,0,1,OK,Oklahoma City,20,AGENT00027,VNDR00394
25/1/2021 0:00,TXN00005999,A00008392,PLC00005307,1/4/2019,6/1/2021,11/1/2021,Health,184.23,7000,Randall Graham,5130 Morris Way,,Fremont,CA,94536,238-72-0389,Y,42,40,Y,2,H,Own,MI,79555641,JTEW12051972411680,Masters,A,Total Loss,Ambulance,1,0,AZ,Glendale,10,AGENT00344,VNDR00448
26/1/2021 0:00,TXN00006013,A00006566,PLC00002477,30/7/2012,13/1/2021,18/1/2021,Health,130.5,19000,Steven Jordan,210 Depot Street,,Woodford,VT,5201,029-59-9533,Y,30,56,Y,6,L,Rent,MI,121834061,DVFU28945422147696,Bachelor,A,Minor Loss,Police,1,1,AR,Fayetteville,3,AGENT00175,VNDR00188
26/1/2021 0:00,TXN00006016,A00008360,PLC00001364,26/4/2018,22/1/2021,23/1/2021,Health,112.52,16000,Donna Isaac,5309 Darling Hill Road,,Burke,VT,5871,062-94-7982,Y,55,118,Y,5,L,Rent,MI,72139899,YCER51372455516490,High School,A,Total Loss,None,0,0,CA,Hesperia,22,AGENT00413,
26/1/2021 0:00,TXN00006019,A00003551,PLC00008777,30/11/2018,23/1/2021,23/1/2021,Health,119.71,7000,Herman Vermillion,75 Calfoster Drive,,Wolcott,VT,5680,460-66-5753,Y,28,31,Y,6,M,Mortgage,MI,23252741,MJVI47772415655347,Bachelor,A,Major Loss,Ambulance,1,1,FL,Panama City,5,AGENT00445,
26/1/2021 0:00,TXN00006021,A00006753,PLC00006870,6/8/2019,15/1/2021,20/1/2021,Health,175.3,18000,Andrew Sampieri,5721 Frank Hough Road,,Panama City,FL,32404,515-16-7421,N,54,66,Y,7,H,Own,MI,111172225,ZKJK77885170621387,High School,A,Major Loss,Other,1,0,FL,Panama City,18,AGENT00458,
27/1/2021 0:00,TXN00006040,A00000759,PLC00007424,8/6/2014,26/1/2021,26/1/2021,Health,155.17,7000,Gary Melton,3718 Bay Tree Road,,Lynn Haven,FL,32444,342-76-2221,Y,51,20,Y,2,M,Rent,LI,101168809,ESDG62473765358936,Bachelor,A,Minor Loss,None,1,0,CO,Greeley,1,AGENT00497,VNDR00512
27/1/2021 0:00,TXN00006042,A00005487,PLC00006449,3/3/2014,26/1/2021,26/1/2021,Health,104.71,7000,Deborah Smith,6328 West Brown Street,,Glendale,AZ,85302,872-77-5874,N,26,10,Y,7,M,Own,LI,95389228,FHRY58093197670826,High School,A,Major Loss,None,0,1,DC,Washington,16,AGENT00618,VNDR00260
27/1/2021 0:00,TXN00006058,A00004737,PLC00003589,1/1/2015,13/1/2021,18/1/2021,Health,190.62,17000,Sylvia Reyna,4408 Northwest 55th Street,,Oklahoma City,OK,73112,636-99-6918,N,55,118,Y,3,M,Own,MI,20969503,ELPZ36950173862705,Bachelor,A,Major Loss,Police,0,0,GA,Savannah,5,AGENT01032,VNDR00045
27/1/2021 0:00,TXN00006059,A00004405,PLC00000173,8/5/2013,16/1/2021,21/1/2021,Health,129.52,7000,Jason Albertson,1811 1st Street Northwest,,Washington,DC,20001,550-75-8948,Y,34,78,N,4,L,Own,MI,57697343,QYEC82871240526570,College,A,Major Loss,Police,1,0,MD,Pasadena,12,AGENT01098,
27/1/2021 0:00,TXN00006062,A00001940,PLC00003518,19/2/2013,25/1/2021,25/1/2021,Health,104.76,18000,Erica Goggin,502 Main Street,,Walpole,MA,2081,645-35-1729,N,50,113,Y,5,H,Own,LI,47005877,FMOS19239161526187,College,A,Total Loss,None,0,1,CA,Redding,13,AGENT00807,VNDR00104
27/1/2021 0:00,TXN00006064,A00006416,PLC00004681,30/1/2018,20/1/2021,22/1/2021,Health,120.05,5000,Jason Everson,5634 Kipling Parkway,#102,Arvada,CO,80002,106-47-6616,Y,29,79,Y,2,L,Mortgage,LI,28488028,IPFS69931096790653,High School,D,Minor Loss,None,0,1,TN,Nashville,5,AGENT00803,VNDR00249
27/1/2021 0:00,TXN00006066,A00006500,PLC00009358,17/11/2010,13/1/2021,18/1/2021,Health,122.79,3000,Tamela Gilkes,6515 West Poinsettia Drive,,Glendale,AZ,85304,412-10-9747,Y,61,22,Y,4,H,Own,MI,60312903,HRQC86773328855216,Bachelor,A,Total Loss,None,1,1,CO,Arvada,3,AGENT00212,VNDR00008
27/1/2021 0:00,TXN00006068,A00005103,PLC00009907,7/5/2016,9/1/2021,14/1/2021,Health,184.24,2000,Bess Jones,2441 Chase Park Drive,,Montgomery,AL,36110,628-59-9081,N,52,18,Y,5,L,Rent,MI,39963710,GAYU84949321358121,Bachelor,A,Minor Loss,Ambulance,1,0,CA,Madera,14,AGENT00563,VNDR00456
28/1/2021 0:00,TXN00006076,A00004109,PLC00000536,4/7/2017,17/1/2021,22/1/2021,Health,199.21,16000,Marilyn Sanders,4296 North Blossom Court,,Fayetteville,AR,72703,588-67-5658,Y,46,68,Y,2,L,Rent,HI,36211122,HNIX78602582518576,College,A,Major Loss,Ambulance,1,1,AK,Anchorage,18,AGENT00169,VNDR00431
28/1/2021 0:00,TXN00006084,A00007985,PLC00001193,1/4/2016,20/1/2021,23/1/2021,Health,145.88,18000,Patrick Shackleford,2931 Shady Oaks Drive,,Evans,CO,80620,202-43-6862,N,42,76,Y,2,L,Own,HI,27178339,JSPG34964627479360,Bachelor,A,Total Loss,Ambulance,1,1,CO,Arvada,13,AGENT01059,VNDR00365
28/1/2021 0:00,TXN00006085,A00001900,PLC00005950,28/10/2015,21/1/2021,23/1/2021,Health,121.84,11000,Andrew Echols,1030 Lake Claire Drive,,Annapolis,MD,21409,635-04-4461,Y,48,77,Y,4,L,Own,LI,42319225,YFJO66875035400199,Bachelor,A,Major Loss,Ambulance,0,1,GA,Savannah,11,AGENT01148,VNDR00358
28/1/2021 0:00,TXN00006086,A00007414,PLC00009083,7/1/2013,19/1/2021,22/1/2021,Health,172.33,14000,Gloria Kealoha,4112 Rockdale Street,,Savannah,GA,31405,577-81-6782,Y,40,119,Y,5,M,Own,MI,88925741,OESD89686333253300,College,A,Total Loss,Other,1,0,KY,Prospect,17,AGENT00410,VNDR00415
28/1/2021 0:00,TXN00006087,A00002307,PLC00004400,2/5/2011,18/1/2021,21/1/2021,Health,154.03,1000,Earl Brimage,233 Buckland Hills Drive,,Manchester,CT,6042,514-30-4238,Y,52,69,Y,3,M,Mortgage,MI,92946091,YBVH41817901813303,College,A,Minor Loss,Police,0,1,VT,Woodford,21,AGENT00556,VNDR00001
28/1/2021 0:00,TXN00006089,A00000801,PLC00007930,16/8/2016,14/1/2021,19/1/2021,Health,175.62,16000,Marisol Potter,5397 Wentworth Avenue,,Oakland,CA,94601,574-67-5697,Y,54,44,Y,7,M,Mortgage,LI,101183321,TCLC48286565411189,Bachelor,A,Major Loss,None,1,1,AR,Fayetteville,16,AGENT00526,VNDR00075
28/1/2021 0:00,TXN00006090,A00004029,PLC00009582,11/11/2017,27/1/2021,27/1/2021,Health,194.61,7000,Theresa Denton,6902 West Sherri Jean Lane,,Peoria,AZ,85382,034-09-9897,N,62,108,Y,3,L,Own,LI,48090108,VUEC33858246544560,High School,A,Total Loss,Other,1,1,AR,Fayetteville,9,AGENT00366,VNDR00001
28/1/2021 0:00,TXN00006092,A00005679,PLC00001020,13/11/2016,19/1/2021,22/1/2021,Health,111.56,6000,Christy Hindman,6431 Shattuck Avenue,B,Oakland,CA,94609,347-39-9430,Y,62,21,Y,3,L,Own,LI,126615175,WTOC78012991655240,College,A,Minor Loss,Police,1,1,MA,Dedham,6,AGENT00326,VNDR00383
28/1/2021 0:00,TXN00006093,A00006474,PLC00006171,21/11/2017,13/1/2021,18/1/2021,Health,102.78,18000,Alfonzo Ott,700 Towering Oak Court,,Glen Burnie,MD,21061,538-20-6644,N,40,117,Y,3,L,Own,MI,28984234,BVTF94193498474919,Masters,A,Major Loss,Ambulance,0,1,CA,Cupertino,12,AGENT00559,VNDR00204
28/1/2021 0:00,TXN00006098,A00008406,PLC00003066,21/5/2011,8/1/2021,13/1/2021,Health,155.81,20000,William Foreman,2643 North Sierra Avenue,,Fayetteville,AR,72703,059-83-7443,Y,48,119,Y,5,M,Mortgage,LI,33617305,FVXR93208753641701,MD,A,Major Loss,Police,0,1,DC,Washington,2,AGENT00533,VNDR00243
29/1/2021 0:00,TXN00006102,A00006017,PLC00005863,5/6/2012,17/1/2021,22/1/2021,Health,163.32,2000,Virginia Schwarz,16020 North 69th Avenue,,Peoria,AZ,85382,637-76-1573,N,52,60,Y,3,L,Rent,HI,32064234,OYBR33801914214151,College,A,Major Loss,None,1,1,AR,Fayetteville,16,AGENT00052,
29/1/2021 0:00,TXN00006103,A00009981,PLC00006211,20/6/2012,14/1/2021,19/1/2021,Health,150.33,13000,Mark Thurgood,2411 Alteras Drive,,Nashville,TN,37211,552-99-4550,Y,55,91,Y,6,M,Rent,MI,110527910,NIPK37581677310826,Bachelor,A,Minor Loss,Ambulance,1,1,MA,Wilbraham,19,AGENT00898,VNDR00128
29/1/2021 0:00,TXN00006110,A00005862,PLC00006392,3/3/2016,25/1/2021,26/1/2021,Health,158.37,19000,David Angel,242 North Ash Street,,Fruita,CO,81521,146-81-2107,N,26,95,Y,3,L,Rent,MI,69126255,XVKN47671863637523,High School,A,Total Loss,Ambulance,1,1,OK,Oklahoma City,12,AGENT00981,VNDR00443
29/1/2021 0:00,TXN00006112,A00001018,PLC00005165,30/9/2016,9/1/2021,14/1/2021,Health,100.6,17000,Earlene Blue,7998 Chase Circle,#1,Arvada,CO,80003,853-38-1299,Y,25,75,Y,5,M,Rent,HI,26387972,FZNK86754942508364,Bachelor,A,Total Loss,Police,0,0,CT,Manchester,13,AGENT01030,
29/1/2021 0:00,TXN00006118,A00005588,PLC00007379,19/1/2011,10/1/2021,15/1/2021,Health,136.43,18000,Howard Leclair,645 Malaga Place,,Panama City Beach,FL,32413,522-41-7116,N,48,53,Y,6,M,Mortgage,LI,54759585,QNZO98129749272299,High School,A,Major Loss,Ambulance,0,1,FL,Panama City Beach,12,AGENT00043,VNDR00560
29/1/2021 0:00,TXN00006121,A00000257,PLC00009325,20/8/2019,24/1/2021,25/1/2021,Health,115.82,19000,Deloris Bean,8 Corona Street,,,VT,5733,102-70-2570,Y,37,93,Y,7,L,Own,MI,15909251,DVJI42835920416251,Bachelor,A,Major Loss,Police,1,0,CO,Arvada,2,AGENT00698,
30/1/2021 0:00,TXN00006132,A00004915,PLC00000221,9/3/2012,17/1/2021,22/1/2021,Health,187.51,9000,Faith Ewing,6007 Applegate Lane,,Louisville,KY,40219,084-18-3026,Y,45,42,Y,3,H,Own,MI,121524135,MCUW30383295660416,Bachelor,A,Total Loss,None,1,0,DC,Washington,19,AGENT00037,VNDR00118
30/1/2021 0:00,TXN00006138,A00007417,PLC00004207,8/5/2017,23/1/2021,25/1/2021,Health,180.45,3000,Florence Matias,303 Addison Drive,,Glen Burnie,MD,21060,473-50-2739,N,47,68,Y,3,L,Mortgage,HI,126966853,FKRL19745754303936,Masters,A,Major Loss,None,1,0,KY,Louisville,20,AGENT00486,VNDR00290
31/1/2021 0:00,TXN00006151,A00008110,PLC00006664,20/12/2018,16/1/2021,21/1/2021,Health,157.57,7000,William Petit,2 Misty Marsh Drive,,Savannah,GA,31419,759-06-2174,Y,33,13,Y,2,L,Rent,LI,33703552,VAPE38585129096381,Bachelor,A,Minor Loss,None,1,1,CO,Arvada,0,AGENT00936,
31/1/2021 0:00,TXN00006166,A00005796,PLC00001596,22/6/2018,21/1/2021,24/1/2021,Health,199.11,15000,Robert Bell,918 Cheryl Ann Circle,,Hayward,CA,94544,060-24-5291,Y,28,82,Y,6,L,Mortgage,LI,128549058,OMBN46948764175428,High School,A,Total Loss,Ambulance,1,1,CA,Vallejo,9,AGENT01063,
31/1/2021 0:00,TXN00006168,A00007336,PLC00007929,12/6/2016,20/1/2021,25/1/2021,Health,176.86,20000,Matthew Block,1350 Exley Street,#304,Savannah,GA,31415,459-19-7896,N,55,118,Y,3,M,Mortgage,HI,127637055,HEOU59353879717016,High School,A,Minor Loss,Police,1,0,CO,Arvada,6,AGENT00498,VNDR00408
1/2/2021 0:00,TXN00006176,A00008361,PLC00007649,8/4/2015,23/1/2021,26/1/2021,Health,115.34,11000,Candice Priem,1318 22nd Street Northwest,,Washington,DC,20037,262-75-5319,Y,50,46,Y,6,M,Mortgage,MI,12534894,FIEQ28831858057700,College,A,Major Loss,Police,1,1,MA,Gardner,20,AGENT00115,VNDR00319
1/2/2021 0:00,TXN00006188,A00005741,PLC00006130,3/1/2015,29/1/2021,29/1/2021,Health,101.24,20000,Robert Krantz,60 Downey Drive,,Manchester,CT,6040,502-79-5167,Y,38,102,Y,6,L,Rent,HI,31520342,PVZI64381989754982,High School,A,Minor Loss,Ambulance,1,1,KY,Louisville,3,AGENT00490,VNDR00474
1/2/2021 0:00,TXN00006189,A00001492,PLC00002761,30/1/2019,17/1/2021,22/1/2021,Health,162.1,12000,Amanda Brookins,689 Stableway Road,,Pike Road,AL,36064,461-71-1953,Y,31,86,Y,2,L,Own,LI,106061105,RAWP89234280388009,Bachelor,A,Minor Loss,Ambulance,0,0,OK,Oklahoma City,8,AGENT00471,VNDR00072
1/2/2021 0:00,TXN00006194,A00003300,PLC00003698,30/5/2012,22/1/2021,25/1/2021,Health,161,6000,Gerald Custer,73455 Twentynine Palms Highway,,Twentynine Palms,CA,92277,011-64-1353,Y,63,117,Y,2,L,Mortgage,LI,37965079,CMAU23408764231774,Bachelor,A,Total Loss,Police,0,1,CA,Hayward,20,AGENT01115,
1/2/2021 0:00,TXN00006196,A00007132,PLC00004723,5/10/2015,15/1/2021,20/1/2021,Health,101.98,10000,David Hill,4418 15th Street Northwest,,Washington,DC,20011,267-02-7387,Y,45,72,Y,3,L,Own,LI,118478744,MZBF88041334332483,High School,A,Minor Loss,Police,1,1,CO,Arvada,2,AGENT01103,
1/2/2021 0:00,TXN00006203,A00008334,PLC00008835,8/9/2010,15/1/2021,20/1/2021,Health,148.6,7000,Inez Faucher,6463 Vrain Street,,Arvada,CO,80003,258-50-5683,Y,35,34,Y,7,M,Mortgage,MI,63843097,EKWM86250324023390,MD,A,Minor Loss,Police,1,0,CO,Arvada,17,AGENT01025,VNDR00226
2/2/2021 0:00,TXN00006216,A00002538,PLC00008176,6/7/2015,23/1/2021,26/1/2021,Health,130.46,13000,Lorena Ansbro,5706 Worchester Drive,,Montgomery,AL,36116,433-05-7849,Y,25,106,Y,6,M,Rent,LI,62731579,ZRPV75503933996106,Bachelor,A,Total Loss,Ambulance,1,0,MA,Pittsfield,9,AGENT00682,VNDR00168
2/2/2021 0:00,TXN00006218,A00008800,PLC00003778,22/11/2019,26/1/2021,28/1/2021,Health,155.47,7000,Tasha Page,17 Gregory Street,,Middleton,MA,1949,655-94-9785,N,40,90,Y,3,L,Rent,MI,28835189,FTDD97092015760923,High School,A,Minor Loss,Ambulance,0,1,MD,Annapolis,3,AGENT00204,
2/2/2021 0:00,TXN00006220,A00009028,PLC00006632,24/6/2019,31/1/2021,31/1/2021,Health,102.64,7000,Selma Philbrick,16040 North 67th Drive,,Peoria,AZ,85382,627-43-2699,N,37,25,Y,3,L,Rent,MI,27238826,PHDR17431936619153,High School,A,Major Loss,None,1,1,VT,Saint Albans City,10,AGENT00685,VNDR00506
2/2/2021 0:00,TXN00006224,A00002242,PLC00007603,23/11/2013,20/1/2021,25/1/2021,Health,142.94,15000,Clara Schoen,7720 Allison Street,#105,Arvada,CO,80005,076-29-0817,Y,35,41,Y,4,M,Mortgage,MI,76728109,NXMO53177536740309,High School,A,Total Loss,Other,1,1,FL,Panama City,6,AGENT00942,VNDR00086
2/2/2021 0:00,TXN00006226,A00001677,PLC00005208,23/1/2011,14/1/2021,19/1/2021,Health,172.86,7000,Daniel Robinson,56 Channing Drive,,Manchester,CT,6040,731-77-2802,Y,47,68,Y,6,L,Rent,MI,34936917,QZPS46771183283101,College,A,Total Loss,Ambulance,0,1,FL,Panama City,7,AGENT00111,
3/2/2021 0:00,TXN00006231,A00003732,PLC00000425,1/7/2019,21/1/2021,26/1/2021,Health,172.79,18000,Mary Melear,815 Plantation Drive,,Panama City,FL,32404,290-60-6210,N,29,47,Y,6,M,Own,MI,15685944,QUWS72543374709866,Bachelor,A,Major Loss,Ambulance,1,1,DC,Washington,9,AGENT00311,VNDR00503
3/2/2021 0:00,TXN00006232,A00008812,PLC00007295,3/1/2015,23/1/2021,28/1/2021,Health,150.51,5000,Kathryn Solomon,145 Great Western Road,,Yarmouth,MA,2664,338-63-3883,Y,28,98,Y,2,L,Mortgage,LI,98319758,OBGQ79556829638592,MD,A,Total Loss,Other,1,0,OK,Oklahoma City,10,AGENT00085,
3/2/2021 0:00,TXN00006233,A00008584,PLC00006240,26/10/2015,16/1/2021,21/1/2021,Health,179.36,5000,Jim Hughes,5331 Rexford Court,,Montgomery,AL,36116,316-66-8220,Y,30,68,Y,3,L,Rent,MI,41072518,LMQH84406763719583,MD,A,Minor Loss,Police,1,0,CT,Manchester,7,AGENT00566,VNDR00252
3/2/2021 0:00,TXN00006250,A00008639,PLC00008309,7/8/2016,18/1/2021,23/1/2021,Health,108.46,11000,Patricia Sandlin,14 Olympia Street,,Norton,MA,2766,742-29-7584,Y,55,60,N,6,M,Mortgage,HI,112232261,VSTU68070987196806,PhD,A,Major Loss,Ambulance,0,1,AR,Fayetteville,22,AGENT00022,
4/2/2021 0:00,TXN00006260,A00000432,PLC00002938,10/11/2014,16/1/2021,21/1/2021,Health,128.17,12000,Corine Amaker,817 Nevada Drive Northeast,,Palm Bay,FL,32907,078-82-6108,Y,28,90,Y,5,H,Mortgage,HI,127900850,SIMY87913028832903,Bachelor,A,Major Loss,None,1,0,CT,Manchester,11,AGENT00727,VNDR00171
4/2/2021 0:00,TXN00006264,A00005161,PLC00004102,24/5/2018,23/1/2021,28/1/2021,Health,198.73,16000,Barbara James,812 Southwest 151st Street,,Oklahoma City,OK,73170,642-43-3254,Y,34,108,Y,3,H,Mortgage,MI,54708837,ODFZ67774201034424,Bachelor,A,Minor Loss,Police,0,1,AL,Montgomery,15,AGENT00876,VNDR00556
4/2/2021 0:00,TXN00006266,A00006617,PLC00003539,7/7/2016,28/1/2021,30/1/2021,Health,171.39,20000,Amy Moore,138 Bolton Street,,Manchester,CT,6040,698-24-4306,Y,61,33,Y,3,L,Own,MI,73789659,KIHR56634596930357,Masters,A,Total Loss,Other,1,1,GA,Pooler,20,AGENT00787,VNDR00575
4/2/2021 0:00,TXN00006267,A00007978,PLC00001465,1/4/2012,19/1/2021,24/1/2021,Health,112.17,14000,Douglas Chavez,304 Wilmington Island Road,A,Savannah,GA,31410,564-14-5328,N,61,38,Y,2,L,Rent,MI,102743032,SCJI92824344909431,Bachelor,A,Major Loss,Ambulance,0,0,CT,Manchester,19,AGENT00206,
4/2/2021 0:00,TXN00006274,A00005298,PLC00001758,14/12/2018,15/1/2021,20/1/2021,Health,162.59,11000,Timothy Rushford,707 Harrisburg Drive,,Davidsonville,MD,21035,440-15-1813,Y,61,98,Y,4,M,Own,HI,24814719,HLWA48758488035718,NA,A,Minor Loss,Ambulance,0,1,MA,Revere,16,AGENT00622,VNDR00468
5/2/2021 0:00,TXN00006282,A00000731,PLC00009549,24/7/2018,4/2/2021,4/2/2021,Health,111.74,17000,Jesse Schlueter,82 Linnmore Drive,,Manchester,CT,6040,437-76-6266,Y,56,112,Y,6,H,Own,MI,24072454,ANBJ83163961317932,High School,A,Major Loss,Police,0,0,CT,Manchester,20,AGENT00324,VNDR00339
5/2/2021 0:00,TXN00006286,A00008418,PLC00006362,28/5/2015,1/2/2021,2/2/2021,Health,161.3,1000,Richard Cantu,75 Calfoster Drive,,Wolcott,VT,5680,794-50-7382,Y,29,103,Y,6,L,Own,LI,53919902,WGYY63971528424881,Bachelor,A,Total Loss,Other,1,0,AZ,Glendale,9,AGENT00704,VNDR00373
5/2/2021 0:00,TXN00006289,A00003225,PLC00002951,20/12/2018,20/1/2021,25/1/2021,Health,128.45,17000,Marjorie Ford,3340 Woodpark Drive,,Montgomery,AL,36116,493-74-4865,Y,35,56,Y,6,M,Rent,HI,20323741,GWPY60935530679916,Bachelor,A,Major Loss,Police,0,0,FL,Panama City Beach,9,AGENT00663,VNDR00297
6/2/2021 0:00,TXN00006308,A00001893,PLC00006288,10/8/2014,19/1/2021,24/1/2021,Health,137.84,17000,John Brock,4339 Benning Road Northeast,,Washington,DC,20019,167-04-1522,N,47,40,Y,3,L,Rent,MI,59268709,XIVG92246398255157,Masters,A,Total Loss,None,1,0,MD,Glen Burnie,16,AGENT00439,VNDR00177
6/2/2021 0:00,TXN00006311,A00003949,PLC00008845,6/1/2020,1/2/2021,2/2/2021,Health,184.59,19000,Sarah Deckman,5644 Kipling Parkway,#108,Arvada,CO,80002,672-32-3042,Y,55,33,Y,4,H,Own,LI,97927963,ZKSN20485319840674,Bachelor,A,Minor Loss,Police,1,1,TN,Nashville,13,AGENT00167,VNDR00344
6/2/2021 0:00,TXN00006314,A00006054,PLC00008811,30/7/2013,25/1/2021,30/1/2021,Health,144.72,5000,Clark Wilde,61 Callahan Way,#B4,Mammoth Lakes,CA,93546,423-94-6479,Y,62,12,Y,5,H,Rent,MI,89345317,NXYR43716028840657,MD,A,Minor Loss,None,1,1,CA,Newark,19,AGENT00701,VNDR00414
6/2/2021 0:00,TXN00006315,A00004487,PLC00003057,19/3/2016,22/1/2021,27/1/2021,Health,144.43,16000,Sharon Phillips,2522 South College Drive,,Fayetteville,AR,72701,252-74-9648,Y,44,30,Y,3,M,Rent,MI,85050266,VJXF90938315176719,Bachelor,A,Major Loss,Ambulance,1,1,MD,Linthicum Heights,4,AGENT01099,VNDR00339
6/2/2021 0:00,TXN00006322,A00007050,PLC00000905,16/5/2018,28/1/2021,31/1/2021,Health,174.58,12000,Holly Jackson,6324 Moore Circle,,Arvada,CO,80004,781-02-4550,Y,45,76,Y,4,L,Own,HI,14621239,TEUJ73394383512645,Bachelor,A,Minor Loss,Ambulance,1,1,AZ,Glendale,15,AGENT00970,VNDR00374
6/2/2021 0:00,TXN00006325,A00001484,PLC00009527,19/2/2017,1/2/2021,2/2/2021,Health,109.96,12000,Robert South,7057 Old Southwick Place,,Montgomery,AL,36117,838-45-2068,Y,55,75,Y,2,H,Own,MI,71641362,XBAJ90396941067181,Bachelor,A,Major Loss,Police,1,0,AK,Anchorage,19,AGENT00200,VNDR00521
6/2/2021 0:00,TXN00006328,A00005792,PLC00004558,6/5/2015,27/1/2021,30/1/2021,Health,139.82,18000,Donya Brooks,19091 Northeast 23rd Street,,Harrah,OK,73045,465-49-8221,N,60,111,Y,2,L,Own,LI,22711571,NEGQ54092477979241,Masters,A,Total Loss,Police,1,1,AR,Fayetteville,10,AGENT00654,
6/2/2021 0:00,TXN00006330,A00005279,PLC00006393,30/4/2016,19/1/2021,24/1/2021,Health,167.91,20000,Rebecca Gooding,4603 Grant Street Northeast,,Washington,DC,20019,439-26-1534,Y,54,42,Y,6,L,Mortgage,MI,73418904,MUDX40238822021438,Bachelor,A,Minor Loss,Ambulance,0,1,AZ,Glendale,22,AGENT00868,VNDR00139
7/2/2021 0:00,TXN00006336,A00003524,PLC00006504,21/1/2016,31/1/2021,2/2/2021,Health,189.92,19000,Christy Speight,4339 Benning Road Northeast,,Washington,DC,20019,093-74-9088,Y,31,19,Y,6,M,Rent,MI,26146414,ZLGS06152940736695,Bachelor,A,Major Loss,Police,0,1,KY,Louisville,22,AGENT00752,
7/2/2021 0:00,TXN00006339,A00000409,PLC00002806,14/11/2012,21/1/2021,26/1/2021,Health,117.73,6000,Fred Valenzuela,1217 Southwest 91st Street,,Oklahoma City,OK,73139,853-02-0429,N,63,67,Y,3,H,Rent,HI,55610364,KVCT64359735427857,Bachelor,A,Major Loss,Police,1,1,CT,Manchester,14,AGENT00628,VNDR00296
7/2/2021 0:00,TXN00006349,A00007468,PLC00002313,5/7/2017,22/1/2021,27/1/2021,Health,139.66,17000,June Kluck,1015 Castle Road,,Edmond,OK,73034,046-89-1175,Y,27,8,Y,6,L,Own,MI,118682051,WMYH89041526007790,Bachelor,A,Major Loss,Ambulance,1,1,CA,Mammoth Lakes,11,AGENT00650,
7/2/2021 0:00,TXN00006350,A00008586,PLC00005516,15/8/2013,3/2/2021,4/2/2021,Health,174.7,8000,Mike Beltran,2 Addison Place,,Bloomingdale,GA,31302,655-14-0766,Y,53,73,Y,4,H,Rent,LI,119229594,XDZR68701283945563,MD,A,Minor Loss,Ambulance,1,0,TN,Brentwood,16,AGENT00654,VNDR00077
7/2/2021 0:00,TXN00006352,A00002237,PLC00001421,27/9/2015,26/1/2021,31/1/2021,Health,137.19,1000,Ann Bradby,2456 22nd Avenue,,Greeley,CO,80631,601-61-2217,Y,27,69,Y,7,M,Mortgage,HI,79275196,GXTR26776760284140,MD,A,Major Loss,Ambulance,1,0,FL,Panama City,20,AGENT00144,VNDR00496
7/2/2021 0:00,TXN00006357,A00003379,PLC00004333,19/3/2016,31/1/2021,2/2/2021,Health,104,15000,Sandra Walsh,6611 5th Street Northwest,,Washington,DC,20012,631-08-5144,N,51,102,N,5,M,Rent,MI,34600939,RMWH02807436278200,Bachelor,A,Minor Loss,None,1,0,AL,Montgomery,10,AGENT00422,
7/2/2021 0:00,TXN00006359,A00000156,PLC00001300,31/12/2016,21/1/2021,26/1/2021,Health,141.1,19000,Ernest Hopkins,23501 Ida Lane,,Hayward,CA,94541,356-80-1065,N,33,42,Y,7,M,Rent,MI,89411322,KPDX24437865802983,High School,A,Minor Loss,Police,1,1,AL,Montgomery,3,AGENT00594,
7/2/2021 0:00,TXN00006360,A00004704,PLC00001155,8/7/2012,6/2/2021,6/2/2021,Health,112.41,3000,Annette Gateley,115 Waddell Road,,Manchester,CT,6040,255-81-6174,Y,33,18,Y,2,M,Mortgage,MI,91977919,JJHU37286147112564,Bachelor,A,Minor Loss,Ambulance,0,1,OK,Norman,5,AGENT00313,VNDR00102
8/2/2021 0:00,TXN00006370,A00005220,PLC00001586,11/4/2015,31/1/2021,3/2/2021,Health,158.99,15000,Constance Ashley,20250 North 67th Avenue,#2143,Glendale,AZ,85308,832-82-1367,Y,52,72,Y,3,L,Mortgage,MI,87967205,HHWN00584076892285,NA,A,Minor Loss,Ambulance,1,0,DC,Washington,23,AGENT01112,
8/2/2021 0:00,TXN00006373,A00007763,PLC00009381,23/5/2014,28/1/2021,2/2/2021,Health,148.8,9000,Kristin Rios,2306 Edinburgh Drive,,Montgomery,AL,36116,729-28-7426,Y,30,57,Y,2,M,Own,HI,63072790,ULEM86629019417879,Bachelor,A,Total Loss,Police,1,0,GA,Pooler,13,AGENT00426,
8/2/2021 0:00,TXN00006382,A00005568,PLC00006595,22/5/2015,21/1/2021,26/1/2021,Health,185.09,12000,Elizabeth Davis,6483 West 76th Avenue,,Arvada,CO,80003,703-24-6055,Y,36,54,Y,6,H,Mortgage,LI,71781727,DUIW86877604264590,PhD,A,Minor Loss,Ambulance,1,1,OK,Oklahoma City,16,AGENT00224,VNDR00057
8/2/2021 0:00,TXN00006384,A00007938,PLC00002470,15/5/2011,20/1/2021,25/1/2021,Health,103.36,16000,Margaret Sherrod,4439 Gale Street,,Livermore,CA,94550,668-08-1640,Y,48,50,Y,3,M,Rent,MI,97664381,HWWO96016739548377,Masters,A,Major Loss,Ambulance,0,1,CO,Arvada,5,AGENT00778,
8/2/2021 0:00,TXN00006385,A00009275,PLC00005042,28/7/2014,5/2/2021,5/2/2021,Health,106.28,10000,Mable Hanover,9740 Rhythm Road,,Midwest City,OK,73130,258-32-8764,Y,32,106,Y,7,L,Own,HI,25302068,THDV54294538954409,NA,A,Major Loss,Police,1,1,VT,Hartford,10,AGENT00716,
8/2/2021 0:00,TXN00006390,A00005113,PLC00002347,23/5/2013,1/2/2021,3/2/2021,Health,101.66,8000,Harold Carroll,7854 Webster Way,,Arvada,CO,80003,517-38-6855,N,60,10,Y,2,L,Mortgage,HI,126296947,JZUV08881193936521,Bachelor,A,Major Loss,Police,0,0,CA,San Leandro,5,AGENT00869,VNDR00071
9/2/2021 0:00,TXN00006394,A00008205,PLC00005609,28/8/2015,4/2/2021,5/2/2021,Health,109.62,20000,Jeanne Bridges,3373 Runnymede Place Northwest,,Washington,DC,20015,126-23-4135,Y,36,103,Y,7,L,Own,MI,106036305,RGOI43733661850744,High School,D,Minor Loss,None,1,1,CA,Oakland,16,AGENT00151,
9/2/2021 0:00,TXN00006402,A00003877,PLC00009711,3/4/2016,5/2/2021,6/2/2021,Health,102.44,5000,Jennifer Hardy,88 Pine Valley Road,,Savannah,GA,31404,522-72-4210,Y,25,105,Y,6,H,Mortgage,HI,22780159,ZGKY77917828172382,High School,A,Major Loss,Ambulance,1,1,CO,Arvada,4,AGENT00651,
9/2/2021 0:00,TXN00006406,A00000223,PLC00008267,12/4/2011,23/1/2021,28/1/2021,Health,125.59,12000,Viola Talbott,903 Mallard Creek Road,,Saint Matthews,KY,40207,432-27-8484,Y,61,58,Y,4,M,Mortgage,LI,89755813,VZSD20560761080773,Bachelor,A,Total Loss,Police,0,0,CA,Pioneer,6,AGENT00321,VNDR00335
9/2/2021 0:00,TXN00006409,A00007674,PLC00002237,15/8/2015,6/2/2021,6/2/2021,Health,136.65,16000,Tyler Fontenot,151 Main Street,,Savannah,GA,31408,241-74-1008,Y,55,58,Y,7,L,Mortgage,LI,114348771,XGJO84280095567230,High School,A,Major Loss,Police,1,1,AL,Montgomery,13,AGENT00758,VNDR00002
9/2/2021 0:00,TXN00006413,A00005808,PLC00003924,14/6/2012,22/1/2021,27/1/2021,Health,162.91,15000,Elsie Schear,6739 Taft Court,,Arvada,CO,80004,164-17-6587,N,58,66,Y,7,L,Mortgage,HI,24234276,FPTJ07484840862662,Bachelor,A,Minor Loss,Ambulance,1,1,AZ,Glendale,3,AGENT00820,VNDR00420
9/2/2021 0:00,TXN00006418,A00006310,PLC00002255,17/6/2015,27/1/2021,1/2/2021,Health,103.92,9000,Margret Duncan,75 Wilfred Road,,Manchester,CT,6040,858-75-9317,N,41,40,Y,2,M,Rent,MI,14371929,VLXM24551626238592,Bachelor,A,Minor Loss,Ambulance,1,0,VT,Charlotte,14,AGENT00688,VNDR00144
10/2/2021 0:00,TXN00006425,A00000212,PLC00005226,16/12/2012,4/2/2021,6/2/2021,Health,120.89,8000,Lori Connolly,3610 Story Road,,San Jose,CA,95127,113-13-3685,Y,29,39,Y,6,H,Own,MI,66948960,NILH31220448613654,High School,A,Total Loss,Police,0,1,KY,Louisville,19,AGENT00262,VNDR00477
10/2/2021 0:00,TXN00006426,A00005628,PLC00007871,6/11/2015,24/1/2021,29/1/2021,Health,110.68,13000,Robert Jarrell,314 Lallemand Court,,Nashville,TN,37211,879-11-7559,Y,57,81,Y,4,M,Mortgage,MI,27918829,WGFC40782574717344,College,A,Minor Loss,Ambulance,1,0,AR,Fayetteville,11,AGENT00215,VNDR00428
10/2/2021 0:00,TXN00006430,A00000703,PLC00001797,3/12/2013,2/2/2021,5/2/2021,Health,166.69,19000,Deonna Tumbleson,1010 10th Street Northeast,,Washington,DC,20002,609-14-6334,Y,40,72,N,6,H,Own,HI,19034724,JSVT37173837886690,High School,A,Minor Loss,Police,1,1,CO,Arvada,17,AGENT00325,VNDR00592
10/2/2021 0:00,TXN00006443,A00007819,PLC00008040,4/12/2012,21/1/2021,26/1/2021,Health,136.21,17000,Fannie Wagner,903 East 20th Avenue,,Anchorage,AK,99501,784-40-6443,N,63,86,Y,2,M,Rent,MI,52351859,GVCL98972464855741,High School,A,Major Loss,None,1,1,CA,Carson,10,AGENT00958,VNDR00386
10/2/2021 0:00,TXN00006445,A00004944,PLC00001394,12/12/2011,27/1/2021,1/2/2021,Health,152.26,3000,Howard Webb,11140 West 60th Avenue,,Arvada,CO,80004,643-55-5070,Y,29,111,Y,2,L,Own,MI,12440564,YQSI47999914055857,Bachelor,A,Total Loss,Police,1,1,AZ,Glendale,9,AGENT00378,VNDR00125
10/2/2021 0:00,TXN00006447,A00008167,PLC00009799,3/1/2020,9/2/2021,9/2/2021,Health,177.96,8000,Christopher Peters,233 Ingraham Street Northwest,,Washington,DC,20011,713-85-4341,N,30,92,N,7,L,Mortgage,MI,10003987,FIVD93634742387726,Bachelor,A,Total Loss,Ambulance,1,1,FL,Panama City Beach,11,AGENT00727,
11/2/2021 0:00,TXN00006456,A00000102,PLC00000427,12/3/2015,30/1/2021,4/2/2021,Health,115.95,10000,Johnathon Moore,5461 West Shades Valley Drive,,Montgomery,AL,36108,297-56-4173,Y,62,103,Y,5,L,Own,MI,48295657,BKJY53678517931557,Masters,A,Minor Loss,Ambulance,1,1,AL,Montgomery,16,AGENT00177,VNDR00457
11/2/2021 0:00,TXN00006462,A00007750,PLC00000537,25/3/2018,3/2/2021,6/2/2021,Health,194.67,2000,Nancy Johnson,566 Middle Turnpike East,,Manchester,CT,6040,549-37-1842,Y,55,34,Y,6,M,Mortgage,HI,51714866,BSDA75864460233525,High School,A,Total Loss,Ambulance,1,1,TN,Nashville,17,AGENT00517,VNDR00401
11/2/2021 0:00,TXN00006464,A00009018,PLC00004670,26/3/2016,26/1/2021,31/1/2021,Health,192.48,8000,Anthony Burt,82 The Commons,,Moretown,VT,5660,683-99-3594,Y,54,42,Y,3,M,Rent,LI,31047540,KNET99199300284511,High School,A,Major Loss,None,1,0,DC,Washington,3,AGENT00972,VNDR00429
12/2/2021 0:00,TXN00006473,A00006945,PLC00006823,3/9/2018,1/2/2021,6/2/2021,Health,137.54,20000,Brian Bailey,831 21st Street Northeast,,Washington,DC,20002,893-94-4471,Y,63,74,Y,5,H,Mortgage,MI,80262965,MPNP03061967231734,Bachelor,A,Major Loss,Ambulance,1,1,AR,Fayetteville,3,AGENT00214,
12/2/2021 0:00,TXN00006477,A00001077,PLC00009488,14/12/2015,7/2/2021,8/2/2021,Health,198.86,6000,Tina Bumgardner,3203 US Highway 98,A,Mexico Beach,FL,32456,154-51-1066,Y,40,65,Y,6,L,Rent,HI,23854314,IBOO94164126039310,PhD,A,Minor Loss,Police,1,1,AL,Montgomery,3,AGENT00385,
12/2/2021 0:00,TXN00006480,A00002609,PLC00002413,26/1/2012,24/1/2021,29/1/2021,Health,176.58,10000,Donna Saville,8423 Pioneer Drive,,Severn,MD,21144,792-17-8651,Y,32,24,Y,2,L,Rent,LI,125103879,IZEV59020812595098,High School,A,Minor Loss,Ambulance,0,1,FL,Youngstown,21,AGENT00618,
12/2/2021 0:00,TXN00006488,A00005260,PLC00006048,7/6/2010,6/2/2021,8/2/2021,Health,141.56,20000,Gladys Diego,2740 Collie Hill Way,APT A,Anchorage,AK,99504,358-49-7963,N,51,108,Y,3,M,Own,HI,127631365,BULO24839848734313,Masters,A,Minor Loss,Ambulance,1,0,FL,Panama City,15,AGENT00024,VNDR00375
12/2/2021 0:00,TXN00006493,A00008753,PLC00000701,15/5/2014,11/2/2021,11/2/2021,Health,135.74,1000,Joshua Campa,5556 West Northview Avenue,,Glendale,AZ,85301,493-95-6188,Y,32,76,Y,7,L,Rent,MI,43406975,OBPF01115151628885,Bachelor,A,Total Loss,Ambulance,0,1,CO,Arvada,13,AGENT00262,VNDR00454
12/2/2021 0:00,TXN00006500,A00001306,PLC00000418,28/4/2018,7/2/2021,8/2/2021,Health,121.84,20000,Donald Guffey,1644 New Jersey Avenue Northwest,,Washington,DC,20001,766-22-1983,Y,52,111,Y,4,H,Rent,MI,44046266,JSKW52298286378299,Bachelor,A,Total Loss,None,1,0,AL,Montgomery,13,AGENT00388,VNDR00318
13/2/2021 0:00,TXN00006512,A00000837,PLC00007746,14/11/2011,3/2/2021,6/2/2021,Health,159.04,9000,Michael Mcclellan,150 Carter Street,,Manchester,CT,6040,050-23-6099,Y,49,44,N,2,M,Rent,MI,127974860,CFGU21145457325999,High School,A,Minor Loss,Police,1,1,AZ,Glendale,3,AGENT00225,VNDR00386
13/2/2021 0:00,TXN00006516,A00006140,PLC00007326,13/4/2012,29/1/2021,3/2/2021,Health,199.18,8000,Judy Mcgriff,424 Callan Avenue,#216,San Leandro,CA,94577,836-79-6698,Y,43,69,Y,4,L,Mortgage,MI,96566723,VZAH07021590181304,High School,A,Minor Loss,Ambulance,0,0,AR,Fayetteville,5,AGENT00390,VNDR00075
13/2/2021 0:00,TXN00006517,A00006174,PLC00002393,16/11/2013,9/2/2021,10/2/2021,Health,127.88,20000,Caleb Neubert,1909 Seventh Street,M,Berkeley,CA,94710,058-70-6160,Y,55,81,Y,4,M,Mortgage,MI,101550983,MUSZ47693125357422,Masters,A,Major Loss,Ambulance,0,1,AR,Fayetteville,2,AGENT00019,VNDR00597
13/2/2021 0:00,TXN00006521,A00005386,PLC00006622,11/10/2015,4/2/2021,7/2/2021,Health,105.56,20000,Sharon Atchison,627 Emerson Street Northwest,,Washington,DC,20011,494-45-1095,Y,52,118,Y,2,L,Own,LI,62410285,TIJA81971779706415,High School,A,Major Loss,Police,1,1,DC,Washington,21,AGENT00918,VNDR00425
13/2/2021 0:00,TXN00006525,A00008620,PLC00006626,20/12/2012,7/2/2021,9/2/2021,Health,111.21,18000,Katherine Blaisdell,5331 Rexford Court,,Montgomery,AL,36116,295-13-0289,N,57,61,Y,6,M,Own,MI,57550558,QVZA30758574731086,NA,A,Major Loss,Ambulance,1,1,OK,Oklahoma City,18,AGENT01022,VNDR00460
13/2/2021 0:00,TXN00006528,A00005125,PLC00009019,26/6/2016,4/2/2021,7/2/2021,Health,161.83,19000,Carl Abraham,1320 Dunbarton Road,,Montgomery,AL,36117,789-95-6782,Y,39,39,Y,5,L,Rent,LI,17323903,DGSO86256046491478,Bachelor,A,Total Loss,Ambulance,0,1,TN,Nashville,22,AGENT00298,VNDR00290
14/2/2021 0:00,TXN00006537,A00004772,PLC00009477,3/4/2016,13/2/2021,13/2/2021,Health,171.93,10000,David Yokley,37 Rushforde Drive,,Manchester,CT,6040,474-97-4377,Y,62,36,Y,3,H,Rent,LI,33507350,MAQC18149277800501,Masters,A,Minor Loss,Police,1,0,MA,South Hadley,16,AGENT00468,VNDR00484
14/2/2021 0:00,TXN00006544,A00001729,PLC00004692,8/12/2014,30/1/2021,4/2/2021,Health,161.9,2000,Jo Koopmans,2640 8th Avenue,C,Oakland,CA,94606,794-70-3422,Y,29,64,Y,3,M,Own,MI,84704830,AIWS62615867584071,Bachelor,A,Minor Loss,Ambulance,1,0,MA,Lowell,3,AGENT00631,VNDR00167
14/2/2021 0:00,TXN00006545,A00002869,PLC00003384,18/1/2012,5/2/2021,8/2/2021,Health,139.12,17000,James James,7002 Secrest Court,,Arvada,CO,80007,212-69-7094,Y,26,69,N,6,M,Mortgage,LI,30882997,SAVB45294363139087,Bachelor,A,Total Loss,None,1,1,CA,Castro Valley,4,AGENT01015,VNDR00176
14/2/2021 0:00,TXN00006546,A00001902,PLC00001701,26/10/2019,27/1/2021,1/2/2021,Health,161.54,13000,Shirley Knowlton,6123 West Marlette Avenue,,Glendale,AZ,85301,700-52-2670,Y,27,29,N,6,M,Own,LI,41006827,JFCB03143295203434,College,A,Minor Loss,Ambulance,1,1,CT,Manchester,15,AGENT00811,VNDR00465
14/2/2021 0:00,TXN00006552,A00004427,PLC00001359,1/10/2010,8/2/2021,10/2/2021,Health,194.25,18000,Antonio Armstrong,2400 Merry Street,,Nashville,TN,37208,338-33-5132,Y,46,109,Y,7,H,Rent,MI,88461975,WWTE80754473885378,High School,A,Total Loss,Ambulance,1,1,CO,Fort Collins,1,AGENT01061,VNDR00568
14/2/2021 0:00,TXN00006556,A00007817,PLC00005077,23/6/2017,9/2/2021,10/2/2021,Health,121.26,12000,Christopher Aquino,8142 Mallard Shore Drive,,Laurel,MD,20724,824-70-0200,Y,40,9,N,5,M,Rent,MI,18770432,RTVQ10219692392379,PhD,A,Major Loss,Ambulance,1,0,GA,Savannah,5,AGENT00473,VNDR00423
15/2/2021 0:00,TXN00006561,A00009772,PLC00001788,10/4/2016,4/2/2021,9/2/2021,Health,152.11,6000,Fred Moilanen,1120 Mitchell Young Road,,Montgomery,AL,36108,191-91-5530,Y,47,17,Y,5,L,Mortgage,MI,27369449,WFWU41062256372128,Masters,A,Total Loss,Ambulance,1,1,TN,Nashville,23,AGENT00270,VNDR00479
15/2/2021 0:00,TXN00006564,A00001922,PLC00007872,10/4/2013,2/2/2021,7/2/2021,Health,112.34,1000,Lannie Dolecki,49 West Street,,Bolton,VT,5676,872-38-3668,N,46,62,Y,6,L,Own,LI,33268372,KXFH04299590988412,Bachelor,A,Total Loss,Ambulance,1,1,MD,Laurel,7,AGENT00599,VNDR00549
15/2/2021 0:00,TXN00006568,A00004165,PLC00004474,6/3/2014,28/1/2021,2/2/2021,Health,108.77,9000,Matthew Eskola,875 Latouche Street,#APT 001010,Anchorage,AK,99501,426-48-6533,Y,53,72,Y,7,M,Mortgage,MI,64065722,GBVN21034755226087,High School,A,Minor Loss,None,1,1,OK,Harrah,14,AGENT00294,VNDR00460
15/2/2021 0:00,TXN00006572,A00000933,PLC00000831,3/10/2019,13/2/2021,13/2/2021,Health,135.6,2000,Trinidad Harton,45 Brackett Street,#611,Quincy,MA,2169,431-58-7967,N,53,97,Y,3,M,Mortgage,MI,125646912,NVDS62938853883287,High School,A,Minor Loss,Police,1,1,FL,Panama City,9,AGENT00796,
15/2/2021 0:00,TXN00006586,A00004588,PLC00003999,5/10/2014,7/2/2021,10/2/2021,Health,122.09,1000,Jason Jefferson,1710 Monroe Street Northeast,,Washington,DC,20018,602-12-7137,Y,60,36,Y,5,M,Rent,MI,114181255,UPRV51643624931375,Masters,A,Total Loss,Police,1,1,CA,Hayward,9,AGENT00939,VNDR00353
16/2/2021 0:00,TXN00006599,A00007469,PLC00008006,9/5/2011,5/2/2021,10/2/2021,Health,148.93,18000,Kris Villegas,5378 Allison Street,#102,Arvada,CO,80002,148-59-8356,Y,51,6,Y,7,L,Rent,LI,17253811,ZHBG42292177752509,Bachelor,A,Total Loss,Police,1,1,TN,Nashville,17,AGENT00739,
16/2/2021 0:00,TXN00006606,A00007096,PLC00001136,14/11/2010,1/2/2021,6/2/2021,Health,155.78,19000,Angela Weaver,8467 Chase Drive,,Arvada,CO,80003,082-75-5409,N,44,13,Y,3,M,Mortgage,HI,42286798,ETIJ49225682277848,PhD,A,Minor Loss,Ambulance,0,0,MA,Holyoke,14,AGENT01182,VNDR00527
16/2/2021 0:00,TXN00006607,A00000300,PLC00000575,8/8/2018,6/2/2021,9/2/2021,Health,167.14,16000,Paulette Byrne,5110 East Shoshone Avenue,,Orange,CA,92867,342-01-6456,Y,35,43,Y,3,L,Mortgage,HI,86904081,NFNT37135849823193,High School,A,Total Loss,Ambulance,1,1,GA,Port Wentworth,15,AGENT00840,VNDR00283
16/2/2021 0:00,TXN00006611,A00001518,PLC00007593,28/4/2018,1/2/2021,6/2/2021,Health,144.01,13000,Peter Marsh,13426 North 54th Drive,,Glendale,AZ,85304,388-68-9192,N,57,60,N,5,H,Own,LI,59332978,FIMF32858830311686,Bachelor,A,Total Loss,Police,1,1,TN,Nashville,16,AGENT01187,VNDR00169
16/2/2021 0:00,TXN00006618,A00002563,PLC00007371,3/5/2014,31/1/2021,5/2/2021,Health,100.88,13000,Lori Ferguson,4940 Fuller Road,,Montgomery,AL,36110,342-65-9347,Y,26,80,Y,5,M,Rent,HI,108273849,MOWP94767833512639,High School,A,Total Loss,None,1,0,AK,Anchorage,14,AGENT00724,
17/2/2021 0:00,TXN00006631,A00005564,PLC00008682,5/12/2016,13/2/2021,14/2/2021,Health,170.42,14000,Kevin Johnson,1828 East Parkshore Drive,#8,Fayetteville,AR,72703,436-21-9498,Y,51,101,Y,2,L,Mortgage,HI,70236736,XOCP86272480103525,PhD,A,Major Loss,Ambulance,1,0,CT,Manchester,11,AGENT00971,VNDR00233
17/2/2021 0:00,TXN00006634,A00001371,PLC00004762,1/1/2012,4/2/2021,9/2/2021,Health,194.61,4000,George Snipes,1823 Dinger Road,,Annapolis,MD,21402,482-13-6097,Y,25,11,Y,4,M,Mortgage,LI,129095158,YZIB24142092561766,MD,A,Total Loss,None,1,1,CO,Pueblo,8,AGENT00622,VNDR00250
17/2/2021 0:00,TXN00006642,A00001377,PLC00002576,11/9/2016,11/2/2021,13/2/2021,Health,139.87,5000,Berta Pennington,18 Cambridge Street,,Manchester,CT,6042,216-85-7400,N,48,54,Y,3,M,Mortgage,MI,113582059,LEYU05404347774703,Bachelor,A,Minor Loss,None,1,1,FL,Panama City,13,AGENT00210,
17/2/2021 0:00,TXN00006645,A00008007,PLC00009567,2/3/2012,8/2/2021,11/2/2021,Health,146.09,8000,Darwin Wilkins,18 Densmore Drive,,Essex,VT,5452,408-41-2378,N,60,96,Y,4,M,Own,MI,69680911,EKHV63932051679033,College,A,Major Loss,Ambulance,0,1,TN,Brentwood,23,AGENT01150,
18/2/2021 0:00,TXN00006647,A00004539,PLC00008617,2/9/2012,30/1/2021,4/2/2021,Health,155.22,7000,Dora Hogen,1208 Festival Lane,,Montgomery,AL,36117,372-10-2291,Y,40,53,Y,5,M,Rent,MI,47794340,ESLZ78102118482412,High School,A,Total Loss,Police,1,0,OK,Oklahoma City,14,AGENT00741,
18/2/2021 0:00,TXN00006654,A00006627,PLC00001140,23/2/2017,5/2/2021,10/2/2021,Health,162.15,20000,Javier Vest,883 Rodney Drive,,Nashville,TN,37205,229-96-1493,Y,40,41,N,2,L,Mortgage,LI,15881227,VGAZ28044888650095,Bachelor,A,Total Loss,Ambulance,0,0,MD,Annapolis,2,AGENT00920,VNDR00590
18/2/2021 0:00,TXN00006665,A00002172,PLC00002874,8/1/2015,16/2/2021,16/2/2021,Health,148.18,13000,Alta Kulik,2310 Donleigh Court,,Louisville,KY,40222,144-65-9174,Y,40,68,Y,6,L,Mortgage,HI,102252756,YVYA62867506276124,Bachelor,D,Major Loss,None,1,1,CA,Fremont,21,AGENT00661,
18/2/2021 0:00,TXN00006666,A00000174,PLC00008412,10/8/2018,10/2/2021,13/2/2021,Health,136.47,8000,Vicki Kueny,1004 Bellflower Street,,Livermore,CA,94551,268-47-6691,Y,27,91,Y,2,L,Rent,LI,97331889,WLBH23798798401234,Bachelor,A,Total Loss,None,1,1,FL,Southport,3,AGENT00386,VNDR00047
19/2/2021 0:00,TXN00006671,A00005791,PLC00005220,2/12/2013,13/2/2021,15/2/2021,Health,165.7,19000,Richard Hayes,6436 Stoney Point Road,,Panama City,FL,32404,311-72-7600,Y,63,96,Y,5,L,Mortgage,HI,113921076,GQZK52110290945158,College,A,Total Loss,None,1,1,MD,Annapolis,17,AGENT00565,
19/2/2021 0:00,TXN00006682,A00006825,PLC00006788,23/10/2018,8/2/2021,13/2/2021,Health,141.92,15000,Joyce Solis,4221 Thompson Avenue,APT C,Anchorage,AK,99508,338-90-2166,Y,44,78,Y,5,M,Mortgage,LI,128691346,INSD36585603909455,MD,A,Minor Loss,Police,1,1,MD,Glen Burnie,6,AGENT01135,VNDR00012
19/2/2021 0:00,TXN00006684,A00009390,PLC00002598,31/1/2018,17/2/2021,17/2/2021,Health,158.72,5000,Sharon Lawrence,33655 5th Street,,Union City,CA,94587,527-42-0495,Y,46,18,Y,2,L,Mortgage,LI,91911221,FEHM18165513689491,Bachelor,A,Minor Loss,None,0,1,OK,Norman,23,AGENT01173,
19/2/2021 0:00,TXN00006687,A00008009,PLC00003188,29/3/2016,17/2/2021,17/2/2021,Health,183.55,18000,Betty Herman,1414 West 7th Avenue,#APT 000002,Anchorage,AK,99501,862-83-6868,Y,62,84,Y,6,M,Own,LI,122039797,TQQK19097648429653,Masters,A,Total Loss,None,1,0,DC,Washington,20,AGENT01102,
19/2/2021 0:00,TXN00006691,A00005271,PLC00003578,22/7/2017,5/2/2021,10/2/2021,Health,127.54,9000,Melissa Fillers,970 Old Oak Road,,Livermore,CA,94550,244-85-9390,Y,35,82,Y,5,M,Own,MI,95864345,ZMSM01996314834055,High School,A,Major Loss,Other,0,0,MA,Gardner,2,AGENT00176,VNDR00318
20/2/2021 0:00,TXN00006697,A00005120,PLC00008612,30/3/2012,18/2/2021,18/2/2021,Health,131.25,10000,Angela Sherry,11985 West 56th Drive,,Arvada,CO,80002,092-41-2204,N,27,47,Y,7,M,Own,HI,71637208,HMLH32487038638443,High School,D,Minor Loss,Police,0,1,CA,Berkeley,10,AGENT00190,VNDR00009
20/2/2021 0:00,TXN00006698,A00009656,PLC00009010,9/6/2019,2/2/2021,7/2/2021,Health,182.78,2000,Molly Matava,8556 Nelson Court,,Arvada,CO,80005,006-69-3759,Y,38,18,Y,4,L,Own,MI,66774532,FTQB33850314136398,Bachelor,A,Total Loss,Ambulance,1,1,AZ,Glendale,13,AGENT00015,VNDR00404
20/2/2021 0:00,TXN00006704,A00009385,PLC00006775,4/10/2018,6/2/2021,11/2/2021,Health,134.91,17000,Lewis Fisher,20 Garfield Street,,Needham,MA,2492,569-11-3091,N,36,83,N,5,L,Own,MI,63263677,HLTI19722897234814,MD,A,Total Loss,Police,1,1,CA,Orange,3,AGENT00615,VNDR00254
20/2/2021 0:00,TXN00006709,A00004490,PLC00006185,7/10/2019,2/2/2021,7/2/2021,Health,112.85,11000,Kevin Cain,654 Laurette Place,,Hayward,CA,94544,304-94-9365,Y,32,55,Y,3,L,Mortgage,LI,75761206,EOMC42744823891502,Bachelor,A,Total Loss,Police,0,0,TN,Nashville,11,AGENT00090,VNDR00365
21/2/2021 0:00,TXN00006725,A00008608,PLC00000036,22/10/2013,16/2/2021,17/2/2021,Health,135.56,12000,Jerry Huffines,3027 Badger Drive,,Pleasanton,CA,94566,775-59-9459,Y,48,88,N,6,L,Rent,MI,32903476,ZFWH26794834860008,Bachelor,A,Minor Loss,Police,1,1,CA,Selma,5,AGENT00691,VNDR00370
21/2/2021 0:00,TXN00006730,A00006084,PLC00000451,30/8/2019,6/2/2021,11/2/2021,Health,152.27,15000,Muriel Ennen,6041 North 72nd Lane,,Glendale,AZ,85303,216-56-0327,N,57,7,Y,4,L,Own,MI,24338855,YKFX20970422728324,High School,A,Total Loss,Other,1,0,KY,Louisville,14,AGENT00629,VNDR00427
21/2/2021 0:00,TXN00006736,A00002231,PLC00007060,1/3/2019,2/2/2021,7/2/2021,Health,150.93,8000,Bernard Orr,4876 Norris Road,,Fremont,CA,94536,335-73-6551,Y,54,50,Y,3,M,Own,MI,15163916,YZKN03732056632335,High School,A,Major Loss,Police,1,1,OK,Oklahoma City,11,AGENT01114,VNDR00187
22/2/2021 0:00,TXN00006752,A00002713,PLC00005639,30/10/2015,15/2/2021,17/2/2021,Health,116.16,2000,Angelia Timmons,103 North East Avenue,,Panama City,FL,32401,752-46-6799,Y,47,62,N,3,H,Rent,HI,23040474,JPYQ45565864139405,College,A,Major Loss,Other,1,1,DC,Washington,7,AGENT00189,VNDR00076
22/2/2021 0:00,TXN00006754,A00002498,PLC00008566,6/12/2016,15/2/2021,17/2/2021,Health,134.56,12000,Kelly Mccubbin,17722 North 79th Avenue,#1135,Glendale,AZ,85308,822-59-3692,Y,59,60,Y,2,L,Own,MI,83438521,ESYR03749465952611,High School,A,Major Loss,Police,1,1,KY,Louisville,18,AGENT00084,VNDR00495
22/2/2021 0:00,TXN00006756,A00004854,PLC00002747,7/12/2011,10/2/2021,15/2/2021,Health,156.45,2000,Helen Kahl,7573 National Drive,,Livermore,CA,94550,307-04-1561,Y,25,44,Y,3,L,Own,LI,50965988,DNDG18809739074821,High School,D,Minor Loss,Ambulance,1,1,AR,Fayetteville,23,AGENT00313,VNDR00593
22/2/2021 0:00,TXN00006757,A00001746,PLC00007030,17/7/2010,9/2/2021,14/2/2021,Health,101.24,9000,Edith Barrett,9472 Noble Way,,Arvada,CO,80007,033-82-0420,Y,55,59,Y,6,L,Rent,MI,72606966,OUKD84136321245879,High School,A,Total Loss,Police,1,0,AK,Anchorage,8,AGENT00154,VNDR00078
22/2/2021 0:00,TXN00006765,A00000831,PLC00009905,6/1/2012,21/2/2021,21/2/2021,Health,188.11,19000,Arlene Durham,190 Countryside Drive,,Farmington,AR,72730,722-50-2101,Y,43,108,Y,3,M,Own,HI,25805866,NYWV75764478628601,PhD,A,Minor Loss,Police,1,1,OK,Edmond,19,AGENT00496,VNDR00445
22/2/2021 0:00,TXN00006770,A00002541,PLC00008364,12/1/2017,5/2/2021,10/2/2021,Health,195.99,20000,Elaina Lavelle,2522 South College Drive,,Fayetteville,AR,72701,617-99-1589,N,55,88,Y,7,M,Mortgage,MI,74072666,WZOC16704677885280,NA,A,Minor Loss,Other,0,0,CA,Fremont,13,AGENT00288,
23/2/2021 0:00,TXN00006785,A00006027,PLC00002149,18/8/2012,17/2/2021,19/2/2021,Health,129.21,17000,Stephanie Curtis,49 West Street,,Bolton,VT,5676,298-43-6115,Y,31,25,Y,3,M,Rent,HI,20699226,PCUS85237071663278,Masters,A,Major Loss,Other,1,1,TN,Brentwood,10,AGENT00899,VNDR00023
23/2/2021 0:00,TXN00006792,A00000857,PLC00004935,14/12/2017,3/2/2021,8/2/2021,Health,142.85,11000,Bruce Bagdon,110 Oxford Road,,Savannah,GA,31419,707-58-7183,Y,33,17,Y,3,L,Mortgage,MI,55613743,FAIF08107766563276,Bachelor,D,Minor Loss,Ambulance,1,1,CO,Arvada,12,AGENT00447,VNDR00403
23/2/2021 0:00,TXN00006794,A00003009,PLC00007723,11/8/2013,19/2/2021,20/2/2021,Health,126.69,16000,James Martin,194 Buckland Hills Drive,#2010,Manchester,CT,6042,589-74-0679,Y,43,16,Y,4,H,Own,LI,78644155,GQIY36754685254048,Bachelor,A,Minor Loss,Ambulance,1,1,GA,Savannah,23,AGENT00755,VNDR00189
23/2/2021 0:00,TXN00006802,A00006748,PLC00000682,16/4/2014,13/2/2021,16/2/2021,Health,121.29,16000,Mary Ponder,116 Frost Park,,Hartford,VT,5001,161-20-0732,Y,47,108,Y,7,M,Mortgage,LI,45370287,QYMZ22903025052442,Bachelor,A,Total Loss,Ambulance,1,1,TN,Nashville,19,AGENT00559,VNDR00505
23/2/2021 0:00,TXN00006804,A00001007,PLC00009176,4/12/2012,19/2/2021,20/2/2021,Health,192.79,13000,Ruth Oliver,89 Barrensdale Drive,,Severna Park,MD,21146,440-10-8206,N,57,98,Y,7,L,Rent,LI,109028572,OSEQ20562502133920,High School,A,Total Loss,Ambulance,1,1,AR,Fayetteville,11,AGENT00203,
24/2/2021 0:00,TXN00006820,A00004211,PLC00004630,16/5/2016,12/2/2021,17/2/2021,Health,146.72,16000,Michael Fleming,849 East Victoria Street,#204,Carson,CA,90746,693-83-0171,N,35,69,Y,6,M,Own,LI,110650489,LSOX84668171050135,Bachelor,A,Minor Loss,Ambulance,1,1,CT,Manchester,6,AGENT01171,VNDR00383
24/2/2021 0:00,TXN00006824,A00002874,PLC00001621,11/3/2016,4/2/2021,9/2/2021,Health,142.83,5000,David Henderson,305 Broderick Place,,Panama City Beach,FL,32413,612-96-3780,N,40,44,Y,6,M,Rent,MI,19148720,UQFG11060094624920,High School,A,Major Loss,Ambulance,1,1,AR,Fayetteville,18,AGENT00814,
24/2/2021 0:00,TXN00006835,A00009636,PLC00007990,27/9/2012,9/2/2021,14/2/2021,Health,103.16,10000,Donnie Peterson,141 West Leslie Lane,,Panama City Beach,FL,32407,510-72-2630,N,59,110,Y,7,H,Rent,HI,35699787,FZNL93655149674232,MD,A,Total Loss,Police,0,1,TN,Nashville,5,AGENT00294,VNDR00005
24/2/2021 0:00,TXN00006836,A00003533,PLC00006967,14/5/2017,7/2/2021,12/2/2021,Health,147.47,10000,Irene Deschaine,72 Bentley Avenue,,Poultney,VT,5764,402-02-0056,N,33,118,Y,4,L,Own,MI,90311725,DQIP95660816819724,Masters,A,Minor Loss,None,1,1,AZ,Glendale,18,AGENT01162,VNDR00254
25/2/2021 0:00,TXN00006844,A00000131,PLC00007334,30/8/2019,12/2/2021,17/2/2021,Health,163.2,2000,Christine Gilbert,2909 Flamstead Road,,Chester,VT,5143,220-60-9998,N,62,114,Y,5,H,Mortgage,LI,108345984,BOWS64602627541652,MD,A,Minor Loss,Police,1,0,TN,Nashville,18,AGENT00084,VNDR00486
25/2/2021 0:00,TXN00006845,A00002251,PLC00003315,3/4/2018,12/2/2021,17/2/2021,Health,182.28,17000,Stephen Baptiste,4216 Winter Lake Drive,,Louisville,KY,40272,882-09-4049,Y,30,99,Y,3,M,Rent,MI,100596223,NUAR70556995559717,College,A,Minor Loss,Ambulance,1,1,KY,Louisville,15,AGENT00256,VNDR00375
25/2/2021 0:00,TXN00006861,A00005766,PLC00003872,12/10/2016,11/2/2021,16/2/2021,Health,198.57,13000,Joey Anderson,6823 Forsythe Drive,,Panama City,FL,32404,499-69-2961,Y,26,117,Y,2,L,Mortgage,LI,21297203,QBAQ24518412444484,Bachelor,A,Total Loss,Police,0,0,DC,Washington,0,AGENT00131,
26/2/2021 0:00,TXN00006874,A00001850,PLC00006512,5/5/2015,15/2/2021,20/2/2021,Health,191.03,8000,Mark Schultz,10332 Thuja Circle,,Anchorage,AK,99507,893-94-5032,Y,44,42,Y,4,L,Own,MI,113307823,HOJI86057302163126,Bachelor,A,Major Loss,Ambulance,1,0,CT,Manchester,23,AGENT00434,VNDR00492
26/2/2021 0:00,TXN00006876,A00004144,PLC00007433,13/8/2014,10/2/2021,15/2/2021,Health,177.89,7000,Alfred Demelis,1711 8th Street Northwest,,Washington,DC,20001,346-66-5799,N,28,105,Y,6,H,Own,MI,38996238,WKTC44332702567159,Bachelor,A,Major Loss,Ambulance,1,1,OK,Oklahoma City,12,AGENT00788,
27/2/2021 0:00,TXN00006883,A00009827,PLC00001904,20/10/2019,23/2/2021,24/2/2021,Health,172.46,10000,Danny Erickson,5420 Sunset Avenue,,Panama City Beach,FL,32408,140-41-5560,N,25,35,Y,5,L,Rent,HI,13995018,BVXB60795570959392,Bachelor,A,Major Loss,Police,1,1,FL,Southport,4,AGENT00064,
27/2/2021 0:00,TXN00006902,A00004382,PLC00003969,31/10/2013,14/2/2021,19/2/2021,Health,116.75,7000,Donnie Workman,2732 Rosedale Place,,Nashville,TN,37211,276-78-9790,Y,41,77,Y,3,M,Rent,MI,61443444,OPIX07411534808783,College,A,Minor Loss,Ambulance,1,0,MA,Cambridge,12,AGENT01175,
27/2/2021 0:00,TXN00006904,A00008669,PLC00008745,7/5/2014,12/2/2021,17/2/2021,Health,192.13,1000,Elsie Wirth,7057 Old Southwick Place,,Montgomery,AL,36117,176-64-0997,N,44,45,Y,5,L,Own,HI,79384472,ZGHK15463865726370,Bachelor,A,Major Loss,None,1,1,AZ,Glendale,13,AGENT00965,VNDR00397
28/2/2021 0:00,TXN00006908,A00002186,PLC00003363,23/9/2010,19/2/2021,22/2/2021,Health,106.13,5000,Korey Holben,10996 Largo Drive,,Savannah,GA,31419,507-73-3266,N,47,8,N,7,L,Own,MI,38622557,FWLG98128482211996,Bachelor,A,Major Loss,Police,1,1,CT,Manchester,11,AGENT00920,VNDR00437
28/2/2021 0:00,TXN00006911,A00000655,PLC00006301,11/2/2018,13/2/2021,18/2/2021,Health,109.43,12000,Kayla Charles,3142 West Finger Road,,Fayetteville,AR,72701,037-73-0446,N,34,83,Y,4,M,Rent,HI,103126085,NTNM48723950860060,College,A,Total Loss,Ambulance,1,1,CA,Truckee,15,AGENT00713,VNDR00012
28/2/2021 0:00,TXN00006912,A00008489,PLC00002081,25/11/2016,24/2/2021,25/2/2021,Health,162.15,18000,Emily Karrels,234 East Beach Drive,,Panama City,FL,32401,840-51-4511,Y,52,10,Y,4,H,Rent,MI,104039676,DVBZ04728382136298,Masters,A,Total Loss,Police,1,1,CT,Manchester,22,AGENT01148,VNDR00047
28/2/2021 0:00,TXN00006919,A00009620,PLC00009333,19/6/2012,14/2/2021,19/2/2021,Health,149.54,15000,Christian Bucher,6233 South Hampton Drive,,Montgomery,AL,36116,575-82-5060,N,30,19,Y,3,L,Rent,MI,58010563,RWTG73126429278255,Bachelor,A,Minor Loss,None,1,1,OK,Edmond,11,AGENT00592,
28/2/2021 0:00,TXN00006920,A00007816,PLC00000232,21/4/2015,9/2/2021,14/2/2021,Health,150.62,13000,Robert Weitzel,8070 Holland Court,,Arvada,CO,80005,841-44-2489,Y,36,107,Y,3,M,Own,LI,87888863,QXXX74105105007031,Bachelor,A,Major Loss,None,0,0,MD,Annapolis,0,AGENT01040,VNDR00403
1/3/2021 0:00,TXN00006935,A00008940,PLC00001352,24/6/2019,17/2/2021,22/2/2021,Health,183.15,4000,Jenifer Holland,112 3rd Street Northeast,,Washington,DC,20002,535-52-3716,Y,44,13,N,6,H,Own,HI,92124266,FSLE95757999224505,College,A,Total Loss,None,0,0,CT,Groton,12,AGENT00483,VNDR00071
2/3/2021 0:00,TXN00006950,A00008055,PLC00007931,5/1/2011,22/2/2021,25/2/2021,Health,191.73,14000,Edward Chisam,33 Chesapeake Mobile Court,,Hanover,MD,21076,878-89-4460,Y,47,14,Y,7,H,Rent,LI,10605136,CKOC93570956376971,Bachelor,A,Minor Loss,Police,0,1,MD,Crofton,7,AGENT00303,VNDR00275
2/3/2021 0:00,TXN00006959,A00005512,PLC00000094,4/2/2019,14/2/2021,19/2/2021,Health,122.84,17000,Russell Jackson,14854 Bay View Circle,,Panama City Beach,FL,32413,356-38-1332,Y,52,12,Y,4,L,Mortgage,HI,11016588,QIEP52482740068367,Masters,A,Minor Loss,Ambulance,1,0,OK,Oklahoma City,9,AGENT00743,
3/3/2021 0:00,TXN00006968,A00002696,PLC00005404,22/9/2016,18/2/2021,23/2/2021,Health,147.89,2000,Oscar Haynes,4927 Alvin Sperry Road,,Mount Juliet,TN,37122,847-45-9393,Y,32,82,Y,2,M,Own,LI,36152809,DZWP59641776390155,Bachelor,A,Minor Loss,Police,0,1,VT,,12,AGENT00163,
3/3/2021 0:00,TXN00006970,A00009713,PLC00000931,1/2/2013,16/2/2021,21/2/2021,Health,198.13,2000,John Romero,416 Ridge Street Northwest,,Washington,DC,20001,536-52-1068,Y,53,44,Y,6,M,Rent,HI,111023992,XSVG89899048233177,Bachelor,A,Minor Loss,Ambulance,1,1,AK,Anchorage,11,AGENT00953,
3/3/2021 0:00,TXN00006975,A00004845,PLC00003374,11/8/2011,20/2/2021,25/2/2021,Health,172.39,2000,James Stewart,10819 Bluegrass Parkway,,Jeffersontown,KY,40299,358-72-6983,N,27,13,Y,7,M,Own,MI,71699178,ZIMJ68448563750851,High School,A,Minor Loss,Ambulance,1,0,AZ,Glendale,13,AGENT00123,VNDR00498
4/3/2021 0:00,TXN00006978,A00008089,PLC00003726,30/11/2013,18/2/2021,23/2/2021,Health,200,18000,Mary Oyler,103 Chevis Road,,Savannah,GA,31419,631-74-8013,Y,34,12,Y,6,L,Mortgage,HI,77359988,TZOI16145627579045,Bachelor,A,Total Loss,None,0,0,FL,Port Charlotte,13,AGENT00952,VNDR00137
4/3/2021 0:00,TXN00006979,A00001489,PLC00005791,13/3/2014,23/2/2021,26/2/2021,Health,100.64,17000,Diana Jarvis,55620 Jolon Road,,King City,CA,93930,208-16-5367,Y,42,18,Y,7,L,Own,MI,75053066,VUKK06659232414419,Masters,A,Major Loss,Police,1,1,KY,Louisville,17,AGENT00311,VNDR00372
4/3/2021 0:00,TXN00006992,A00002724,PLC00002758,15/5/2018,13/2/2021,18/2/2021,Health,154.09,6000,Brenda Miller,552 Maynadier Lane,,Crownsville,MD,21032,463-47-4280,Y,46,14,Y,7,H,Rent,MI,118682983,CIQD46523053878708,High School,D,Total Loss,Ambulance,1,1,TN,Nashville,15,AGENT00543,VNDR00156
4/3/2021 0:00,TXN00006994,A00005334,PLC00007493,4/9/2011,27/2/2021,28/2/2021,Health,104.05,6000,Brandy Lewis,140 West Cooper Avenue,,Aspen,CO,81611,499-28-3045,Y,25,26,Y,3,H,Rent,MI,116515515,JODR28832037352069,Masters,A,Minor Loss,Other,1,1,AL,Montgomery,6,AGENT00199,
4/3/2021 0:00,TXN00006995,A00000386,PLC00005423,8/10/2013,3/3/2021,3/3/2021,Health,114.2,20000,Nancy Rickley,107 Guaymas Place,,Davis,CA,95616,537-33-7571,Y,41,103,Y,5,L,Mortgage,MI,74834150,YXNO19210959214981,Bachelor,A,Minor Loss,Police,0,1,GA,Savannah,18,AGENT00483,
4/3/2021 0:00,TXN00006996,A00006110,PLC00001517,25/12/2019,21/2/2021,26/2/2021,Health,177.41,15000,Debbie Via,1207 Branch Lane,,Glen Burnie,MD,21061,171-32-5281,N,40,18,Y,5,M,Own,MI,49761821,DMWS59949997476987,Bachelor,A,Total Loss,Ambulance,1,1,FL,Panama City Beach,15,AGENT00842,
5/3/2021 0:00,TXN00007005,A00008454,PLC00006783,27/12/2013,24/2/2021,27/2/2021,Health,190.66,19000,William Stanley,210 Depot Street,,Woodford,VT,5201,709-70-9193,Y,57,31,Y,3,H,Mortgage,HI,43178737,GSKH96996762691439,High School,A,Minor Loss,None,1,0,MA,Plymouth,15,AGENT00903,
5/3/2021 0:00,TXN00007009,A00007420,PLC00009474,31/1/2018,23/2/2021,26/2/2021,Health,125.68,19000,Anne Chambers,2278 North Windswept Lane,,Fayetteville,AR,72703,415-16-6143,Y,31,38,Y,7,L,Mortgage,MI,119425136,PGOZ31047446327203,NA,A,Total Loss,Ambulance,1,0,TN,Nashville,5,AGENT00564,VNDR00193
5/3/2021 0:00,TXN00007012,A00006051,PLC00007239,16/2/2013,25/2/2021,28/2/2021,Health,138.52,8000,Ryan Robinson,1215 Joseph Avenue,,Nashville,TN,37207,455-02-7851,Y,39,26,Y,4,H,Mortgage,HI,81988484,EURQ77755094382500,MD,A,Minor Loss,Ambulance,1,1,MD,Glen Burnie,23,AGENT00042,VNDR00541
5/3/2021 0:00,TXN00007018,A00007845,PLC00005440,18/6/2016,21/2/2021,26/2/2021,Health,108.85,6000,John Le,6450 West Bethany Home Road,,Glendale,AZ,85301,110-07-3126,Y,25,71,Y,2,L,Mortgage,HI,52551044,ZHJQ68731315956131,Bachelor,A,Major Loss,Ambulance,0,1,DC,Washington,22,AGENT00365,VNDR00143
5/3/2021 0:00,TXN00007026,A00009157,PLC00000602,18/5/2013,17/2/2021,22/2/2021,Health,121.6,20000,Gladys Woods,4 Orchard Street,,Manchester,CT,6040,190-03-7770,N,53,59,Y,5,H,Own,HI,73557467,YXMV31276782336333,Bachelor,A,Total Loss,None,0,0,TN,Nashville,13,AGENT00794,VNDR00404
5/3/2021 0:00,TXN00007031,A00008302,PLC00000766,26/11/2012,20/2/2021,25/2/2021,Health,128.36,4000,Donald Scott,813 Linda Lane,,Panama City Beach,FL,32407,808-50-4840,Y,54,107,Y,4,M,Rent,HI,111907872,NXKB65041256888621,Bachelor,A,Total Loss,None,0,1,CT,Manchester,11,AGENT00276,VNDR00301
5/3/2021 0:00,TXN00007033,A00000294,PLC00003569,14/5/2019,20/2/2021,25/2/2021,Health,142.61,20000,Steven Ohlsen,412 Lakefront Drive,,Panama City Beach,FL,32413,620-60-4668,Y,38,108,Y,5,H,Mortgage,HI,73524076,NKJM44121168566691,Bachelor,A,Major Loss,Ambulance,1,1,MA,Peabody,14,AGENT00716,
6/3/2021 0:00,TXN00007036,A00008504,PLC00002905,25/8/2015,28/2/2021,2/3/2021,Health,159.74,10000,Anna Mendoza,3 Mad Anthony Lane,,Savannah,GA,31411,091-33-2518,N,43,13,N,5,L,Mortgage,HI,77678546,DOCA52321369675133,MD,A,Minor Loss,Ambulance,1,1,AK,Anchorage,21,AGENT00661,VNDR00358
6/3/2021 0:00,TXN00007045,A00000850,PLC00006244,10/2/2011,28/2/2021,2/3/2021,Health,173.96,8000,Tyler Powers,3300 Crystal Road,,Montgomery,AL,36110,894-11-1323,N,38,35,N,5,M,Own,HI,32402870,QZEZ05823352203701,Bachelor,A,Minor Loss,Police,0,1,VT,Colchester,21,AGENT00086,
6/3/2021 0:00,TXN00007050,A00002594,PLC00005589,23/12/2017,19/2/2021,24/2/2021,Health,136.09,4000,Cherise Lewis,22 Charnock Street,#2,Beverly,MA,1915,211-69-9508,N,60,63,Y,6,M,Own,MI,67821772,ZDWL09212996063637,Bachelor,A,Total Loss,None,1,1,AL,Montgomery,20,AGENT00147,VNDR00314
6/3/2021 0:00,TXN00007067,A00008965,PLC00004172,13/9/2018,2/3/2021,3/3/2021,Health,103.65,10000,Jessica Treffert,276 Adams Street,,Quincy,MA,2169,326-85-1001,N,37,89,Y,3,L,Mortgage,MI,26626536,FILT69655054308749,Bachelor,A,Major Loss,None,1,1,AL,Montgomery,9,AGENT00845,VNDR00234
7/3/2021 0:00,TXN00007068,A00004843,PLC00003707,23/6/2012,19/2/2021,24/2/2021,Health,106.47,9000,Heidi Leon,406 North Hammonds Ferry Road,,Linthicum Heights,MD,21090,728-93-9334,N,27,117,Y,2,L,Mortgage,MI,50023639,GEYK22583489440072,High School,A,Total Loss,None,1,1,GA,Savannah,17,AGENT00655,
7/3/2021 0:00,TXN00007071,A00006724,PLC00003528,26/9/2019,1/3/2021,3/3/2021,Health,160.83,15000,Gregg Bumgarner,8376 Albacore Drive,,Pasadena,MD,21122,060-24-5526,Y,44,98,Y,2,L,Rent,HI,32748042,LGLI74343505356816,Masters,A,Total Loss,Police,1,1,CO,Arvada,5,AGENT01034,
7/3/2021 0:00,TXN00007073,A00005203,PLC00005122,9/10/2013,23/2/2021,28/2/2021,Health,115.26,15000,Anna Janicki,2032 Gorgas Street,,Montgomery,AL,36106,891-25-5121,Y,48,65,Y,4,M,Own,MI,46151311,YXZE35575267453804,High School,A,Minor Loss,None,0,0,CA,Oakland,21,AGENT00480,VNDR00354
7/3/2021 0:00,TXN00007078,A00001525,PLC00002654,20/11/2012,15/2/2021,20/2/2021,Health,114.82,8000,Charles Pidro,1842 West Park Place,,Oklahoma City,OK,73106,710-23-1130,Y,31,108,Y,3,L,Rent,MI,66782414,QCYJ02103253787916,Bachelor,A,Major Loss,None,1,0,DC,Washington,6,AGENT00382,VNDR00251
7/3/2021 0:00,TXN00007089,A00002226,PLC00001762,30/8/2018,18/2/2021,23/2/2021,Health,194.18,13000,Brian Reyna,720 East Muhammad Ali Boulevard,,Louisville,KY,40202,667-83-7056,Y,59,22,Y,6,M,Rent,HI,95089625,IXIU27689984607983,Bachelor,A,Total Loss,Police,1,1,DC,Washington,20,AGENT00097,VNDR00557
7/3/2021 0:00,TXN00007090,A00005552,PLC00007960,14/8/2016,25/2/2021,28/2/2021,Health,196.62,9000,Michael Alamo,4822 Piney Branch Road Northwest,,Washington,DC,20011,336-12-3770,Y,45,112,Y,6,L,Own,MI,97412601,SXRH88600136495143,High School,A,Total Loss,Ambulance,1,1,AZ,Glendale,4,AGENT01116,VNDR00570
7/3/2021 0:00,TXN00007094,A00007550,PLC00004515,21/8/2016,1/3/2021,3/3/2021,Health,149.1,20000,Dylan Thompson,903 Mallard Creek Road,,Saint Matthews,KY,40207,881-41-8883,Y,56,18,Y,5,L,Mortgage,MI,62182018,SMNN27053212014500,High School,A,Total Loss,Other,0,1,FL,Panama City,15,AGENT00657,VNDR00474
7/3/2021 0:00,TXN00007095,A00002434,PLC00004079,18/9/2019,25/2/2021,28/2/2021,Health,105.72,15000,Philip Kime,4313 Bylsma Circle,,Panama City,FL,32404,776-92-3143,Y,49,104,Y,7,M,Mortgage,LI,104537068,BCWQ28879099579860,Masters,A,Major Loss,None,1,1,DC,Washington,14,AGENT01063,VNDR00362
8/3/2021 0:00,TXN00007100,A00008873,PLC00006957,9/3/2019,27/2/2021,2/3/2021,Health,104.17,13000,Tamara Hefferman,619 Colusa Avenue,,Berkeley,CA,94707,771-19-3445,Y,31,117,Y,5,M,Mortgage,LI,90965566,HVJA59015965189179,PhD,A,Major Loss,Police,1,0,TN,Nashville,22,AGENT00695,
8/3/2021 0:00,TXN00007117,A00007513,PLC00001093,2/12/2011,3/3/2021,4/3/2021,Health,169.97,14000,Eve Bowman,125 13th Street Northeast,,Washington,DC,20002,635-19-3817,Y,34,78,Y,5,M,Mortgage,MI,109944766,YGXS76115963072209,Masters,A,Total Loss,Police,1,0,TN,Nashville,8,AGENT00493,
8/3/2021 0:00,TXN00007118,A00003657,PLC00005117,27/5/2011,19/2/2021,24/2/2021,Health,178.29,5000,Jerome Favela,10927 West 59th Avenue,,Arvada,CO,80004,052-25-2538,N,25,48,Y,7,L,Rent,HI,71826899,EZZO36688086216108,MD,A,Major Loss,Police,0,1,OK,Oklahoma City,15,AGENT00501,
8/3/2021 0:00,TXN00007120,A00001631,PLC00005266,16/2/2015,26/2/2021,1/3/2021,Health,160.06,13000,Roberta Babino,1825 Woodland Farms Court,,Nashville,TN,37138,825-33-8542,Y,38,8,Y,6,M,Own,MI,95363121,PKZF06558613073360,Masters,A,Total Loss,Ambulance,0,1,AR,Fayetteville,10,AGENT00945,
9/3/2021 0:00,TXN00007123,A00006876,PLC00009767,15/7/2014,18/2/2021,23/2/2021,Health,135.84,3000,Corinne Ly,949 South Lawrence Street,,Montgomery,AL,36104,423-98-2903,Y,47,10,Y,6,M,Rent,MI,27969195,XOLE70854261734428,PhD,A,Major Loss,Ambulance,0,0,AL,Montgomery,3,AGENT00758,VNDR00461
9/3/2021 0:00,TXN00007140,A00006967,PLC00002515,9/2/2016,1/3/2021,4/3/2021,Health,169.52,15000,Lora Rowden,7025 Queen Street,,Arvada,CO,80004,310-75-4844,Y,62,89,Y,5,L,Rent,HI,99297028,NUPK78564612128905,Bachelor,A,Major Loss,Ambulance,1,1,AL,Montgomery,3,AGENT00292,VNDR00358
10/3/2021 0:00,TXN00007146,A00002551,PLC00003073,31/1/2018,2/3/2021,5/3/2021,Health,140.73,1000,Becky Ledezma,798 Airport Road,,Panama City,FL,32405,561-19-4325,Y,33,47,Y,7,L,Mortgage,MI,85983566,MVQY94044426276966,High School,A,Total Loss,Police,1,0,AK,Anchorage,21,AGENT01040,
10/3/2021 0:00,TXN00007148,A00005001,PLC00003113,14/7/2015,19/2/2021,24/2/2021,Health,123.59,17000,Dennis Guillette,1865 North Higley Road,,Mesa,AZ,85205,469-36-0121,Y,25,79,Y,3,L,Own,HI,117770537,JEKL58526795368957,High School,A,Major Loss,Police,1,1,KY,Louisville,13,AGENT00381,
10/3/2021 0:00,TXN00007151,A00008152,PLC00001425,16/4/2015,24/2/2021,1/3/2021,Health,136.21,5000,Laurie Smith,5611 Kendall Court,#3,Arvada,CO,80002,657-11-9192,N,37,46,Y,7,L,Mortgage,MI,66559168,WILM43492615408368,High School,A,Minor Loss,Police,1,1,VT,Highgate,6,AGENT00974,VNDR00372
10/3/2021 0:00,TXN00007154,A00001395,PLC00003332,16/5/2011,8/3/2021,8/3/2021,Health,158,18000,Jennifer Schill,713 Ringgold Drive,,Nashville,TN,37207,348-41-6942,Y,61,110,N,4,L,Mortgage,MI,53804839,ZHUS37809274269351,High School,A,Total Loss,Other,1,1,FL,Panama City,16,AGENT00418,VNDR00261
10/3/2021 0:00,TXN00007168,A00005500,PLC00004500,21/4/2015,9/3/2021,9/3/2021,Health,121.21,13000,Erin Harrel,5950 West Missouri Avenue,#148,Glendale,AZ,85301,616-75-3470,Y,47,7,Y,7,M,Own,LI,104760932,TCON16572719680372,High School,A,Major Loss,None,0,1,CT,Manchester,14,AGENT00864,VNDR00588
11/3/2021 0:00,TXN00007171,A00002561,PLC00004857,6/3/2014,9/3/2021,9/3/2021,Health,171.5,10000,Javier Tucker,508 Baker Street,,Norman,OK,73072,566-45-2287,Y,47,76,Y,5,M,Own,MI,28818410,FMLG91131995600445,Bachelor,A,Minor Loss,Police,1,1,VT,Lowell,2,AGENT00226,VNDR00222
12/3/2021 0:00,TXN00007194,A00009753,PLC00002670,22/11/2019,10/3/2021,10/3/2021,Health,137.22,8000,James Prewitt,5222 West Laurie Lane,,Glendale,AZ,85302,049-85-3789,Y,30,15,Y,4,M,Mortgage,MI,100945036,FTFI77952571315960,Bachelor,D,Minor Loss,Police,1,1,GA,Pooler,15,AGENT00372,
12/3/2021 0:00,TXN00007208,A00001425,PLC00002002,22/11/2015,25/2/2021,2/3/2021,Health,163.1,2000,Leslie Redding,5707 Higdon Road,,,TN,37080,767-80-7953,Y,55,116,Y,2,L,Mortgage,LI,31203193,VRWJ97614074101631,High School,D,Minor Loss,Ambulance,1,1,VT,Saint Johnsbury,20,AGENT00834,VNDR00355
12/3/2021 0:00,TXN00007209,A00009132,PLC00002963,13/12/2013,7/3/2021,8/3/2021,Health,124.55,14000,Richard Porterfield,8318 North 57th Drive,,Glendale,AZ,85302,875-70-1438,Y,33,75,Y,3,H,Own,HI,27075775,UIUX35822909757309,Masters,A,Total Loss,None,1,0,CT,Manchester,12,AGENT00638,VNDR00402
13/3/2021 0:00,TXN00007221,A00008692,PLC00003509,4/6/2010,5/3/2021,8/3/2021,Health,145.53,4000,Mavis Snow,716 O Street,#APT 000010,Anchorage,AK,99501,682-65-4266,Y,42,80,Y,2,L,Own,HI,70958603,EINW40977310741579,Bachelor,A,Total Loss,Police,1,0,MA,Yarmouth,3,AGENT00389,
13/3/2021 0:00,TXN00007228,A00001407,PLC00008077,12/1/2011,4/3/2021,7/3/2021,Health,108.44,11000,Andrew Krouse,841 Whittier Hill Road,,,VT,5647,162-98-5794,Y,42,13,Y,4,M,Rent,LI,65441374,KWZV83521710082184,College,A,Minor Loss,None,0,1,AR,Fayetteville,16,AGENT00375,VNDR00115
13/3/2021 0:00,TXN00007238,A00005482,PLC00006296,15/11/2016,9/3/2021,10/3/2021,Health,105.22,7000,Kristine Zigler,5615 West Acoma Drive,#24,Glendale,AZ,85306,545-99-6255,Y,43,103,Y,3,L,Own,LI,82133885,NTZA45897246508224,PhD,A,Total Loss,None,0,1,KY,Louisville,6,AGENT00733,VNDR00170
14/3/2021 0:00,TXN00007243,A00003952,PLC00001952,26/8/2010,6/3/2021,9/3/2021,Health,177.75,2000,Travis Suggs,6419 8th Street Northwest,,Washington,DC,20012,293-86-5881,N,34,89,Y,7,H,Own,HI,13329273,PJQD57227936631002,Masters,A,Major Loss,Ambulance,0,1,MA,Marlborough,16,AGENT00825,VNDR00107
14/3/2021 0:00,TXN00007250,A00003328,PLC00000775,2/1/2012,24/2/2021,1/3/2021,Health,125.66,8000,Joseph Kline,5128 West Carol Avenue,,Glendale,AZ,85302,482-41-1612,Y,31,114,Y,4,M,Mortgage,HI,106672633,QZCT35188802550639,Bachelor,A,Minor Loss,Police,1,1,GA,Pooler,21,AGENT00874,
14/3/2021 0:00,TXN00007259,A00006335,PLC00001814,30/10/2019,9/3/2021,10/3/2021,Health,109.24,9000,Sandra Collins,190 Countryside Drive,,Farmington,AR,72730,723-69-0827,Y,40,44,Y,5,M,Mortgage,MI,114684655,SDTF66711237760293,Masters,A,Total Loss,Police,0,0,AZ,Glendale,23,AGENT00891,VNDR00238
15/3/2021 0:00,TXN00007265,A00008781,PLC00006197,10/11/2018,4/3/2021,9/3/2021,Health,132.8,13000,Heather Bodak,1801 Dodge Trail,,Edmond,OK,73003,841-90-9474,Y,60,86,Y,5,L,Mortgage,HI,122115226,ZVFA58540184823894,NA,A,Major Loss,Ambulance,1,1,FL,Panama City,15,AGENT00684,VNDR00450
15/3/2021 0:00,TXN00007268,A00003586,PLC00007996,11/10/2019,9/3/2021,11/3/2021,Health,180.88,8000,David Moreton,4132 Carmichael Road,,Montgomery,AL,36106,730-29-5045,N,49,38,Y,4,L,Own,HI,127623687,FYGK03535628929738,MD,A,Total Loss,Other,0,0,AZ,Glendale,12,AGENT00357,VNDR00284
15/3/2021 0:00,TXN00007270,A00007273,PLC00002957,9/10/2011,8/3/2021,10/3/2021,Health,130.48,16000,Alice Nino,905 Richardson Vista Road,#APT 165,Anchorage,AK,99501,707-30-9273,Y,48,56,Y,7,M,Own,MI,15889342,DSHP85239105669152,Bachelor,A,Total Loss,Other,1,1,DC,Washington,1,AGENT01166,VNDR00564
15/3/2021 0:00,TXN00007273,A00007620,PLC00002368,8/5/2011,10/3/2021,11/3/2021,Health,185.43,3000,Esther Mccormick,309 Glenwood Avenue,,Glen Burnie,MD,21061,436-51-3678,N,32,92,Y,3,H,Rent,MI,96259373,KPZJ47475616309563,High School,A,Major Loss,Ambulance,0,1,VT,Woodford,13,AGENT00448,
15/3/2021 0:00,TXN00007280,A00006677,PLC00005253,1/6/2014,4/3/2021,9/3/2021,Health,130.09,1000,Scott James,6932 West Montebello Avenue,,Glendale,AZ,85303,017-20-7164,Y,51,6,Y,3,L,Rent,LI,114452625,DOWT57042485385223,Bachelor,A,Major Loss,Ambulance,1,0,AL,Montgomery,20,AGENT00202,VNDR00361
15/3/2021 0:00,TXN00007281,A00001611,PLC00009091,24/10/2012,10/3/2021,11/3/2021,Health,165.05,3000,Gary Niles,13426 North 54th Drive,,Glendale,AZ,85304,394-88-2402,Y,29,50,Y,4,M,Own,MI,102853809,FUVT96115688418312,College,A,Minor Loss,Other,1,1,MD,Glen Burnie,17,AGENT00847,VNDR00503
16/3/2021 0:00,TXN00007286,A00000329,PLC00001183,1/3/2018,25/2/2021,2/3/2021,Health,184.11,17000,Donna Fowler,2042 High Street,,Oakland,CA,94601,287-53-9353,Y,29,45,Y,2,M,Mortgage,MI,107223366,NFQV56705402155708,Masters,A,Total Loss,Other,1,0,CO,Fort Collins,21,AGENT00641,
16/3/2021 0:00,TXN00007289,A00005950,PLC00001721,15/6/2015,3/3/2021,8/3/2021,Health,136.8,15000,Mary Jones,812 Southwest 151st Street,,Oklahoma City,OK,73170,108-47-1708,Y,64,79,Y,3,L,Own,MI,31726955,KLOG30041112784967,Bachelor,A,Total Loss,Ambulance,0,1,AZ,Glendale,17,AGENT00113,VNDR00593
16/3/2021 0:00,TXN00007292,A00002477,PLC00000346,18/12/2015,13/3/2021,13/3/2021,Health,147.95,18000,Ronald Peters,20930 Todd Valley Road,,Foresthill,CA,95631,853-26-0564,Y,40,14,Y,4,H,Own,HI,53089007,YAPM34302039582487,Bachelor,A,Minor Loss,Ambulance,1,1,MD,Annapolis,10,AGENT00806,VNDR00585
16/3/2021 0:00,TXN00007301,A00008510,PLC00001424,30/9/2010,11/3/2021,12/3/2021,Health,161.55,13000,Jason Boudreau,3521 Stargate Circle,,Anchorage,AK,99517,360-81-2674,Y,28,71,Y,4,L,Own,MI,127025418,ROWL88310359071468,MD,A,Major Loss,Other,0,1,CA,Fremont,12,AGENT00199,VNDR00267
16/3/2021 0:00,TXN00007303,A00000690,PLC00001819,19/4/2014,25/2/2021,2/3/2021,Health,184.55,18000,Rae Rosado,35 Keach Avenue,,Worcester,MA,1607,092-04-6543,N,31,11,Y,3,M,Mortgage,HI,81109331,TCGS55753996377897,High School,A,Total Loss,Ambulance,1,0,KY,Louisville,11,AGENT00258,VNDR00106
16/3/2021 0:00,TXN00007308,A00005133,PLC00005811,1/12/2017,24/2/2021,1/3/2021,Health,111.98,19000,Matthew Hernandez,4339 Benning Road Northeast,,Washington,DC,20019,416-83-0037,Y,29,7,Y,5,H,Own,HI,59914163,GMFG44778505529434,MD,A,Total Loss,Ambulance,1,0,GA,Savannah,6,AGENT00886,VNDR00571
17/3/2021 0:00,TXN00007321,A00006743,PLC00003025,27/3/2015,3/3/2021,8/3/2021,Health,163.52,1000,Annette Hickey,4121 Northwest 31st Street,,Oklahoma City,OK,73112,127-12-5082,Y,58,71,Y,6,L,Rent,LI,97381046,EMIJ92681129928468,Bachelor,D,Minor Loss,Ambulance,0,1,TN,Nashville,16,AGENT01096,
18/3/2021 0:00,TXN00007335,A00001111,PLC00004642,14/11/2012,1/3/2021,6/3/2021,Health,172.73,4000,Anne Driscoll,180 Intervale Avenue,,Burlington,VT,5401,413-60-0525,Y,52,95,Y,4,L,Rent,MI,66899831,UGGK79035152598834,MD,A,Major Loss,Police,0,1,KY,Louisville,5,AGENT00060,VNDR00584
18/3/2021 0:00,TXN00007338,A00007076,PLC00007293,1/3/2012,28/2/2021,5/3/2021,Health,176.81,16000,Helen Mcdowell,5631 West Colter Street,#2129,Glendale,AZ,85301,686-50-2724,Y,62,74,Y,6,M,Own,MI,82159856,TXDE54210928543999,NA,A,Total Loss,Ambulance,0,0,AR,Fayetteville,20,AGENT00269,VNDR00248
18/3/2021 0:00,TXN00007341,A00009985,PLC00001578,10/7/2017,10/3/2021,13/3/2021,Health,159,5000,Mark Canida,2186 Knollwood Drive,,Boulder,CO,80302,750-28-2611,Y,26,28,Y,2,M,Own,MI,87829165,XMWW10508539078575,High School,A,Major Loss,Other,0,0,CT,Manchester,11,AGENT00550,VNDR00163
18/3/2021 0:00,TXN00007342,A00001055,PLC00001439,7/11/2014,17/3/2021,17/3/2021,Health,156.36,13000,Andrew Padron,3784 Milky Way Drive,,Anchorage,AK,99517,347-40-6051,N,26,58,Y,5,L,Rent,LI,76131411,PJVM65134085455061,PhD,A,Minor Loss,Ambulance,1,1,FL,Panama City,16,AGENT00504,VNDR00142
18/3/2021 0:00,TXN00007356,A00004812,PLC00000315,3/1/2011,1/3/2021,6/3/2021,Health,154.62,9000,Greg Johnson,846 Allen Road,,Nashville,TN,37214,257-99-3578,N,53,62,Y,5,L,Mortgage,MI,94910643,ZTKC40549496277404,High School,A,Minor Loss,None,0,1,AK,Anchorage,14,AGENT00233,VNDR00123
19/3/2021 0:00,TXN00007368,A00008601,PLC00008823,6/6/2016,6/3/2021,11/3/2021,Health,137.97,11000,James Ferraro,5124 E Street Southeast,,Washington,DC,20019,674-04-5653,Y,55,67,Y,6,M,Rent,LI,100857124,LNZD01681533354139,Bachelor,A,Minor Loss,None,0,1,CO,Arvada,8,AGENT00397,VNDR00143
19/3/2021 0:00,TXN00007377,A00009195,PLC00006847,23/9/2013,11/3/2021,14/3/2021,Health,182.79,10000,Maria Ellison,3426 Broadview Street,,Montgomery,AL,36110,010-54-4777,Y,42,94,Y,4,M,Own,MI,15236209,EFZX09789090073178,Bachelor,A,Minor Loss,Police,1,1,GA,Savannah,20,AGENT01106,
19/3/2021 0:00,TXN00007378,A00005464,PLC00008269,17/9/2010,1/3/2021,6/3/2021,Health,143.08,4000,Matthew Wilkins,4632 Vermont 15,,Wolcott,VT,5680,204-25-8394,Y,39,113,Y,7,L,Rent,HI,80461591,THOA88166077093816,College,A,Total Loss,Ambulance,1,1,KY,Louisville,0,AGENT00064,VNDR00232
20/3/2021 0:00,TXN00007379,A00006532,PLC00007524,13/1/2016,19/3/2021,19/3/2021,Health,188.08,19000,Pat Bronder,523 10th Street,,Greeley,CO,80631,580-84-6389,Y,27,34,N,6,L,Rent,MI,52398760,RTWS07719195552787,High School,A,Major Loss,Ambulance,1,0,VT,Hartford,0,AGENT00550,
20/3/2021 0:00,TXN00007380,A00005623,PLC00003801,8/5/2017,10/3/2021,13/3/2021,Health,160.44,20000,Barbara Parsons,2505 Walker Lane,,Nashville,TN,37207,616-89-3629,Y,45,44,Y,3,M,Rent,LI,114892081,IWPK04879890358207,High School,A,Minor Loss,Police,1,1,OK,Oklahoma City,4,AGENT00166,VNDR00169
20/3/2021 0:00,TXN00007387,A00001646,PLC00009118,22/3/2017,3/3/2021,8/3/2021,Health,121.47,16000,Jeremy Hathorn,6002 Jo Danielle Place,D,Louisville,KY,40291,183-98-8980,Y,34,80,Y,7,L,Own,LI,108800979,HFWI65436383201512,Bachelor,A,Minor Loss,None,1,1,VT,Woodford,13,AGENT00290,
20/3/2021 0:00,TXN00007388,A00004886,PLC00004718,25/3/2017,10/3/2021,13/3/2021,Health,175.18,10000,Ronald Kennedy,63 Wild Thistle Lane,,Savannah,GA,31406,751-33-9108,Y,61,104,Y,7,M,Rent,HI,94389630,SYUI41840967224422,High School,A,Total Loss,Ambulance,1,0,CA,South Lake Tahoe,5,AGENT00299,VNDR00276
20/3/2021 0:00,TXN00007398,A00003158,PLC00001349,21/2/2013,7/3/2021,12/3/2021,Health,179.59,20000,Juan Whitchurch,2409 Park Street,,Selma,CA,93662,482-06-8160,Y,26,72,Y,3,M,Own,MI,60430487,TIYO10023698908259,NA,A,Total Loss,Ambulance,1,0,CO,Arvada,22,AGENT00489,VNDR00574
20/3/2021 0:00,TXN00007399,A00004764,PLC00008428,25/8/2015,15/3/2021,16/3/2021,Health,114.03,4000,Amanda Frazier,451 East Street,,Huntington,VT,5462,618-44-8395,Y,46,77,Y,3,M,Rent,MI,67454136,AGAY53932197783550,Bachelor,A,Major Loss,Police,1,1,FL,Tyndall Air Force Base,9,AGENT00971,VNDR00293
20/3/2021 0:00,TXN00007404,A00000622,PLC00003279,22/11/2010,4/3/2021,9/3/2021,Health,170.43,9000,Thomas Tennant,31 Buckland Hills Drive,,Manchester,CT,6042,699-37-6425,Y,31,110,Y,5,M,Rent,MI,55028901,XMZF89390710623297,High School,D,Total Loss,None,1,0,MA,Salem,10,AGENT00393,
20/3/2021 0:00,TXN00007405,A00006403,PLC00001459,7/2/2015,11/3/2021,14/3/2021,Health,181.72,7000,Jared Pring,15 Lakewood Drive,,Thunderbolt,GA,31410,853-46-2924,N,27,119,N,4,L,Own,HI,114631886,CKFP47613050818118,Masters,A,Minor Loss,None,1,1,CO,Arvada,6,AGENT00396,
20/3/2021 0:00,TXN00007406,A00009332,PLC00006039,10/7/2018,11/3/2021,14/3/2021,Health,158.74,20000,Chester Bisarra,7758 Betty Louise Drive,,Panama City,FL,32404,047-65-2520,N,40,76,Y,2,L,Own,LI,28270508,DFTN08426570136014,MD,A,Total Loss,Police,1,0,CA,Hanford,14,AGENT00138,VNDR00472
20/3/2021 0:00,TXN00007407,A00001359,PLC00003459,24/10/2017,3/3/2021,8/3/2021,Health,152.97,17000,Craig Mitchell,6286 West Louise Drive,,Glendale,AZ,85310,001-15-9665,Y,53,77,Y,6,L,Own,MI,15142351,PLTN07387525567240,Bachelor,A,Minor Loss,Police,1,0,GA,Pooler,15,AGENT00078,
20/3/2021 0:00,TXN00007410,A00005009,PLC00000309,8/2/2014,19/3/2021,19/3/2021,Health,163.79,16000,Matilda Brill,205 Homestead Street,#B3,Manchester,CT,6042,028-10-7263,Y,36,116,Y,6,H,Own,HI,47017072,GNWB92936972141394,Masters,A,Total Loss,None,1,1,DC,Washington,23,AGENT00132,
21/3/2021 0:00,TXN00007413,A00006315,PLC00005776,21/8/2010,18/3/2021,18/3/2021,Health,131.59,13000,James Shelton,1106 Mission Drive,,Antioch,CA,94509,016-91-0675,Y,25,55,Y,3,M,Rent,LI,58403497,NJKW29601952263159,Bachelor,A,Minor Loss,Other,1,0,AL,Montgomery,5,AGENT00148,VNDR00360
21/3/2021 0:00,TXN00007415,A00006943,PLC00006862,13/7/2019,2/3/2021,7/3/2021,Health,139.23,3000,John Ross,15082 North 59th Avenue,#111,Glendale,AZ,85306,668-57-5914,Y,56,22,Y,5,M,Own,MI,70383799,HWWT20456897435799,Bachelor,A,Total Loss,Ambulance,1,0,TN,Nashville,6,AGENT00972,VNDR00593
21/3/2021 0:00,TXN00007424,A00002607,PLC00001750,6/8/2018,12/3/2021,15/3/2021,Health,183.14,5000,Robert Kitchen,264 River Road,,Richmond,VT,5477,691-68-4175,N,43,9,Y,3,H,Own,HI,41462199,ENSR05936698296789,Bachelor,A,Total Loss,Ambulance,1,1,AZ,Mesa,0,AGENT00712,VNDR00086
22/3/2021 0:00,TXN00007428,A00001575,PLC00003610,30/10/2011,15/3/2021,17/3/2021,Health,103.88,20000,Calvin Hernandez,31250 Courthouse Drive,,Union City,CA,94587,873-61-0195,Y,32,104,Y,7,L,Own,LI,44957368,CHJV97721853824553,High School,A,Major Loss,Ambulance,1,1,MD,Deale,21,AGENT00519,
22/3/2021 0:00,TXN00007441,A00000520,PLC00003902,19/6/2018,2/3/2021,7/3/2021,Health,121.89,11000,Tammy Crissler,1333 Farragut Street Northwest,,Washington,DC,20011,619-26-8749,Y,29,68,Y,3,M,Rent,LI,111754591,IDYY73273661575014,College,A,Total Loss,Police,1,1,DC,Washington,15,AGENT01090,
22/3/2021 0:00,TXN00007446,A00000976,PLC00007695,1/3/2016,5/3/2021,10/3/2021,Health,172.3,14000,Joseph Morris,10340 West 62nd Place,,Arvada,CO,80004,814-56-0428,Y,32,32,Y,6,H,Own,MI,67382965,YFBP95729080747936,Bachelor,A,Major Loss,Ambulance,0,0,MD,Pasadena,23,AGENT00357,
22/3/2021 0:00,TXN00007447,A00008623,PLC00006527,10/12/2010,2/3/2021,7/3/2021,Health,187.67,18000,Lee Brown,2409 Research Boulevard,,Fort Collins,CO,80526,556-90-5088,Y,44,7,Y,7,L,Own,HI,23501573,PLQE55169686793850,Masters,A,Minor Loss,Ambulance,1,0,DC,Washington,13,AGENT01113,VNDR00461
23/3/2021 0:00,TXN00007456,A00001059,PLC00003851,23/12/2018,18/3/2021,19/3/2021,Health,141.56,6000,Jimmy Lopez,2807 Huxley Place,,Fremont,CA,94555,198-20-3485,Y,40,89,Y,6,L,Mortgage,HI,39649199,OIMU17052757152107,High School,A,Minor Loss,Ambulance,0,1,CA,Carson,3,AGENT00610,VNDR00093
23/3/2021 0:00,TXN00007463,A00003116,PLC00007815,17/11/2019,18/3/2021,19/3/2021,Health,193.9,20000,Dan Mendoza,5529 East Saddleridge Drive,,Fayetteville,AR,72703,393-42-6927,Y,31,113,Y,5,L,Rent,MI,55969853,KBFJ70352991094853,College,A,Major Loss,Ambulance,0,1,VT,Saint Albans City,15,AGENT01095,VNDR00575
23/3/2021 0:00,TXN00007465,A00008061,PLC00009807,28/11/2014,19/3/2021,20/3/2021,Health,146.86,19000,Kristen Fontaine,21402 Caribbean Lane,,Panama City Beach,FL,32413,018-06-1821,N,58,88,Y,4,L,Rent,HI,126092031,GZUG92137542956908,Bachelor,A,Total Loss,Police,1,0,VT,Chester,17,AGENT00627,VNDR00087
23/3/2021 0:00,TXN00007469,A00007149,PLC00004232,13/3/2018,20/3/2021,20/3/2021,Health,130.53,11000,Shizuko Neff,8001 East 6th Avenue,#APT 000003,Anchorage,AK,99504,645-11-8736,Y,30,97,Y,2,L,Mortgage,LI,81773217,YWKL77961423984825,Bachelor,A,Minor Loss,Police,0,1,AZ,Glendale,5,AGENT00965,VNDR00169
24/3/2021 0:00,TXN00007477,A00009700,PLC00003543,27/2/2011,14/3/2021,17/3/2021,Health,194.93,14000,Frederick Greer,1300 Lemos Lane,,Fremont,CA,94539,283-09-2744,Y,31,59,Y,3,M,Mortgage,LI,69112706,QRWW63846402937104,High School,A,Total Loss,Ambulance,0,0,AZ,Glendale,3,AGENT00966,VNDR00047
24/3/2021 0:00,TXN00007482,A00005481,PLC00005458,28/9/2016,15/3/2021,18/3/2021,Health,161.74,18000,John Tinsley,353 O Street Southwest,,Washington,DC,20024,188-71-3692,Y,40,94,Y,3,M,Own,MI,128771680,YLJO96897484564628,Bachelor,A,Total Loss,None,1,0,VT,Stowe,6,AGENT01140,
24/3/2021 0:00,TXN00007485,A00008786,PLC00007606,5/10/2012,16/3/2021,19/3/2021,Health,198.48,2000,Hilda James,992 Sherwood Forest Road,,Annapolis,MD,21401,473-28-5612,Y,37,93,Y,7,M,Own,HI,125822176,RZFU95542505069696,Bachelor,A,Total Loss,Ambulance,1,1,AK,Anchorage,5,AGENT01133,VNDR00372
24/3/2021 0:00,TXN00007488,A00006959,PLC00000040,4/12/2011,8/3/2021,13/3/2021,Health,124.15,8000,Angel Gruber,512 Tennyson Road,,Hayward,CA,94544,757-58-2741,N,36,37,N,5,L,Own,MI,57157922,ALGD23974573083736,Bachelor,A,Minor Loss,Police,1,0,OK,Edmond,16,AGENT00113,VNDR00538
24/3/2021 0:00,TXN00007492,A00006139,PLC00006573,22/9/2013,18/3/2021,20/3/2021,Health,148.48,4000,Elton Magana,266 South J Street,,Livermore,CA,94550,394-44-7904,Y,56,30,Y,3,L,Rent,MI,119355934,GGJZ05742963541268,Bachelor,A,Major Loss,None,1,1,TN,Nashville,2,AGENT01182,VNDR00410
24/3/2021 0:00,TXN00007494,A00003374,PLC00006709,13/3/2014,9/3/2021,14/3/2021,Health,101.37,12000,Derrick Damron,20443 Granite Park Circle,,Anchorage,AK,99577,226-59-1939,N,45,40,Y,6,M,Mortgage,HI,42504629,UHIL99028034363228,College,A,Total Loss,Other,1,1,AZ,Glendale,11,AGENT00616,VNDR00266
25/3/2021 0:00,TXN00007506,A00004318,PLC00008317,10/1/2019,9/3/2021,14/3/2021,Health,109.56,1000,Josephine Mcintyre,1485 Hampshire Hollow Road,,Poultney,VT,5764,573-56-3601,Y,64,75,Y,5,H,Rent,LI,15992488,ECSZ11987254123614,High School,A,Total Loss,Ambulance,0,1,MD,Glen Burnie,19,AGENT00051,VNDR00524
25/3/2021 0:00,TXN00007507,A00002302,PLC00002461,20/1/2015,18/3/2021,20/3/2021,Health,176.12,2000,Melody West,2747 68th Avenue,,Oakland,CA,94605,776-53-2238,N,27,39,Y,3,M,Mortgage,LI,28918462,CZNN46228770167032,College,A,Major Loss,Police,1,1,MA,Scituate,5,AGENT00745,VNDR00123
25/3/2021 0:00,TXN00007517,A00005322,PLC00008800,12/3/2016,16/3/2021,19/3/2021,Health,121.58,7000,Mark White,2508 Grant Avenue,,Panama City,FL,32405,732-71-3542,Y,36,29,Y,3,L,Mortgage,LI,102271025,MKUX41439921096286,High School,A,Major Loss,Ambulance,1,1,AK,Anchorage,4,AGENT00585,VNDR00327
25/3/2021 0:00,TXN00007527,A00002452,PLC00002628,28/1/2013,21/3/2021,22/3/2021,Health,128.85,13000,James Selley,619 West 19th Avenue,,Anchorage,AK,99503,370-18-7096,Y,28,35,Y,5,M,Rent,MI,22731292,PXWV37705330814206,NA,D,Minor Loss,Police,1,1,CA,Dublin,9,AGENT01007,VNDR00113
25/3/2021 0:00,TXN00007531,A00001076,PLC00001729,25/6/2018,5/3/2021,10/3/2021,Health,170.26,18000,Rebecca Billings,5 Meadow Lane,,Rutland,VT,5701,458-55-0198,Y,28,108,Y,5,M,Rent,MI,122070329,ZXDO97961684310955,High School,A,Minor Loss,Ambulance,0,1,OK,Moore,6,AGENT00788,VNDR00039
26/3/2021 0:00,TXN00007542,A00006271,PLC00003071,16/3/2011,20/3/2021,22/3/2021,Health,159.08,9000,Kathryn Mccrystal,2021 West Burnett Avenue,,Louisville,KY,40210,318-13-9449,Y,55,91,Y,7,L,Mortgage,MI,36988989,XKQE71170292756787,Bachelor,A,Total Loss,Ambulance,1,0,TN,Nashville,1,AGENT00379,
26/3/2021 0:00,TXN00007544,A00001540,PLC00003184,14/1/2014,7/3/2021,12/3/2021,Health,154.2,12000,Tom Price,9346 West 66th Place,,Arvada,CO,80004,714-79-5395,Y,37,57,Y,4,H,Mortgage,MI,80419718,KDNW56113693213177,Bachelor,A,Major Loss,Police,1,1,AZ,Glendale,1,AGENT00670,VNDR00593
26/3/2021 0:00,TXN00007549,A00009298,PLC00008717,29/11/2018,17/3/2021,20/3/2021,Health,120.29,19000,Lauri Whitacre,8243 Daniels Purchase Way,,Millersville,MD,21108,701-73-3998,Y,58,18,N,5,M,Rent,HI,45822887,TWEX40931784156468,Bachelor,A,Total Loss,Police,0,1,VT,Thetford,15,AGENT00226,VNDR00494
26/3/2021 0:00,TXN00007553,A00008518,PLC00000002,12/7/2014,25/3/2021,25/3/2021,Health,168.97,10000,Amanda Dickens,18 Curry Lane,,Manchester,CT,6040,391-40-2043,Y,52,28,Y,6,L,Mortgage,LI,123588755,VKFX40087739846340,High School,A,Total Loss,Ambulance,1,1,CA,Union City,19,AGENT00904,VNDR00278
26/3/2021 0:00,TXN00007554,A00000463,PLC00002913,8/7/2018,24/3/2021,24/3/2021,Health,110,4000,Robert Hermanson,19 Katama Way,,Pooler,GA,31322,035-12-4934,Y,61,54,Y,3,M,Own,MI,57352345,YRSA58042574174492,Bachelor,A,Total Loss,Police,1,1,TN,Nashville,22,AGENT00583,VNDR00156
27/3/2021 0:00,TXN00007557,A00006605,PLC00002400,7/9/2015,21/3/2021,23/3/2021,Health,162.84,12000,Debra Parrish,982 Stonington Drive,,Arnold,MD,21012,499-16-1525,Y,57,18,Y,3,L,Mortgage,HI,101153678,UKPQ38742457754833,College,A,Major Loss,Ambulance,1,1,GA,Savannah,19,AGENT00334,VNDR00307
27/3/2021 0:00,TXN00007560,A00003760,PLC00000572,17/5/2017,24/3/2021,24/3/2021,Health,192.69,19000,Kellie Franco,36043 Soapberry Commons,,Fremont,CA,94536,005-52-7974,N,45,101,Y,6,L,Mortgage,MI,18772634,LYOO50507974101452,High School,A,Total Loss,Ambulance,1,0,CT,Manchester,4,AGENT00297,VNDR00540
27/3/2021 0:00,TXN00007561,A00004726,PLC00008514,3/7/2010,22/3/2021,23/3/2021,Health,174.03,14000,Merrill Perrine,6741 West Robert E Lee Street,,Glendale,AZ,85308,389-66-2619,Y,28,13,Y,3,L,Rent,HI,34758182,GJHW59064577796895,Masters,A,Minor Loss,Police,0,0,GA,Pooler,5,AGENT00153,
28/3/2021 0:00,TXN00007579,A00009780,PLC00004180,26/1/2011,24/3/2021,25/3/2021,Health,171.65,11000,Sandra Oliveras,6941 West 87th Way,,Arvada,CO,80003,282-84-0353,Y,43,38,Y,6,L,Mortgage,HI,14972917,FXMD04084970810894,PhD,A,Major Loss,Other,1,1,AR,Fayetteville,14,AGENT00761,
28/3/2021 0:00,TXN00007580,A00001696,PLC00002006,9/5/2014,27/3/2021,27/3/2021,Health,190.69,7000,Nancy Gaunce,184 Oak Street,,Foxborough,MA,2035,333-46-9820,Y,48,109,Y,5,M,Mortgage,HI,68324074,NQUS97174122526050,College,A,Total Loss,Police,0,1,CO,Boulder,1,AGENT00385,VNDR00289
28/3/2021 0:00,TXN00007584,A00004174,PLC00003475,12/5/2015,25/3/2021,25/3/2021,Health,112.85,20000,Aaron Guay,280 Blue Moon Crossing,#604,Pooler,GA,31322,777-61-4579,Y,58,45,Y,7,H,Rent,HI,93358471,BZGF47124217901668,College,A,Minor Loss,Police,1,1,AR,Fayetteville,8,AGENT00859,
28/3/2021 0:00,TXN00007590,A00008522,PLC00000207,22/9/2014,20/3/2021,23/3/2021,Health,158.96,7000,Christopher Dotson,4216 Winter Lake Drive,,Louisville,KY,40272,270-84-2447,Y,32,104,Y,2,L,Mortgage,HI,100673515,ETAM91141060386650,Bachelor,A,Minor Loss,None,0,0,OK,Oklahoma City,21,AGENT01179,
29/3/2021 0:00,TXN00007593,A00004052,PLC00006714,7/6/2013,15/3/2021,20/3/2021,Health,129.77,20000,Emma Causey,1361 Barret Park Way,,Montgomery,AL,36117,227-41-3124,Y,59,37,Y,3,M,Mortgage,LI,25978528,JEUV77523844845521,College,A,Minor Loss,Ambulance,1,0,MA,Wilbraham,6,AGENT00089,VNDR00450
29/3/2021 0:00,TXN00007595,A00001468,PLC00008398,27/10/2013,15/3/2021,20/3/2021,Health,142.54,2000,Jessica Yu,421 West 1st Avenue,#STE 000220,Anchorage,AK,99501,547-29-8912,Y,46,116,Y,5,M,Mortgage,LI,103684815,JPWP60683302783813,NA,A,Total Loss,Ambulance,0,1,AK,Anchorage,2,AGENT00217,VNDR00530
29/3/2021 0:00,TXN00007601,A00002179,PLC00006272,12/10/2013,24/3/2021,25/3/2021,Health,122.8,3000,Curtis Mcadory,2314 Marian Bay Circle,,Anchorage,AK,99515,184-60-3846,N,49,18,Y,7,L,Mortgage,MI,129949631,TTPG43266349352652,Masters,A,Minor Loss,Police,1,1,OK,Edmond,15,AGENT00038,VNDR00545
29/3/2021 0:00,TXN00007614,A00001216,PLC00005630,21/10/2011,27/3/2021,27/3/2021,Health,132.45,16000,Mary Reed,747 West Pacific Avenue,#527,Telluride,CO,81435,354-31-6373,Y,37,38,Y,4,H,Own,MI,109202482,UCPE70404214110343,Bachelor,A,Total Loss,Ambulance,1,0,FL,Panama City,2,AGENT00183,VNDR00392
30/3/2021 0:00,TXN00007616,A00006287,PLC00008649,9/3/2015,18/3/2021,23/3/2021,Health,105.87,19000,Coy Bragg,84 Orange Street,,Barre,VT,5641,836-11-6551,Y,44,70,Y,2,L,Mortgage,LI,18593156,LLXA65299069481158,High School,A,Major Loss,None,1,1,OK,Oklahoma City,4,AGENT00319,VNDR00274
30/3/2021 0:00,TXN00007617,A00003788,PLC00007302,1/9/2015,25/3/2021,26/3/2021,Health,140.81,20000,Benjamin Fischer,207 Joe Street,,Farmington,AR,72730,588-70-8871,Y,26,107,Y,2,M,Own,MI,96081745,IYWT85732270081036,PhD,A,Minor Loss,Ambulance,0,1,FL,Panama City Beach,21,AGENT00249,VNDR00560
30/3/2021 0:00,TXN00007628,A00003679,PLC00000828,19/5/2019,26/3/2021,27/3/2021,Health,118.8,4000,Michelle Kelley,6917 Briarcreek Drive,,Oklahoma City,OK,73162,261-09-2324,N,28,63,Y,2,M,Rent,MI,32801879,OTEE06478281468654,High School,A,Major Loss,Other,1,1,KY,Louisville,21,AGENT00075,
30/3/2021 0:00,TXN00007632,A00005494,PLC00004865,10/11/2019,25/3/2021,26/3/2021,Health,101.59,9000,Wayne Jackson,5634 Kipling Parkway,#102,Arvada,CO,80002,413-17-1320,Y,41,42,Y,4,L,Rent,MI,69994775,VUBD53379485489205,Bachelor,A,Minor Loss,Ambulance,1,0,AK,Anchorage,12,AGENT00730,VNDR00357
30/3/2021 0:00,TXN00007633,A00009042,PLC00001087,30/1/2018,12/3/2021,17/3/2021,Health,150.32,4000,Ronald Padilla,5606 Olde Wadsworth Boulevard,#20,Arvada,CO,80002,222-13-8151,Y,54,90,Y,2,L,Mortgage,MI,37495992,CDHD69633331491346,High School,A,Minor Loss,Police,1,1,GA,Savannah,12,AGENT00023,VNDR00051
31/3/2021 0:00,TXN00007642,A00002773,PLC00003132,10/12/2010,29/3/2021,29/3/2021,Health,118.17,6000,Catherine Starzyk,109 Peter's Quay,,Savannah,GA,31410,682-26-9874,Y,43,82,Y,2,L,Own,LI,76080850,LJLS12675586784031,College,A,Major Loss,Other,0,1,CO,Arvada,18,AGENT00442,
31/3/2021 0:00,TXN00007646,A00009032,PLC00008017,23/8/2018,15/3/2021,20/3/2021,Health,160.66,18000,Yan Money,13005 Mills Edge Court,,Louisville,KY,40272,633-93-8688,Y,59,35,Y,2,M,Rent,HI,126802784,BEXI08714449733573,Bachelor,A,Minor Loss,Ambulance,1,0,VT,Saint Albans City,16,AGENT00430,
31/3/2021 0:00,TXN00007647,A00004555,PLC00007932,12/8/2011,27/3/2021,28/3/2021,Health,197.74,17000,Joseph Crocker,4225 Eatons Creek Road,,Nashville,TN,37218,255-15-2042,Y,62,52,Y,4,H,Mortgage,MI,14496846,JNJA75986141648996,Bachelor,A,Minor Loss,Ambulance,0,1,VT,Burlington,9,AGENT00099,
31/3/2021 0:00,TXN00007659,A00007078,PLC00004592,21/7/2014,22/3/2021,25/3/2021,Health,102.29,15000,Patrick Thorne,565 North Lakeshore Drive,,Panama City Beach,FL,32413,134-40-7123,Y,36,36,Y,4,M,Mortgage,MI,91854113,GSPJ80190298259965,High School,A,Total Loss,Ambulance,1,1,CA,Bakersfield,13,AGENT00594,VNDR00382
1/4/2021 0:00,TXN00007673,A00006707,PLC00001123,27/7/2016,26/3/2021,28/3/2021,Health,104.62,3000,Jennifer Davis,2001 Van Hoose Drive,,Fayetteville,AR,72701,147-60-7571,Y,60,20,Y,6,M,Own,MI,82527909,CPLE17901562075333,Bachelor,A,Minor Loss,Ambulance,1,1,VT,Morristown,8,AGENT00316,VNDR00232
1/4/2021 0:00,TXN00007674,A00002157,PLC00000145,12/6/2019,28/3/2021,29/3/2021,Health,119.51,14000,Elizabeth Dunne,16896 West 85th Lane,,Arvada,CO,80007,555-83-3365,N,43,90,Y,6,H,Own,MI,64347631,FEUA42649841197326,Bachelor,D,Minor Loss,Police,1,1,AK,Anchorage,18,AGENT00500,VNDR00301
1/4/2021 0:00,TXN00007681,A00003522,PLC00001913,3/2/2012,25/3/2021,27/3/2021,Health,193.9,17000,Edwin Gordon,4231 Miramonte Way,,Union City,CA,94587,616-50-2268,Y,50,46,Y,6,M,Own,LI,66825889,FQSP08895786968839,Bachelor,A,Total Loss,Ambulance,1,0,AL,Montgomery,0,AGENT00298,VNDR00478
1/4/2021 0:00,TXN00007684,A00006782,PLC00009320,16/7/2018,14/3/2021,19/3/2021,Health,179.94,13000,Reta Cline,1644 Queenstown Road,,Nichols Hills,OK,73116,754-58-6399,Y,32,17,Y,2,M,Mortgage,MI,122300633,OUYK13671602100060,Bachelor,A,Total Loss,Police,0,1,GA,Savannah,14,AGENT00462,VNDR00006
2/4/2021 0:00,TXN00007687,A00006486,PLC00006883,11/9/2013,24/3/2021,27/3/2021,Health,108.72,3000,Raymond Daves,1265 Southeast 23rd Terrace,,Oklahoma City,OK,73129,898-23-7549,N,61,12,Y,6,H,Own,MI,67120334,FUHC23422373462632,Bachelor,A,Minor Loss,None,0,1,AL,Montgomery,22,AGENT00962,VNDR00209
2/4/2021 0:00,TXN00007696,A00006976,PLC00007845,27/10/2016,23/3/2021,26/3/2021,Health,182.2,8000,Deedee Christy,7250 Urban Drive,,Arvada,CO,80005,458-70-9073,Y,49,104,Y,3,M,Rent,MI,21559747,CUNP62293406356264,Masters,A,Minor Loss,Ambulance,0,0,AR,Fayetteville,21,AGENT00158,VNDR00488
2/4/2021 0:00,TXN00007698,A00008536,PLC00003749,4/6/2014,23/3/2021,26/3/2021,Health,104.18,2000,Alyssa Williams,75 Calfoster Drive,,Wolcott,VT,5680,664-19-2228,N,28,49,Y,3,L,Own,MI,60270757,YFNC33335894730004,Bachelor,A,Total Loss,Police,1,1,MA,Lowell,11,AGENT00334,
2/4/2021 0:00,TXN00007699,A00004940,PLC00005390,24/9/2015,17/3/2021,22/3/2021,Health,174.12,9000,Roberto Arciniega,330 Michell Court,,Livermore,CA,94551,296-39-2224,Y,35,97,Y,3,M,Own,MI,119172887,IUPH88917714866910,PhD,A,Major Loss,Police,1,1,FL,Panama City,3,AGENT00046,VNDR00010
2/4/2021 0:00,TXN00007701,A00000641,PLC00001500,3/7/2019,29/3/2021,30/3/2021,Health,100.76,10000,Pamela Turner,6160 Norm Drive,,Anchorage,AK,99507,275-45-9502,N,42,79,Y,2,L,Mortgage,MI,71749497,ZLBM68298447223648,College,A,Minor Loss,Ambulance,1,1,VT,Weathersfield,0,AGENT00212,VNDR00128
3/4/2021 0:00,TXN00007702,A00005672,PLC00003587,15/6/2011,21/3/2021,26/3/2021,Health,186.27,8000,Angel Rowden,5615 West Villa Maria Drive,,Glendale,AZ,85308,019-78-5379,Y,32,42,Y,3,L,Rent,MI,110377173,OSUC31591747804038,Masters,A,Total Loss,None,1,1,CA,Grass Valley,4,AGENT00380,
3/4/2021 0:00,TXN00007705,A00000866,PLC00005444,23/5/2013,2/4/2021,2/4/2021,Health,143.2,11000,Aimee Gray,8307 Brookline Place,,Oklahoma City,OK,73159,429-28-0543,N,35,87,Y,5,M,Own,LI,50885233,SQHW11952544739676,Bachelor,A,Total Loss,Police,1,1,VT,Rutland,4,AGENT00646,
3/4/2021 0:00,TXN00007708,A00002750,PLC00006258,23/1/2016,28/3/2021,30/3/2021,Health,119.46,4000,Casey Hadsell,208 Bonita Circle,,Panama City Beach,FL,32408,491-91-4353,Y,38,53,Y,2,L,Own,LI,58873386,XVFZ01475545118404,High School,A,Minor Loss,Ambulance,1,0,FL,Panama City,9,AGENT01175,VNDR00094
3/4/2021 0:00,TXN00007710,A00005706,PLC00004383,27/3/2013,22/3/2021,27/3/2021,Health,164.4,12000,Donna Woodward,2348 Cantalise Drive,,Dublin,CA,94568,848-90-2492,Y,32,82,Y,2,L,Rent,MI,63997781,NMEY38865741967405,Masters,A,Total Loss,Other,0,0,OK,Oklahoma City,5,AGENT00003,VNDR00590
3/4/2021 0:00,TXN00007723,A00008859,PLC00005889,9/3/2019,14/3/2021,19/3/2021,Health,119.03,4000,Marcella Hurst,4075 North Cadillac Drive,#2,Fayetteville,AR,72703,322-77-5797,Y,46,28,Y,5,L,Mortgage,MI,40634494,WKMQ27435254000626,NA,D,Total Loss,Ambulance,1,1,CA,Oakland,22,AGENT00465,VNDR00283
4/4/2021 0:00,TXN00007731,A00008813,PLC00000443,13/12/2013,22/3/2021,27/3/2021,Health,132.45,12000,Russell Ito,8716 Astrid Avenue,,Louisville,KY,40228,772-24-3077,Y,31,88,Y,7,M,Own,HI,71121138,IATX48413514740151,PhD,A,Minor Loss,Police,1,1,CT,Manchester,10,AGENT00050,
4/4/2021 0:00,TXN00007737,A00008197,PLC00008375,5/5/2017,18/3/2021,23/3/2021,Health,144.7,8000,Lindsey Mullen,66 Bradford Road,,Braintree,MA,2184,745-35-5023,Y,42,89,Y,3,H,Rent,MI,70110179,QYQR88049137462812,Bachelor,A,Minor Loss,None,1,1,CA,Whitmore,14,AGENT00968,VNDR00244
4/4/2021 0:00,TXN00007754,A00001182,PLC00000646,16/8/2011,27/3/2021,30/3/2021,Health,112.69,14000,Armando Jenkins,7096 Park Mesa Way,#57,San Diego,CA,92111,132-99-8968,Y,39,33,Y,6,L,Mortgage,HI,69703791,KWMY50835205500737,Bachelor,A,Major Loss,Other,1,0,GA,Savannah,11,AGENT00977,
5/4/2021 0:00,TXN00007772,A00000055,PLC00008795,12/10/2015,21/3/2021,26/3/2021,Health,174.06,14000,Susan Mckay,2115 Northwest 22nd Street,,Oklahoma City,OK,73107,711-51-2962,Y,26,43,Y,5,M,Rent,LI,111131062,HAEA58617436545046,High School,A,Total Loss,Ambulance,1,0,CA,Livermore,6,AGENT00857,
6/4/2021 0:00,TXN00007785,A00005627,PLC00005312,10/11/2011,18/3/2021,23/3/2021,Health,129.65,14000,Seth Patel,4303 Ashleycreek Court,,Louisville,KY,40241,734-04-9873,N,45,74,N,2,H,Own,LI,57625739,VPFE61308191069444,NA,A,Total Loss,Police,0,1,CA,Fremont,3,AGENT00148,VNDR00469
6/4/2021 0:00,TXN00007796,A00004372,PLC00002239,9/7/2010,29/3/2021,1/4/2021,Health,106.45,1000,Julie Moralez,1124 Bluewillow Court,,Nashville,TN,37013,697-87-4402,Y,53,34,Y,2,M,Own,MI,22039295,JECL78424492947840,Bachelor,D,Total Loss,Other,1,1,AR,Fayetteville,9,AGENT01066,VNDR00301
6/4/2021 0:00,TXN00007797,A00006111,PLC00006146,28/9/2012,3/4/2021,3/4/2021,Health,132.22,4000,Fredrick Eastman,7730 Wilkinson Road,,Nashville,TN,37080,681-03-6626,N,26,94,Y,6,M,Rent,MI,105239161,FRCR90463336569341,High School,A,Minor Loss,Police,0,1,GA,Pooler,20,AGENT01094,VNDR00477
7/4/2021 0:00,TXN00007805,A00007215,PLC00005255,8/10/2015,22/3/2021,27/3/2021,Health,171.27,6000,Walter Conner,512 Tennyson Road,,Hayward,CA,94544,808-31-4338,Y,31,63,Y,2,L,Own,HI,47697942,ALAP48407524816601,Bachelor,A,Major Loss,None,1,1,VT,Groton,17,AGENT00382,VNDR00238
7/4/2021 0:00,TXN00007817,A00004337,PLC00009131,15/2/2012,22/3/2021,27/3/2021,Health,101.45,13000,Glenn Marion,1318 4th Street Southwest,,Washington,DC,20024,579-88-7913,Y,63,100,N,2,M,Rent,MI,85601644,GDZO34973947901468,College,A,Major Loss,Police,1,1,MA,Newton,6,AGENT00968,VNDR00588
7/4/2021 0:00,TXN00007818,A00008605,PLC00000052,7/1/2011,1/4/2021,3/4/2021,Health,194.29,9000,Joan Moore,7057 Old Southwick Place,,Montgomery,AL,36117,745-35-7529,Y,31,38,Y,3,L,Own,LI,86511856,QCLN97489023772037,Bachelor,A,Total Loss,None,1,1,VT,Colchester,21,AGENT00151,VNDR00066
7/4/2021 0:00,TXN00007822,A00002066,PLC00002384,7/8/2013,28/3/2021,31/3/2021,Health,152.2,3000,Mildred Olsen,3438 Carlton Avenue,,Fort Collins,CO,80525,824-39-9262,N,52,118,Y,7,M,Own,MI,11455738,MXKJ35089537999766,Bachelor,A,Minor Loss,Ambulance,1,1,CO,Arvada,15,AGENT00473,VNDR00150
7/4/2021 0:00,TXN00007836,A00002984,PLC00000688,19/3/2014,2/4/2021,3/4/2021,Health,129.32,16000,Christopher Kuehne,718 Newhall Drive,,Nashville,TN,37206,580-62-6377,Y,64,14,Y,2,L,Rent,LI,116144957,WZKN39489258665371,High School,A,Minor Loss,Other,1,1,CA,Livermore,18,AGENT00279,VNDR00458
7/4/2021 0:00,TXN00007838,A00001751,PLC00005582,11/6/2012,5/4/2021,5/4/2021,Health,120.12,4000,Larhonda Mauriello,3 Carvel Circle,,Edgewater,MD,21037,889-69-9314,Y,41,112,Y,6,L,Rent,HI,61704099,NYMF90137688579558,Bachelor,A,Total Loss,Ambulance,1,1,CO,Arvada,9,AGENT00190,VNDR00042
8/4/2021 0:00,TXN00007852,A00001734,PLC00006476,16/1/2018,21/3/2021,26/3/2021,Health,160.01,15000,Clyde Wolf,814 Keswick Boulevard,,Louisville,KY,40217,519-98-9871,Y,40,7,Y,2,L,Rent,MI,17705741,YWVO57650916551205,Bachelor,D,Total Loss,Ambulance,1,1,CO,Arvada,18,AGENT00198,
8/4/2021 0:00,TXN00007857,A00008389,PLC00002580,20/3/2015,31/3/2021,3/4/2021,Health,191.1,14000,George West,7 Cloutman Street,#1,Salem,MA,1970,158-75-3655,Y,27,92,Y,2,M,Own,LI,14172322,EMNN35178859938012,Bachelor,A,Minor Loss,Ambulance,0,1,GA,Savannah,22,AGENT00987,
8/4/2021 0:00,TXN00007865,A00002927,PLC00009243,23/12/2011,21/3/2021,26/3/2021,Health,106.59,5000,Judy Stjohn,8219 Minor Lane,#9,Louisville,KY,40219,281-77-9229,Y,50,108,N,5,L,Own,MI,50077038,GKHU57956762866068,High School,A,Total Loss,Ambulance,1,1,FL,Panama City,16,AGENT00351,
8/4/2021 0:00,TXN00007866,A00006867,PLC00005547,1/4/2013,24/3/2021,29/3/2021,Health,193.2,15000,Opal Cassidy,7144 Marlborough Terrace,,Berkeley,CA,94705,361-12-4140,Y,55,41,Y,4,M,Rent,HI,102138401,PZRO11215123122775,High School,A,Major Loss,Other,1,0,DC,Washington,20,AGENT00481,VNDR00415
9/4/2021 0:00,TXN00007878,A00002722,PLC00007631,1/5/2019,2/4/2021,4/4/2021,Health,162.85,19000,William Maxwell,615 Sand Road,,Severn,MD,21144,863-60-2614,Y,45,44,Y,7,L,Rent,MI,10117462,JCED29128950041878,Bachelor,A,Total Loss,None,1,1,CA,Santa Cruz,22,AGENT00087,VNDR00008
9/4/2021 0:00,TXN00007880,A00007159,PLC00008094,26/12/2019,20/3/2021,25/3/2021,Health,194.91,13000,Sue Masters,280 Blue Moon Crossing,#604,Pooler,GA,31322,165-41-8346,Y,46,39,N,6,L,Mortgage,LI,102064973,KFHF77101921805691,High School,A,Total Loss,Ambulance,1,1,AL,Montgomery,4,AGENT00598,VNDR00553
9/4/2021 0:00,TXN00007881,A00000608,PLC00009724,1/3/2019,21/3/2021,26/3/2021,Health,106.18,17000,Brandi Lockhart,4444 Hansen Avenue,#APT 224,Fremont,CA,94536,419-81-4127,Y,46,63,Y,2,M,Mortgage,MI,122736472,HJFP00677687695007,Bachelor,A,Major Loss,Police,1,0,AZ,Glendale,11,AGENT01097,VNDR00125
9/4/2021 0:00,TXN00007893,A00003599,PLC00007447,2/8/2018,6/4/2021,6/4/2021,Health,125.35,12000,Douglas Curry,5615 West Villa Maria Drive,,Glendale,AZ,85308,500-97-4112,Y,46,24,Y,4,L,Rent,LI,66246138,AKQZ73500117962215,College,A,Total Loss,Ambulance,1,0,MA,Agawam,12,AGENT00620,VNDR00431
9/4/2021 0:00,TXN00007894,A00000423,PLC00005562,2/3/2017,27/3/2021,1/4/2021,Health,152.44,5000,Linda Carol,240 Lynwood Drive,,Montgomery,AL,36105,413-65-1290,Y,35,99,N,3,M,Own,LI,55245784,FVGJ03180065385153,Masters,A,Total Loss,Police,1,1,TN,Nashville,19,AGENT00172,VNDR00386
9/4/2021 0:00,TXN00007895,A00005626,PLC00001502,17/9/2017,21/3/2021,26/3/2021,Health,115.3,17000,Alfred Jarrett,2195 Cantelou Road,,Montgomery,AL,36108,273-74-5339,Y,43,13,Y,6,L,Rent,MI,107457310,OLOF74693505328589,Masters,A,Minor Loss,Ambulance,1,1,VT,Barre,21,AGENT01089,VNDR00498
9/4/2021 0:00,TXN00007897,A00002852,PLC00001735,13/9/2014,7/4/2021,7/4/2021,Health,180.55,13000,David Kelly,840 River Crest Court,#5,Louisville,KY,40206,002-54-9390,N,57,84,Y,7,L,Rent,MI,103783693,BTAT62110636044049,Bachelor,A,Major Loss,None,1,0,AK,Anchorage,16,AGENT00534,VNDR00262
9/4/2021 0:00,TXN00007900,A00006681,PLC00006668,11/3/2019,25/3/2021,30/3/2021,Health,129.45,10000,William Cobbins,7817 Moose Run Circle,,Anchorage,AK,99507,449-19-6794,Y,39,20,Y,6,M,Rent,LI,84003036,MCHG90836813605675,Bachelor,A,Major Loss,None,1,1,VT,Essex,14,AGENT01108,
10/4/2021 0:00,TXN00007904,A00007343,PLC00002811,7/9/2015,2/4/2021,5/4/2021,Health,197.82,10000,Andrea Stacey,425 Buckhalter Road,,Savannah,GA,31405,465-07-7797,Y,44,117,Y,2,H,Rent,MI,70618529,WWFJ15348146099098,College,A,Total Loss,Police,0,1,CA,San Leandro,21,AGENT00070,VNDR00103
10/4/2021 0:00,TXN00007909,A00003022,PLC00003963,27/1/2012,24/3/2021,29/3/2021,Health,113.61,8000,Vivian Smith,9716 South Silver Lake Road,,Fountain,FL,32438,845-20-1539,Y,38,60,N,2,M,Rent,MI,117173888,QRYH29102054493545,High School,A,Major Loss,None,1,1,OK,Oklahoma City,23,AGENT00729,VNDR00283
10/4/2021 0:00,TXN00007915,A00000810,PLC00000837,10/12/2019,21/3/2021,26/3/2021,Health,163.17,5000,Nick Galindo,9222 Sandra Grace Road,,Southport,FL,32409,548-20-3611,Y,31,79,Y,7,L,Own,HI,121849360,DGWD56385722071853,Masters,A,Minor Loss,Ambulance,1,1,MA,Springfield,18,AGENT00558,
10/4/2021 0:00,TXN00007916,A00009373,PLC00005017,27/11/2015,21/3/2021,26/3/2021,Health,173.54,13000,Eloise Brown,22618 South Figueroa Street,#22,Carson,CA,90745,125-58-3371,Y,56,41,Y,6,L,Own,HI,35646057,DOAL96397689260491,Bachelor,A,Major Loss,Police,1,1,AR,Fayetteville,13,AGENT00988,VNDR00252
10/4/2021 0:00,TXN00007918,A00007089,PLC00008425,10/8/2015,30/3/2021,4/4/2021,Health,144.2,17000,Candace Rinderer,1245 Southwest 31st Street,,Oklahoma City,OK,73109,055-46-8715,Y,48,8,Y,2,M,Rent,MI,29805668,IKFA21445570577841,Bachelor,A,Minor Loss,Ambulance,1,1,KY,Louisville,11,AGENT00450,
11/4/2021 0:00,TXN00007934,A00004345,PLC00000504,13/8/2016,10/4/2021,10/4/2021,Health,152.94,10000,Melvin Sirles,8474 Chase Drive,,Arvada,CO,80003,160-77-0932,N,36,112,Y,7,L,Own,HI,116958703,EXNI90926260559403,High School,A,Major Loss,None,1,1,AK,Anchorage,4,AGENT00322,VNDR00591
11/4/2021 0:00,TXN00007940,A00003525,PLC00001744,27/7/2010,29/3/2021,3/4/2021,Health,156.16,4000,Rhonda Mangan,7822 West Peppertree Lane,,Glendale,AZ,85303,588-32-3128,Y,33,67,Y,4,H,Mortgage,HI,63633715,RVNS26518316982910,Bachelor,A,Major Loss,Ambulance,1,0,AL,Montgomery,18,AGENT01088,
11/4/2021 0:00,TXN00007947,A00008926,PLC00002911,11/8/2014,27/3/2021,1/4/2021,Health,114.03,17000,James Garcia,6231 North 59th Avenue,#35,Glendale,AZ,85301,255-94-0074,Y,53,14,N,3,M,Rent,MI,121964960,CQFS74156501376006,MD,A,Major Loss,Ambulance,1,0,CT,Manchester,10,AGENT00834,VNDR00303
11/4/2021 0:00,TXN00007949,A00005714,PLC00004250,10/5/2019,10/4/2021,10/4/2021,Health,164.65,14000,Justin Carr,1326 U.S. 80,#403,Garden City,GA,31408,814-40-8136,N,63,106,Y,4,M,Rent,LI,109685397,ZHPO42019140027744,Bachelor,A,Minor Loss,Ambulance,1,1,CA,Livermore,15,AGENT00816,
12/4/2021 0:00,TXN00007961,A00005804,PLC00001580,23/1/2020,24/3/2021,29/3/2021,Health,137.29,14000,Raul Ressler,1803 Hickory Avenue,UNIT C,Panama City,FL,32405,794-55-6812,Y,47,94,Y,3,L,Rent,HI,61707546,PFKY45317698522347,High School,A,Minor Loss,Ambulance,1,0,GA,Savannah,3,AGENT00659,VNDR00445
12/4/2021 0:00,TXN00007963,A00004974,PLC00000225,10/6/2012,6/4/2021,8/4/2021,Health,109.27,3000,Kenneth Branham,3114 West 20th Court,,Panama City,FL,32405,213-99-6925,Y,39,107,Y,3,L,Rent,MI,48338624,USVS89280881483559,Masters,A,Total Loss,Police,1,0,GA,Savannah,4,AGENT00793,VNDR00535
12/4/2021 0:00,TXN00007967,A00001514,PLC00003483,30/11/2015,11/4/2021,11/4/2021,Health,137.44,4000,Melissa Latigo,612 E Street,,Marysville,CA,95901,803-28-4899,Y,38,64,Y,5,H,Mortgage,MI,96693311,OSMM28986822532253,High School,A,Major Loss,Ambulance,1,1,CA,Union City,20,AGENT00128,VNDR00081
12/4/2021 0:00,TXN00007974,A00002029,PLC00007299,8/8/2019,4/4/2021,7/4/2021,Health,131.18,13000,Teresa Vallejo,116 9th Street Southeast,,Washington,DC,20003,629-76-9667,Y,37,106,Y,7,H,Rent,HI,11447924,JAIB82057631365121,Bachelor,A,Major Loss,Other,0,0,AR,Fayetteville,3,AGENT00501,VNDR00283
12/4/2021 0:00,TXN00007976,A00006385,PLC00000498,17/4/2015,30/3/2021,4/4/2021,Health,160.38,11000,Mary Street,6870 West 52nd Avenue,,Arvada,CO,80002,385-19-8934,Y,55,16,Y,7,L,Rent,MI,103017961,JOXG55806837694168,College,A,Total Loss,Ambulance,1,1,CA,Fremont,18,AGENT00264,
13/4/2021 0:00,TXN00007984,A00006779,PLC00003441,28/12/2013,6/4/2021,8/4/2021,Health,120.55,18000,Cassandra Freeman,1514 Canton Avenue,,Milton,MA,2186,534-33-1227,Y,47,45,Y,7,M,Own,MI,74344475,EEHR28420126627132,Bachelor,A,Major Loss,Ambulance,1,1,VT,Chester,17,AGENT00935,VNDR00209
13/4/2021 0:00,TXN00007986,A00004815,PLC00001219,29/8/2014,31/3/2021,5/4/2021,Health,159.16,9000,Janice Reynolds,7102 North 43rd Avenue,#160,Glendale,AZ,85301,422-74-8012,Y,57,47,Y,4,M,Mortgage,MI,91781642,QXRU45283596207453,MD,A,Major Loss,Ambulance,1,1,CT,Manchester,23,AGENT00108,VNDR00315
13/4/2021 0:00,TXN00007987,A00007394,PLC00008486,6/10/2017,12/4/2021,12/4/2021,Health,137.93,8000,Barbara Longwell,2787 West Blackstone Crossing,,Fayetteville,AR,72704,193-25-6608,Y,26,86,N,3,M,Own,LI,74620393,MIEO45287026108629,High School,A,Total Loss,None,0,1,CO,Arvada,7,AGENT00456,VNDR00051
13/4/2021 0:00,TXN00007991,A00009608,PLC00009911,22/9/2010,2/4/2021,7/4/2021,Health,152.95,10000,Shirley Ellis,140 William Chambers Junior Drive,,Glen Burnie,MD,21060,084-53-9621,Y,46,105,Y,2,L,Rent,LI,66932099,ANHF12515452170996,Bachelor,A,Major Loss,Police,0,1,DC,Washington,22,AGENT00520,VNDR00156
13/4/2021 0:00,TXN00007993,A00005443,PLC00006591,5/5/2016,9/4/2021,10/4/2021,Health,192.2,3000,Robert Greer,2201 Ontario Road Northwest,,Washington,DC,20009,073-64-3184,N,58,32,Y,6,M,Mortgage,MI,72396124,DDNA44180470626742,Bachelor,A,Minor Loss,Ambulance,1,1,AK,Anchorage,5,AGENT00328,VNDR00250
13/4/2021 0:00,TXN00008013,A00001630,PLC00004741,18/7/2013,8/4/2021,9/4/2021,Health,162.71,18000,Elizabeth Anderson,819 Beazer Lane,,Nashville,TN,37013,137-55-0694,N,37,71,Y,7,M,Rent,HI,85965296,ZTZR42461005495507,MD,A,Total Loss,Police,1,0,TN,Nashville,15,AGENT00236,
14/4/2021 0:00,TXN00008016,A00006483,PLC00003857,20/6/2015,13/4/2021,13/4/2021,Health,194.48,10000,Greg Swafford,3320 Peterkin Avenue,,Anchorage,AK,99508,809-16-2887,Y,51,9,Y,4,L,Rent,MI,43072749,BLJB59622595699115,Masters,A,Major Loss,Police,1,1,GA,Savannah,1,AGENT00875,VNDR00397
14/4/2021 0:00,TXN00008017,A00009253,PLC00001430,28/6/2013,7/4/2021,9/4/2021,Health,119.77,16000,Patricia Baca,620 Oakland Avenue,,Fayetteville,AR,72701,607-74-3379,Y,28,103,Y,5,L,Rent,HI,22971858,SXKQ55384745182474,High School,A,Total Loss,Police,1,1,CA,Roseville,18,AGENT00345,
14/4/2021 0:00,TXN00008020,A00006643,PLC00002697,22/8/2010,10/4/2021,11/4/2021,Health,195.27,6000,Justin Farrar,1914 Stratford Downs Drive,,Montgomery,AL,36117,438-55-9559,Y,25,26,N,4,L,Rent,LI,73562245,DEUC66387161682609,MD,A,Minor Loss,Police,1,1,GA,Savannah,11,AGENT00119,
14/4/2021 0:00,TXN00008025,A00007241,PLC00002625,25/1/2019,12/4/2021,12/4/2021,Health,141.03,9000,John Kellerman,6802 North 67th Avenue,#19201,Glendale,AZ,85301,238-26-3045,Y,52,51,Y,4,M,Rent,LI,23317097,CEUK06772002654333,Bachelor,D,Total Loss,None,1,1,MD,Pasadena,20,AGENT00067,
14/4/2021 0:00,TXN00008029,A00002182,PLC00007525,28/3/2011,2/4/2021,7/4/2021,Health,176.17,3000,Donald Toliver,3138 P Street Northwest,,Washington,DC,20007,293-53-5302,Y,39,76,Y,4,L,Mortgage,HI,51783761,BNRS10641921882246,PhD,A,Total Loss,Ambulance,0,1,AZ,Glendale,13,AGENT00134,
15/4/2021 0:00,TXN00008038,A00001721,PLC00000911,2/8/2015,12/4/2021,12/4/2021,Health,194.94,2000,Barbara Gruis,172 Homestead Street,,Manchester,CT,6042,737-02-3891,Y,27,90,Y,6,M,Rent,MI,89252895,ALAR15723418505567,Bachelor,A,Minor Loss,Ambulance,1,0,VT,Hinesburg,23,AGENT01158,VNDR00084
15/4/2021 0:00,TXN00008040,A00004162,PLC00008957,16/12/2014,31/3/2021,5/4/2021,Health,117.44,7000,Charlene Banks,1364 Capri Drive,,Panama City,FL,32405,715-43-0147,Y,31,94,Y,3,L,Own,HI,59288792,AIOH13682192381121,Masters,A,Minor Loss,Police,1,1,OK,Bethany,3,AGENT00595,
15/4/2021 0:00,TXN00008042,A00006004,PLC00008803,17/1/2012,12/4/2021,12/4/2021,Health,147.98,18000,Thomas Witherspoon,311 Oak Street,,Manchester,CT,6040,541-95-6131,Y,56,73,Y,7,L,Own,MI,72068070,UIGT41719204109082,Bachelor,A,Total Loss,None,1,0,FL,Lynn Haven,2,AGENT00399,VNDR00420
15/4/2021 0:00,TXN00008048,A00003831,PLC00005634,16/1/2019,12/4/2021,12/4/2021,Health,139.54,19000,Bradley Martinez,6505 South Lagoon Drive,,Panama City Beach,FL,32408,723-37-9022,Y,58,27,Y,6,L,Rent,MI,71702272,ARXX25427187851480,PhD,D,Major Loss,Ambulance,1,1,MD,Laurel,9,AGENT01150,
15/4/2021 0:00,TXN00008049,A00009112,PLC00006631,7/6/2014,8/4/2021,10/4/2021,Health,132.28,15000,Peggy Mildren,68 Route 66,,,VT,5149,158-83-0681,N,64,105,Y,2,L,Mortgage,HI,23184712,ZZED60310547758808,High School,D,Minor Loss,Other,1,1,CT,Manchester,18,AGENT00737,VNDR00454
15/4/2021 0:00,TXN00008053,A00008863,PLC00003195,29/8/2010,26/3/2021,31/3/2021,Health,157.85,2000,Nathan Farnam,11 Adams Street,,Arlington,MA,2474,531-48-5869,Y,55,35,Y,4,H,Rent,HI,96441042,GGTK01149157080643,Bachelor,A,Minor Loss,Ambulance,1,1,AK,Anchorage,13,AGENT00219,VNDR00162
16/4/2021 0:00,TXN00008057,A00004340,PLC00007106,18/10/2019,10/4/2021,12/4/2021,Health,154.29,3000,Jerrie Selmer,20250 North 67th Avenue,#2143,Glendale,AZ,85308,790-54-8219,Y,26,111,Y,4,M,Rent,LI,99154349,MBXL56999149744440,High School,A,Minor Loss,Ambulance,0,0,TN,Nashville,9,AGENT00997,VNDR00560
16/4/2021 0:00,TXN00008070,A00000575,PLC00009440,7/12/2018,15/4/2021,15/4/2021,Health,134.93,20000,Edwin Moses,172 Alburg Springs Road,,Alburgh,VT,5440,394-24-0182,N,40,100,Y,5,H,Mortgage,MI,37494799,LKOW75846873633219,MD,A,Major Loss,Police,1,1,AZ,Glendale,14,AGENT00900,VNDR00318
16/4/2021 0:00,TXN00008074,A00001066,PLC00009745,8/11/2012,6/4/2021,9/4/2021,Health,176.47,17000,Ellen Rose,6534 Benton Circle,,Arvada,CO,80003,620-84-7973,Y,44,91,Y,6,M,Rent,LI,11072991,MSMY75448205696773,Bachelor,A,Minor Loss,Other,1,1,CO,Evergreen,1,AGENT00564,VNDR00010
16/4/2021 0:00,TXN00008075,A00003863,PLC00000564,19/12/2011,30/3/2021,4/4/2021,Health,109.08,17000,Joseph Pollack,6045 Camelot Court,,Montgomery,AL,36117,645-81-0985,Y,42,52,Y,7,L,Mortgage,LI,93541136,FTKT44911239893241,College,A,Minor Loss,Police,0,1,AL,Pelham,16,AGENT00961,VNDR00239
17/4/2021 0:00,TXN00008097,A00007024,PLC00007917,6/1/2011,4/4/2021,9/4/2021,Health,178.52,20000,Mark Kluender,1532 Milvia Street,R A,Berkeley,CA,94709,297-84-2696,N,38,60,Y,2,M,Own,MI,67643484,WZMJ45372786610550,High School,A,Total Loss,Ambulance,1,0,OK,Norman,19,AGENT00403,VNDR00029
17/4/2021 0:00,TXN00008100,A00004330,PLC00002867,13/6/2016,16/4/2021,16/4/2021,Health,149.21,4000,Micheal Rivard,798 Airport Road,,Panama City,FL,32405,359-23-8460,Y,63,88,Y,2,L,Own,MI,75882046,ZCXV38750693039715,Bachelor,A,Minor Loss,Police,1,1,AR,Fayetteville,14,AGENT00436,VNDR00590
18/4/2021 0:00,TXN00008111,A00008124,PLC00002293,28/7/2015,2/4/2021,7/4/2021,Health,122.16,16000,Vicki Elliott,606 Lincoln Street,,Savannah,GA,31401,340-57-3753,Y,53,26,Y,6,M,Own,HI,54391642,CDSY69306938703361,High School,A,Major Loss,Ambulance,0,1,FL,Panama City,4,AGENT00784,
18/4/2021 0:00,TXN00008113,A00001880,PLC00004916,28/11/2011,15/4/2021,15/4/2021,Health,173.96,3000,Andrew Long,732 Kevin Court,,Oakland,CA,94621,201-79-1770,N,35,45,Y,5,M,Own,MI,95138013,YPUS03647211138712,Bachelor,D,Minor Loss,Police,1,0,CA,Castro Valley,1,AGENT00671,
18/4/2021 0:00,TXN00008115,A00005179,PLC00000170,10/3/2013,16/4/2021,16/4/2021,Health,188.82,20000,Charles Wold,16463 North 60th Avenue,,Glendale,AZ,85306,182-89-4046,Y,64,43,Y,3,H,Rent,LI,123753616,BERL08089730487242,High School,A,Total Loss,Ambulance,1,1,CA,Salinas,10,AGENT01093,VNDR00571
18/4/2021 0:00,TXN00008119,A00005753,PLC00006718,6/2/2011,15/4/2021,15/4/2021,Health,114.82,10000,Chad Jackson,9904 Daniel Drive,,Louisville,KY,40118,615-79-0492,Y,35,41,Y,6,M,Own,MI,39681681,DLSW68924042108528,Bachelor,A,Total Loss,None,1,1,CO,Arvada,18,AGENT00050,
18/4/2021 0:00,TXN00008121,A00000663,PLC00005067,22/3/2012,4/4/2021,9/4/2021,Health,128.2,5000,Michael Aiken,5370 Business Park Drive,,Montgomery,AL,36116,248-95-9103,N,32,31,Y,2,L,Rent,MI,92294837,XPHD82333006866562,Bachelor,A,Total Loss,Ambulance,0,1,MD,Glen Burnie,22,AGENT00109,VNDR00242
19/4/2021 0:00,TXN00008144,A00005943,PLC00008502,20/10/2018,2/4/2021,7/4/2021,Health,175.67,9000,Linda Arroyo,720 Southwest 2nd Street,,Moore,OK,73160,243-68-9730,Y,62,17,Y,7,L,Rent,MI,72115703,HSCA09166605298961,High School,A,Minor Loss,None,1,0,AK,Anchorage,21,AGENT01186,VNDR00175
19/4/2021 0:00,TXN00008160,A00008269,PLC00001754,14/8/2011,7/4/2021,12/4/2021,Health,179.21,13000,Eric Hall,8376 Albacore Drive,,Pasadena,MD,21122,640-73-2763,Y,40,102,Y,3,L,Rent,LI,67350036,GQWU19902961874435,College,A,Minor Loss,Police,1,1,FL,Panama City Beach,22,AGENT01102,
19/4/2021 0:00,TXN00008161,A00006282,PLC00008347,21/12/2016,16/4/2021,16/4/2021,Health,159.82,2000,Antoinette Scott,302 Black Sky Lane,,Pasadena,MD,21122,062-30-8880,Y,61,110,Y,7,M,Own,HI,56621705,XGIG86173961849267,NA,A,Minor Loss,Police,1,1,AZ,Glendale,0,AGENT00790,
20/4/2021 0:00,TXN00008163,A00000756,PLC00003207,12/6/2011,9/4/2021,14/4/2021,Health,145.52,19000,Timothy Mcgrath,11933 West 71st Avenue,,Arvada,CO,80004,299-09-7695,N,50,52,Y,4,H,Mortgage,HI,67358481,BMQV53826582595290,Bachelor,A,Total Loss,Ambulance,0,1,VT,,17,AGENT01139,
20/4/2021 0:00,TXN00008165,A00006560,PLC00009341,16/1/2015,13/4/2021,15/4/2021,Health,121.82,1000,James Adkerson,312 North Cove Boulevard,,Panama City,FL,32401,545-98-6340,Y,55,23,Y,5,M,Rent,MI,77154235,XOTK71112370142776,Bachelor,A,Major Loss,Ambulance,1,1,CA,Fremont,20,AGENT00885,
20/4/2021 0:00,TXN00008170,A00007944,PLC00000943,2/5/2011,11/4/2021,14/4/2021,Health,119.25,13000,Mary Couey,649 South 41st Street,,Louisville,KY,40211,003-98-7047,N,45,87,Y,2,L,Mortgage,HI,103114204,LJIY77606566638112,Bachelor,A,Major Loss,Ambulance,1,1,OK,Oklahoma City,7,AGENT00284,VNDR00537
20/4/2021 0:00,TXN00008171,A00003469,PLC00000275,21/8/2019,6/4/2021,11/4/2021,Health,187.96,9000,John Ceraos,711 Tashanna Lane,,Southport,FL,32409,089-77-4276,Y,38,52,Y,2,L,Rent,MI,120782907,CUBG25225237982633,PhD,A,Major Loss,Ambulance,1,0,AL,Montgomery,12,AGENT00351,VNDR00180
20/4/2021 0:00,TXN00008174,A00004552,PLC00002108,10/10/2012,13/4/2021,15/4/2021,Health,182.34,13000,Virginia Moll,3404 Lakeside Drive,,Anchorage,AK,99515,389-44-0796,Y,36,64,Y,5,M,Rent,MI,68104647,KOGR72799820090019,Bachelor,A,Total Loss,None,1,1,CO,Arvada,12,AGENT00495,VNDR00412
20/4/2021 0:00,TXN00008175,A00008461,PLC00000880,27/10/2013,19/4/2021,19/4/2021,Health,171.73,4000,Anita Devito,1245 Southwest 31st Street,,Oklahoma City,OK,73109,799-54-0140,Y,39,79,Y,7,M,Own,MI,82413343,RBLS36693524259657,Bachelor,A,Total Loss,None,1,0,VT,,7,AGENT00440,VNDR00354
20/4/2021 0:00,TXN00008180,A00002356,PLC00008229,5/10/2016,16/4/2021,17/4/2021,Health,172.05,13000,Rocky Blum,4132 Carmichael Road,,Montgomery,AL,36106,517-83-7143,Y,43,59,N,5,M,Own,MI,104623574,LVDT09987539339775,Bachelor,A,Major Loss,Police,1,1,VT,Woodford,21,AGENT00694,
20/4/2021 0:00,TXN00008182,A00006053,PLC00000692,1/2/2014,16/4/2021,17/4/2021,Health,139.33,8000,Scotty Baumann,240 Lynwood Drive,,Montgomery,AL,36105,739-09-4841,Y,49,46,Y,7,L,Rent,MI,101784241,BIIG47847904461057,Bachelor,A,Total Loss,Police,1,1,FL,Mexico Beach,4,AGENT01114,
21/4/2021 0:00,TXN00008187,A00004323,PLC00008404,12/2/2018,11/4/2021,14/4/2021,Health,102.16,3000,Justin Hill,8380 West 67th Avenue,,Arvada,CO,80004,581-55-3633,Y,37,26,Y,6,M,Mortgage,LI,64493572,RGNC42712857270060,High School,A,Major Loss,Ambulance,1,0,AK,Anchorage,20,AGENT00396,
21/4/2021 0:00,TXN00008189,A00004124,PLC00006236,9/5/2016,10/4/2021,15/4/2021,Health,189.86,10000,Keith Thomas,700 Towering Oak Court,,Glen Burnie,MD,21061,423-81-8806,Y,57,92,Y,5,L,Own,LI,129601678,XWLG16322477254316,High School,A,Major Loss,Ambulance,1,1,GA,Savannah,21,AGENT00164,VNDR00370
21/4/2021 0:00,TXN00008190,A00003640,PLC00006275,15/9/2012,19/4/2021,19/4/2021,Health,165.91,2000,Mary Brockway,302 East Granada Street,,Fayetteville,AR,72703,323-89-6945,Y,49,57,Y,5,L,Mortgage,LI,89160534,FNEO99965206134882,High School,A,Total Loss,Ambulance,0,1,MD,Riva,1,AGENT00520,VNDR00122
21/4/2021 0:00,TXN00008192,A00006179,PLC00007768,13/8/2017,15/4/2021,17/4/2021,Health,144.55,17000,Maude Jordan,1983 Reidsville Street,,Annapolis,MD,21401,355-71-0564,Y,35,18,Y,7,L,Mortgage,MI,89135967,MGFN47435879322037,PhD,A,Total Loss,None,0,1,GA,Savannah,10,AGENT01051,VNDR00190
22/4/2021 0:00,TXN00008210,A00004260,PLC00001702,3/1/2011,10/4/2021,15/4/2021,Health,185.27,7000,Josephine Lopez,2619 North Quality Lane,#315,Fayetteville,AR,72703,347-70-7192,Y,32,104,Y,6,L,Rent,MI,71075569,MOIA04419900251335,College,A,Major Loss,Ambulance,1,1,MA,Cambridge,12,AGENT00388,VNDR00003
22/4/2021 0:00,TXN00008211,A00001536,PLC00002853,26/1/2014,7/4/2021,12/4/2021,Health,188.61,19000,Lillie Jones,1518 Jenks Avenue,,Panama City,FL,32405,575-63-3464,Y,51,91,Y,2,M,Rent,MI,53668376,JKZP37770669021007,High School,A,Major Loss,Police,0,1,TN,Nashville,4,AGENT00369,VNDR00003
22/4/2021 0:00,TXN00008213,A00007960,PLC00006213,21/7/2017,19/4/2021,19/4/2021,Health,117.15,14000,Maryann Mccarter,1122 McDaniel Street,,Sun City Center,FL,33573,423-69-7714,Y,39,59,N,4,M,Own,LI,30063839,JLJD69544292975806,MD,A,Total Loss,Ambulance,0,1,VT,South Burlington,18,AGENT00474,VNDR00357
22/4/2021 0:00,TXN00008217,A00003561,PLC00003382,11/7/2014,2/4/2021,7/4/2021,Health,132,12000,Maria Rahm,5378 Allison Street,#102,Arvada,CO,80002,391-07-4540,Y,30,107,Y,5,M,Rent,HI,16692703,DAIN49715184356754,High School,A,Minor Loss,Other,1,0,AR,Fayetteville,21,AGENT00013,VNDR00555
22/4/2021 0:00,TXN00008222,A00001318,PLC00008935,26/1/2013,17/4/2021,18/4/2021,Health,159.1,17000,Anthony Warthen,4607 Artelia Drive,,Nashville,TN,37013,291-78-9260,Y,37,38,Y,3,L,Mortgage,LI,32917378,HMMS20320915183090,Bachelor,A,Total Loss,Ambulance,1,1,AZ,Glendale,10,AGENT00676,
22/4/2021 0:00,TXN00008225,A00002261,PLC00005315,24/10/2014,19/4/2021,19/4/2021,Health,111.61,14000,Daniel Witt,523 10th Street,,Greeley,CO,80631,052-08-8883,N,56,89,Y,6,L,Own,LI,85580163,MOUP54137568359214,Bachelor,A,Total Loss,Police,0,1,MA,Chelsea,14,AGENT00232,VNDR00560
22/4/2021 0:00,TXN00008230,A00004837,PLC00008307,10/10/2011,14/4/2021,17/4/2021,Health,171.43,11000,Leon Hays,22 Star Farms Drive,,Manchester,CT,6040,311-55-1006,Y,63,87,Y,3,M,Mortgage,LI,17749590,LDLQ50622880384741,NA,A,Major Loss,Other,0,1,OK,Norman,12,AGENT01151,
23/4/2021 0:00,TXN00008232,A00003516,PLC00000183,15/8/2019,4/4/2021,9/4/2021,Health,100.32,4000,Eric Moss,212 Ambleside Drive,,Severna Park,MD,21146,866-37-6388,Y,55,68,Y,5,L,Own,MI,86224651,AUXQ08344704283993,Bachelor,A,Total Loss,Ambulance,1,1,VT,Newport,6,AGENT01164,VNDR00330
23/4/2021 0:00,TXN00008235,A00001423,PLC00009884,26/5/2019,22/4/2021,22/4/2021,Health,120.55,3000,Rosetta Harvey,8101 Northwind Avenue,,Anchorage,AK,99504,354-57-9443,N,26,37,Y,7,M,Mortgage,MI,13345011,VGYZ99064531809514,NA,A,Minor Loss,None,1,0,CT,Manchester,5,AGENT00307,
23/4/2021 0:00,TXN00008241,A00001332,PLC00003757,7/10/2010,13/4/2021,16/4/2021,Health,109.96,6000,Boyd Paz,1622 Edgar D Nixon Avenue,,Montgomery,AL,36104,379-06-0343,Y,58,102,Y,3,M,Rent,MI,30975422,TFYW64416646869241,Bachelor,A,Minor Loss,Police,1,0,VT,Burlington,0,AGENT00259,VNDR00051
23/4/2021 0:00,TXN00008244,A00000008,PLC00007592,16/11/2018,18/4/2021,19/4/2021,Health,146.41,13000,Suzanne Dockstader,2362 Acushnet Avenue,,New Bedford,MA,2745,543-54-9184,Y,28,6,Y,5,L,Mortgage,MI,84852148,QXZR73492463518025,Bachelor,A,Minor Loss,Other,1,1,CA,Monte Rio,17,AGENT00664,VNDR00228
23/4/2021 0:00,TXN00008248,A00007260,PLC00000954,26/9/2015,6/4/2021,11/4/2021,Health,120.5,9000,Carmen Miller,302 Tuten Avenue,,Savannah,GA,31415,126-88-8433,Y,61,103,Y,7,L,Mortgage,MI,66645195,VJDQ33005029233439,Bachelor,A,Major Loss,Police,0,0,CA,Fremont,8,AGENT00507,
23/4/2021 0:00,TXN00008252,A00003112,PLC00009192,19/9/2013,18/4/2021,19/4/2021,Health,198.34,3000,Richard Hanson,58 North Cove Road,,Burlington,VT,5408,445-77-0900,N,45,93,Y,2,M,Rent,MI,86857222,QFGR18606345087935,High School,A,Major Loss,Police,1,0,AK,Anchorage,16,AGENT00760,VNDR00530
23/4/2021 0:00,TXN00008259,A00004192,PLC00003764,12/11/2012,3/4/2021,8/4/2021,Health,106.59,3000,Lorilee Fields,7650 West 68th Avenue,#315,Arvada,CO,80004,085-76-5733,N,56,97,Y,6,M,Own,HI,69743382,UNQY19743672246730,High School,A,Minor Loss,Ambulance,1,1,FL,Panama City,6,AGENT00137,VNDR00453
23/4/2021 0:00,TXN00008262,A00008937,PLC00005945,28/11/2012,6/4/2021,11/4/2021,Health,155.86,7000,James Frazier,20 Dearborn Drive,,Manchester,CT,6042,749-96-1768,Y,42,87,Y,2,H,Own,LI,51628619,HEIN59267210470175,College,A,Minor Loss,Police,1,1,CT,Manchester,7,AGENT00214,VNDR00329
23/4/2021 0:00,TXN00008263,A00006197,PLC00004714,4/10/2014,21/4/2021,21/4/2021,Health,132.78,16000,Vicki Peiper,2505 North Hampton Court,,Fayetteville,AR,72703,239-04-9470,Y,56,82,Y,5,M,Own,MI,52676932,WQFR48085926697368,MD,A,Major Loss,Ambulance,0,1,CA,Tahoe City,3,AGENT00771,VNDR00190
23/4/2021 0:00,TXN00008265,A00008391,PLC00008877,27/10/2011,3/4/2021,8/4/2021,Health,193.84,1000,Charles Sullivan,5403 Illinois Avenue,,Nashville,TN,37209,504-12-3124,Y,35,93,Y,5,L,Mortgage,LI,99973737,MYNO00883587016021,Bachelor,A,Major Loss,Ambulance,0,1,CT,Manchester,9,AGENT00009,
23/4/2021 0:00,TXN00008266,A00002629,PLC00002173,12/7/2015,5/4/2021,10/4/2021,Health,122.56,19000,Jonathan Minnich,33 Chesapeake Mobile Court,,Hanover,MD,21076,462-54-8506,Y,33,31,Y,3,L,Rent,MI,117685800,FJEZ04666184341419,Bachelor,A,Major Loss,Other,1,0,AR,Fayetteville,20,AGENT00999,VNDR00083
24/4/2021 0:00,TXN00008268,A00007268,PLC00009648,26/1/2013,16/4/2021,19/4/2021,Health,136.22,19000,Neil Powell,1809 Cedar Drive,,Severn,MD,21144,654-28-9072,N,34,94,Y,2,H,Rent,MI,19339500,KNDG94272893545038,Masters,A,Total Loss,None,1,1,AK,Anchorage,20,AGENT00043,
24/4/2021 0:00,TXN00008269,A00004096,PLC00000999,24/12/2015,5/4/2021,10/4/2021,Health,141.78,8000,Mary Duncan,5397 Wentworth Avenue,,Oakland,CA,94601,449-43-6946,Y,29,73,Y,2,L,Rent,MI,47412622,CVJW76967920481962,NA,A,Major Loss,None,0,1,GA,Savannah,6,AGENT00135,VNDR00463
24/4/2021 0:00,TXN00008275,A00004983,PLC00002682,3/2/2017,19/4/2021,20/4/2021,Health,127.35,2000,Cheri Amini,2643 North Sierra Avenue,,Fayetteville,AR,72703,242-29-2603,Y,25,116,Y,2,M,Mortgage,MI,88009214,DAWH09402007424025,MD,A,Minor Loss,Ambulance,0,1,CO,Pueblo,5,AGENT01093,VNDR00152
24/4/2021 0:00,TXN00008276,A00006888,PLC00007867,23/7/2011,15/4/2021,18/4/2021,Health,147.73,12000,Ricky Green,1622 Edgar D Nixon Avenue,,Montgomery,AL,36104,015-92-0991,Y,46,111,N,2,L,Mortgage,MI,31321062,UCOY98182504744349,Bachelor,A,Minor Loss,Ambulance,1,1,CO,Aspen,5,AGENT00668,VNDR00423
25/4/2021 0:00,TXN00008288,A00006058,PLC00009622,27/9/2010,16/4/2021,19/4/2021,Health,175.62,2000,Edmond Luna,3402 Prestwood Drive,#5,Louisville,KY,40219,628-84-7921,Y,42,61,Y,7,L,Mortgage,HI,56922491,TOSW31133886048913,Bachelor,A,Total Loss,Ambulance,1,1,MA,Tewksbury,8,AGENT01061,VNDR00040
25/4/2021 0:00,TXN00008290,A00001557,PLC00004771,22/2/2019,24/4/2021,24/4/2021,Health,160.15,10000,James Harpe,7095 Gladiola Street,,Arvada,CO,80004,580-50-8592,Y,44,91,Y,3,L,Rent,LI,98112764,EWLG09760341901115,High School,A,Major Loss,Ambulance,1,1,DC,Washington,22,AGENT00634,
25/4/2021 0:00,TXN00008294,A00006169,PLC00002868,7/4/2018,7/4/2021,12/4/2021,Health,184.91,6000,Sandra Cornelius,1429 Harrison Avenue,,Panama City,FL,32401,882-41-2256,Y,61,112,Y,2,M,Own,MI,82446048,SUVM66484086694590,MD,A,Major Loss,Ambulance,0,1,MA,Scituate,7,AGENT00460,VNDR00126
25/4/2021 0:00,TXN00008298,A00009566,PLC00001897,11/10/2017,13/4/2021,18/4/2021,Health,110.22,20000,Harry Jahnke,10340 West 62nd Place,,Arvada,CO,80004,319-09-5286,Y,44,108,Y,2,L,Mortgage,MI,51393601,DBQD75867842492002,Masters,A,Total Loss,None,1,1,CA,Cupertino,18,AGENT00640,VNDR00354
25/4/2021 0:00,TXN00008300,A00006302,PLC00001684,25/2/2011,9/4/2021,14/4/2021,Health,165.2,6000,Joe Brady,70 Valley Road,#2,Louisville,KY,40204,446-21-0218,Y,32,106,Y,6,L,Rent,HI,76095609,CPLK51023889017417,Bachelor,A,Minor Loss,Ambulance,1,1,TN,Nashville,5,AGENT00679,VNDR00482
25/4/2021 0:00,TXN00008301,A00001394,PLC00004881,13/5/2011,16/4/2021,19/4/2021,Health,140.61,15000,Frederick Penatac,5619 Clay Place Northeast,,Washington,DC,20019,792-47-1586,Y,51,46,Y,4,H,Mortgage,MI,75299561,OMYD60486007309125,Bachelor,A,Minor Loss,Ambulance,1,0,TN,Nashville,3,AGENT01079,
26/4/2021 0:00,TXN00008305,A00003594,PLC00008351,14/3/2016,25/4/2021,25/4/2021,Health,156.36,6000,Jeffrey Brown,36 Grove Street,F,Manchester,CT,6042,307-61-3432,Y,48,103,Y,6,L,Own,LI,49567614,UASL91961175092286,High School,A,Major Loss,Other,1,1,AK,Anchorage,8,AGENT00653,VNDR00081
26/4/2021 0:00,TXN00008310,A00004608,PLC00010000,18/9/2011,25/4/2021,25/4/2021,Health,164.68,13000,Raymond Paradis,9805 Meadow Vale Drive,,Louisville,KY,40242,112-59-9671,N,43,50,Y,7,L,Mortgage,LI,64557230,YXWU77964180205023,Masters,A,Major Loss,Ambulance,1,0,TN,Nashville,15,AGENT01008,VNDR00083
26/4/2021 0:00,TXN00008314,A00004186,PLC00006776,7/9/2016,6/4/2021,11/4/2021,Health,131.44,7000,Michael Kramer,5119 West Columbine Drive,,Glendale,AZ,85304,820-69-4033,Y,32,108,Y,5,M,Rent,MI,119080513,XFAG94848696084343,Bachelor,A,Major Loss,Police,1,1,GA,Savannah,6,AGENT01139,VNDR00093
26/4/2021 0:00,TXN00008316,A00003768,PLC00000152,17/11/2017,24/4/2021,24/4/2021,Health,144.04,2000,Christia Sales,1217 Cottondale Road,,Montgomery,AL,36109,017-21-6596,Y,35,55,Y,5,M,Rent,HI,104270008,PZCH45977611653997,High School,A,Minor Loss,Police,1,1,AR,Fayetteville,15,AGENT00731,VNDR00496
26/4/2021 0:00,TXN00008317,A00000627,PLC00003269,5/12/2012,25/4/2021,25/4/2021,Health,180.52,5000,Josephine Merritt,1408 Holly Street,,Nashville,TN,37206,751-02-0677,Y,52,112,N,4,M,Own,MI,109831743,MKQS84407438676245,Bachelor,A,Major Loss,Ambulance,1,1,CA,Pleasanton,23,AGENT01138,
26/4/2021 0:00,TXN00008322,A00003428,PLC00003627,17/1/2013,18/4/2021,21/4/2021,Health,138.38,1000,Christopher Dunn,404 Dewey Street,,Woodford,VT,5201,203-69-6673,Y,25,67,Y,2,L,Own,MI,63234949,RYND68798829613293,MD,A,Total Loss,Ambulance,1,0,AL,Montgomery,4,AGENT00452,VNDR00385
26/4/2021 0:00,TXN00008329,A00001842,PLC00006221,4/6/2018,6/4/2021,11/4/2021,Health,108.52,6000,Hubert Wilson,4800 Huffman Road,,Anchorage,AK,99516,443-10-5240,N,46,43,Y,7,L,Rent,HI,35047517,VRKR12311363062954,High School,A,Minor Loss,Other,0,1,GA,Savannah,15,AGENT00115,VNDR00297
27/4/2021 0:00,TXN00008332,A00005794,PLC00008581,28/10/2011,13/4/2021,18/4/2021,Health,118.75,5000,Mae Hughes,1521 159th Avenue,,San Leandro,CA,94578,685-83-8143,Y,27,75,Y,6,L,Rent,HI,65079843,HMGA49821918370234,High School,A,Minor Loss,Police,1,0,CA,West Sacramento,2,AGENT00373,VNDR00268
27/4/2021 0:00,TXN00008340,A00009931,PLC00003919,7/10/2013,15/4/2021,20/4/2021,Health,133.92,18000,Linda Burkart,846 Allen Road,,Nashville,TN,37214,587-36-5308,Y,62,14,Y,2,L,Rent,MI,101264075,IQYJ10144727347566,High School,A,Total Loss,Ambulance,1,0,GA,Savannah,18,AGENT00070,
27/4/2021 0:00,TXN00008345,A00002556,PLC00005809,19/9/2019,23/4/2021,24/4/2021,Health,162.79,2000,Raymond Moore,6928 North 87th Lane,,Glendale,AZ,85305,011-74-7295,Y,50,107,Y,4,L,Rent,HI,38834934,RUKY22078319985843,PhD,A,Major Loss,None,0,1,CA,Mountain View,5,AGENT01003,VNDR00463
27/4/2021 0:00,TXN00008346,A00002048,PLC00000096,14/7/2016,10/4/2021,15/4/2021,Health,195.56,18000,Ralph Dawkins,11 Water Street,,Holbrook,MA,2343,836-51-2066,Y,32,37,Y,5,M,Own,MI,88772978,LDDX31841888040811,High School,A,Total Loss,Police,1,1,CT,Manchester,14,AGENT00741,VNDR00403
27/4/2021 0:00,TXN00008350,A00008037,PLC00004888,12/12/2018,21/4/2021,23/4/2021,Health,176.39,7000,Harold Gardner,3782 North Front Street,#2,Fayetteville,AR,72703,700-23-3723,Y,42,84,Y,2,H,Mortgage,MI,80989730,CMSF23251006416897,Bachelor,A,Total Loss,Police,1,1,CT,Manchester,15,AGENT00723,VNDR00008
28/4/2021 0:00,TXN00008361,A00005349,PLC00001811,19/3/2012,10/4/2021,15/4/2021,Health,168.59,4000,Melvin Seaborn,3522 Whiting Avenue,,Montgomery,AL,36105,604-88-0722,N,51,62,Y,4,M,Mortgage,LI,42683919,BLBG08880109934016,Bachelor,D,Total Loss,Ambulance,1,1,AL,Montgomery,10,AGENT01039,VNDR00141
28/4/2021 0:00,TXN00008374,A00006071,PLC00008356,20/8/2016,21/4/2021,23/4/2021,Health,103.55,3000,Rupert Miles,1518 Jenks Avenue,,Panama City,FL,32405,658-97-5933,Y,40,108,Y,5,L,Own,HI,119568404,CGDE80092773517345,Bachelor,A,Minor Loss,None,1,1,CO,Arvada,18,AGENT00290,VNDR00344
28/4/2021 0:00,TXN00008383,A00006699,PLC00005489,9/2/2016,13/4/2021,18/4/2021,Health,189.64,18000,Theresa Wise,832 51st Street Northeast,,Washington,DC,20019,298-54-9922,Y,52,107,Y,7,L,Rent,LI,105653417,UUXT70135631614860,NA,A,Minor Loss,None,1,1,AK,Anchorage,18,AGENT00738,VNDR00126
28/4/2021 0:00,TXN00008384,A00001432,PLC00009939,3/3/2016,19/4/2021,22/4/2021,Health,199.78,4000,John Gordo,208 Solitude Circle,,Goodlettsville,TN,37072,875-13-8725,Y,59,74,Y,2,L,Rent,MI,26887809,DFQZ47260517653232,Bachelor,A,Minor Loss,Police,1,1,OK,Norman,10,AGENT00169,VNDR00156
29/4/2021 0:00,TXN00008389,A00004558,PLC00004288,17/10/2010,17/4/2021,22/4/2021,Health,138.31,3000,William Slosek,5108 Franklin Street,,Savannah,GA,31405,280-12-3551,Y,36,41,Y,6,L,Own,LI,74049864,DELC83389758001316,Bachelor,A,Major Loss,Other,0,1,FL,Panama City Beach,2,AGENT00713,VNDR00312
29/4/2021 0:00,TXN00008396,A00008050,PLC00000751,5/12/2013,25/4/2021,26/4/2021,Health,186.43,16000,Richard Wheeless,6578 Marauder Drive,,Nashville,TN,37209,411-12-8547,Y,53,69,Y,4,M,Mortgage,MI,53082347,YKWX20309930131817,Masters,A,Major Loss,Police,0,1,AR,Fayetteville,0,AGENT01184,VNDR00429
30/4/2021 0:00,TXN00008405,A00000252,PLC00007258,18/1/2018,20/4/2021,23/4/2021,Health,151.42,15000,Letha Beck,2417 Becker Place,,Del City,OK,73115,361-97-2405,Y,49,112,Y,4,M,Mortgage,HI,120374315,ZDUB31587148931330,Bachelor,A,Major Loss,Ambulance,0,1,OK,Oklahoma City,11,AGENT01073,VNDR00374
30/4/2021 0:00,TXN00008412,A00001393,PLC00002251,9/7/2011,29/4/2021,29/4/2021,Health,161.81,4000,Camille Gonzales,425 Middle Turnpike East,,Manchester,CT,6040,077-21-0598,Y,35,82,Y,6,L,Own,MI,127986696,XWAY97576411122225,Bachelor,A,Major Loss,Other,1,1,FL,Panama City Beach,8,AGENT00685,
30/4/2021 0:00,TXN00008419,A00008289,PLC00001468,3/12/2016,20/4/2021,23/4/2021,Health,104.43,15000,Denis Collins,225 Claude Street,,Annapolis,MD,21401,790-06-7889,Y,25,93,Y,5,M,Mortgage,HI,59973382,WCYF53245836781811,Bachelor,A,Minor Loss,Police,0,0,CA,Bakersfield,7,AGENT00833,VNDR00473
30/4/2021 0:00,TXN00008422,A00006458,PLC00005155,17/6/2018,24/4/2021,26/4/2021,Health,174.26,10000,Jessica Hutter,1649 Timberridge Court,,Fayetteville,AR,72704,157-72-6493,Y,43,47,Y,4,L,Own,MI,111280175,PJAD60718570741441,Bachelor,A,Major Loss,Police,1,1,AL,Montgomery,5,AGENT00949,
1/5/2021 0:00,TXN00008427,A00000266,PLC00006940,2/11/2017,28/4/2021,28/4/2021,Health,148.67,4000,Charles Jones,7401 West Arrowhead Clubhouse Drive,#2031,Glendale,AZ,85308,510-15-9094,N,33,7,Y,3,M,Rent,HI,36571891,ZXJU91260154879858,College,A,Total Loss,Ambulance,1,1,AK,Anchorage,18,AGENT00076,
1/5/2021 0:00,TXN00008430,A00003528,PLC00000473,1/5/2013,16/4/2021,21/4/2021,Health,197.91,10000,Harold Rodriguez,7810 Spring Farm Pointe Place,,Prospect,KY,40059,203-85-7430,Y,49,100,Y,3,L,Own,HI,12197338,UNOM36093300645841,NA,A,Major Loss,Ambulance,1,0,VT,Wolcott,4,AGENT00298,
1/5/2021 0:00,TXN00008433,A00003035,PLC00006084,29/10/2016,17/4/2021,22/4/2021,Health,174.46,5000,Joseph Simons,1908 Peachtree Avenue,,Oklahoma City,OK,73121,453-16-7076,Y,29,77,N,7,M,Rent,MI,51430111,FZBI41547342176330,Bachelor,A,Minor Loss,Police,1,1,CT,Manchester,4,AGENT00933,
1/5/2021 0:00,TXN00008447,A00001891,PLC00003024,19/2/2014,17/4/2021,22/4/2021,Health,191.13,19000,Julian Osborne,682 Brighton Way,,Livermore,CA,94551,514-45-4133,Y,34,56,Y,2,L,Mortgage,MI,17970754,ASVC74572355907148,Bachelor,A,Major Loss,Ambulance,1,0,TN,Nashville,21,AGENT01103,
1/5/2021 0:00,TXN00008448,A00000987,PLC00002604,3/2/2018,17/4/2021,22/4/2021,Health,127,16000,Marie Moore,3526 Sutton Loop,,Fremont,CA,94536,291-14-2009,Y,28,71,Y,6,L,Mortgage,LI,43890536,KOJJ47104580894470,Masters,A,Minor Loss,Other,1,1,AL,Montgomery,11,AGENT00433,VNDR00050
2/5/2021 0:00,TXN00008452,A00005152,PLC00004663,24/4/2018,24/4/2021,27/4/2021,Health,158.11,20000,Helen Salvadore,919 Windsor Avenue,,Annapolis,MD,21403,058-69-4228,Y,38,41,Y,6,L,Mortgage,LI,112744995,FOZR63540504651921,Bachelor,A,Total Loss,Other,1,1,OK,Edmond,11,AGENT00817,VNDR00575
2/5/2021 0:00,TXN00008470,A00006882,PLC00008643,11/12/2016,19/4/2021,24/4/2021,Health,154.16,16000,Brenda Salazar,21402 Caribbean Lane,,Panama City Beach,FL,32413,668-42-3561,Y,63,84,Y,6,M,Mortgage,HI,13362395,YVKK93604213270894,Bachelor,A,Minor Loss,Police,1,1,GA,Pooler,13,AGENT01141,
3/5/2021 0:00,TXN00008476,A00001109,PLC00004527,26/11/2015,28/4/2021,29/4/2021,Health,197.82,11000,Charles Fulmer,6040 West Kings Avenue,,Glendale,AZ,85306,721-25-2445,Y,52,68,Y,2,L,Rent,MI,109556073,GRCR37270722303748,Bachelor,A,Major Loss,Ambulance,0,1,TN,Nashville,10,AGENT00849,
3/5/2021 0:00,TXN00008482,A00003755,PLC00005065,1/2/2016,22/4/2021,27/4/2021,Health,109.04,1000,Pauline Doherty,619 West 19th Avenue,,Anchorage,AK,99503,031-76-0221,N,63,51,Y,5,L,Rent,MI,16118847,XDJY81845785287709,Bachelor,D,Minor Loss,Ambulance,0,1,DC,Washington,16,AGENT00944,VNDR00427
3/5/2021 0:00,TXN00008486,A00000827,PLC00001543,2/8/2019,25/4/2021,28/4/2021,Health,129.33,4000,Hazel Ambriz,4812 Alton Place Northwest,,Washington,DC,20016,480-78-7976,N,26,31,Y,5,M,Own,MI,67529951,IMKG74272630407420,NA,A,Minor Loss,Ambulance,0,1,CA,Fairfield,15,AGENT01185,
3/5/2021 0:00,TXN00008488,A00009201,PLC00004456,13/10/2014,26/4/2021,28/4/2021,Health,117.53,17000,Michael Payton,512 Danley Court,,Nashville,TN,37013,112-64-1746,Y,39,114,Y,6,M,Mortgage,HI,63581362,LINU46624997867815,High School,A,Minor Loss,Other,1,1,AK,Anchorage,1,AGENT00779,VNDR00348
3/5/2021 0:00,TXN00008494,A00001568,PLC00004628,21/7/2017,22/4/2021,27/4/2021,Health,126.03,12000,Hazel Dowdy,8378 Cole Street,,Arvada,CO,80005,110-43-4910,Y,48,69,Y,5,M,Rent,LI,129826327,FPZU47084357005924,Masters,A,Total Loss,Police,1,1,CA,Bakersfield,21,AGENT00665,
4/5/2021 0:00,TXN00008504,A00003209,PLC00002637,29/2/2012,20/4/2021,25/4/2021,Health,127.24,19000,Linda Anderson,159 North Pawlet Road,,Pawlet,VT,5761,174-93-6901,Y,52,98,Y,7,M,Mortgage,MI,97214825,MGAA11564171537060,PhD,D,Major Loss,Ambulance,1,0,DC,Washington,0,AGENT00109,VNDR00167
4/5/2021 0:00,TXN00008521,A00005686,PLC00004697,7/8/2013,23/4/2021,28/4/2021,Health,153.42,15000,David Cobb,2500 Snowdoun Chambers Road,,Montgomery,AL,36105,287-32-7252,Y,36,110,Y,3,L,Rent,HI,120760990,BEOI71381376707667,Bachelor,A,Minor Loss,None,1,1,MA,Easthampton,13,AGENT01025,VNDR00311
5/5/2021 0:00,TXN00008523,A00002420,PLC00009572,26/11/2012,3/5/2021,3/5/2021,Health,178.19,14000,Marion Graves,171 Brickhill Circle,,Pooler,GA,31322,453-81-0336,Y,34,53,Y,5,L,Own,MI,84163523,LODI90268775738477,Masters,A,Total Loss,Police,1,1,KY,Louisville,10,AGENT00890,
5/5/2021 0:00,TXN00008531,A00001635,PLC00006412,12/11/2013,24/4/2021,29/4/2021,Health,108.9,2000,Mildred Macias,24 Haven Drive,,Savannah,GA,31406,305-88-9486,Y,28,24,Y,4,H,Own,HI,53775780,KANW06342423371703,MD,A,Total Loss,None,0,1,CA,Fremont,1,AGENT00371,
5/5/2021 0:00,TXN00008536,A00002649,PLC00001942,26/1/2018,29/4/2021,1/5/2021,Health,191.26,19000,Ellen Cover,1823 North Munchkin Lane,,Fayetteville,AR,72704,053-29-1052,Y,62,28,Y,7,L,Rent,MI,43422399,ZLMC79859673659930,PhD,D,Total Loss,Police,1,0,AK,Anchorage,18,AGENT00420,VNDR00373
6/5/2021 0:00,TXN00008541,A00009346,PLC00009623,25/2/2015,21/4/2021,26/4/2021,Health,100.84,6000,Alicia Austin,737 Nelson Road,,Ludlow,VT,5149,240-32-0259,Y,35,26,Y,7,H,Own,LI,45252389,TZGV37944787690309,MD,A,Total Loss,Police,1,1,TN,Nashville,19,AGENT01200,
6/5/2021 0:00,TXN00008547,A00004499,PLC00009972,18/6/2015,18/4/2021,23/4/2021,Health,157.84,1000,Gloria Cazares,1700 William E Summers III Avenue,#201,Louisville,KY,40211,753-55-8544,Y,27,22,Y,6,L,Mortgage,MI,50400032,HRDS26526737154784,Bachelor,A,Major Loss,None,1,1,DC,Washington,18,AGENT00582,VNDR00263
6/5/2021 0:00,TXN00008557,A00000167,PLC00004917,8/8/2013,19/4/2021,24/4/2021,Health,106.34,11000,Heidi Kradel,2375 Main Street,B,Palmer,MA,1069,775-37-7226,Y,36,18,Y,7,M,Own,LI,77466460,XAPY27452580461900,Bachelor,D,Major Loss,Ambulance,0,1,CO,Arvada,11,AGENT00332,VNDR00137
6/5/2021 0:00,TXN00008562,A00003542,PLC00006124,3/1/2016,21/4/2021,26/4/2021,Health,178.84,19000,Samuel Martin,2715 Thornbrook Court,,Odenton,MD,21113,029-32-5855,Y,64,49,Y,7,L,Rent,MI,84241940,GDUQ22947882369344,MD,A,Minor Loss,None,1,1,AK,Anchorage,10,AGENT00136,VNDR00256
7/5/2021 0:00,TXN00008574,A00008969,PLC00009550,23/6/2015,2/5/2021,3/5/2021,Health,101.94,7000,Helen Mudd,1404 James Way,,Edgewater,MD,21037,178-48-7260,Y,55,21,Y,2,H,Rent,LI,33507305,RVTD12000087858764,College,A,Major Loss,None,1,1,CO,Boulder,7,AGENT00950,VNDR00229
7/5/2021 0:00,TXN00008589,A00004575,PLC00004410,17/11/2015,18/4/2021,23/4/2021,Health,161.71,12000,Mary Cobb,20933 River Park Drive,,Anchorage,AK,99577,661-14-3424,Y,53,63,Y,4,H,Mortgage,LI,54204137,HFPL77431982557911,Masters,A,Total Loss,Other,1,1,FL,Tampa,0,AGENT00963,
8/5/2021 0:00,TXN00008597,A00004459,PLC00009765,30/1/2019,21/4/2021,26/4/2021,Health,144.12,6000,Sarah Florido,11724 Rushmore,,Oklahoma City,OK,73162,836-50-4269,Y,35,107,Y,6,M,Mortgage,LI,84710183,FSUU93258093848657,Bachelor,A,Minor Loss,Other,0,1,AK,Anchorage,22,AGENT00654,VNDR00524
8/5/2021 0:00,TXN00008603,A00004753,PLC00007155,16/10/2010,27/4/2021,2/5/2021,Health,115.37,7000,Kendra Mccarthy,4812 Alton Place Northwest,,Washington,DC,20016,384-26-9942,N,61,32,Y,2,L,Rent,MI,25187636,WQVB74555265950506,Bachelor,A,Total Loss,Police,0,0,AR,Farmington,20,AGENT00579,VNDR00081
9/5/2021 0:00,TXN00008628,A00001769,PLC00008295,19/9/2012,6/5/2021,6/5/2021,Health,144.61,3000,Ursula Gillespie,427 Gulf View Drive,,Panama City Beach,FL,32413,718-03-5640,Y,51,56,Y,3,L,Mortgage,MI,77310370,TAWP20433519873298,NA,A,Total Loss,Ambulance,0,1,VT,Wheelock,4,AGENT00083,VNDR00372
9/5/2021 0:00,TXN00008630,A00005989,PLC00006642,15/4/2017,3/5/2021,5/5/2021,Health,192.56,20000,Dave Kubicek,178 Old Homestead Road,,Danville,VT,5873,300-45-5201,N,44,109,Y,6,L,Own,HI,85389034,XYSC37237152283860,Bachelor,A,Total Loss,Ambulance,1,0,CT,Manchester,19,AGENT00883,VNDR00466
9/5/2021 0:00,TXN00008631,A00008881,PLC00003268,29/6/2016,30/4/2021,3/5/2021,Health,127.15,12000,Jesse Slade,5611 Kendall Court,#3,Arvada,CO,80002,424-34-0466,N,58,21,Y,6,L,Mortgage,MI,55330181,MMGE29924718957940,High School,A,Major Loss,None,1,1,CA,Mountain View,12,AGENT00517,
9/5/2021 0:00,TXN00008633,A00002876,PLC00009190,17/1/2011,1/5/2021,4/5/2021,Health,150.19,12000,Mike Tucker,5029 Montclair Drive,,Nashville,TN,37211,870-86-9356,Y,62,89,Y,4,M,Own,MI,39187680,UBMM07376368493638,Bachelor,A,Total Loss,Ambulance,1,1,CT,Manchester,7,AGENT00641,VNDR00351
10/5/2021 0:00,TXN00008639,A00000975,PLC00006127,29/11/2010,22/4/2021,27/4/2021,Health,181.17,19000,Carin Jackson,269 Hugh Thomas Drive,,Panama City,FL,32404,688-53-9740,N,30,9,Y,7,L,Mortgage,HI,24354486,QSVA23807778334608,Bachelor,A,Major Loss,Ambulance,0,1,CA,Berkeley,14,AGENT00485,VNDR00593
10/5/2021 0:00,TXN00008653,A00009585,PLC00000861,15/9/2013,20/4/2021,25/4/2021,Health,185.66,9000,Dorothy Spalding,7854 Webster Way,,Arvada,CO,80003,476-36-5753,Y,27,56,Y,5,H,Own,MI,74183432,OOKX91184887093150,Bachelor,A,Major Loss,Ambulance,0,0,OK,Norman,1,AGENT01013,VNDR00031
10/5/2021 0:00,TXN00008654,A00006356,PLC00000487,22/3/2016,2/5/2021,5/5/2021,Health,145.91,10000,Linda Willis,323 Southeast 23rd Street,,Oklahoma City,OK,73129,593-59-1288,N,62,46,Y,4,M,Rent,MI,98973767,DEXJ41623345431239,High School,A,Total Loss,Police,1,1,KY,Louisville,16,AGENT00217,VNDR00177
11/5/2021 0:00,TXN00008679,A00004743,PLC00002007,1/5/2013,9/5/2021,9/5/2021,Health,131.19,9000,Isabel Smith,28 Garden Drive,B,Manchester,CT,6040,764-20-6153,Y,52,104,Y,7,L,Rent,LI,44824747,YTON21908479694738,Masters,A,Major Loss,Police,0,0,CT,Manchester,23,AGENT00550,VNDR00548
11/5/2021 0:00,TXN00008681,A00001582,PLC00009831,18/2/2014,7/5/2021,8/5/2021,Health,113.35,15000,Sidney Perez,11256 Palos Verdes Court,,Cupertino,CA,95014,218-97-1276,Y,39,64,Y,6,L,Mortgage,LI,31812377,NAGJ69619012199848,Masters,A,Total Loss,None,0,0,OK,Norman,1,AGENT00427,VNDR00163
12/5/2021 0:00,TXN00008702,A00001737,PLC00002270,15/1/2011,7/5/2021,8/5/2021,Health,179.32,17000,Bobbie Butler,435 Benita Drive,,Nashville,TN,37211,384-35-4819,Y,50,47,Y,2,L,Mortgage,MI,106373848,ZASU11690805995345,Masters,A,Minor Loss,Ambulance,1,1,DC,Washington,22,AGENT00777,
12/5/2021 0:00,TXN00008704,A00000220,PLC00003721,25/7/2018,1/5/2021,6/5/2021,Health,123.85,13000,Robin Lund,8513 Pipit Court,,Montgomery,AL,36117,156-02-4106,N,47,103,Y,7,L,Rent,HI,129840280,YUCD24897330604259,College,A,Total Loss,Police,0,1,MA,Athol,0,AGENT00363,VNDR00176
13/5/2021 0:00,TXN00008715,A00008893,PLC00004451,19/5/2012,24/4/2021,29/4/2021,Health,176.23,15000,Tawana Roberts,386 Pratt Road,,,VT,5033,022-60-1081,N,33,15,Y,3,M,Own,LI,24957281,HMYR43179254512664,Bachelor,A,Total Loss,Ambulance,1,1,CT,Manchester,2,AGENT01059,VNDR00474
13/5/2021 0:00,TXN00008722,A00006203,PLC00001740,18/9/2013,6/5/2021,8/5/2021,Health,110.72,11000,Keith Burke,1701 Foster Avenue,,Panama City,FL,32405,665-93-8516,Y,43,25,Y,6,M,Mortgage,LI,116490164,WXLZ34629372626212,Bachelor,A,Major Loss,None,1,1,AK,Anchorage,2,AGENT00767,
13/5/2021 0:00,TXN00008726,A00003829,PLC00000997,24/12/2013,30/4/2021,5/5/2021,Health,194.9,5000,Donald Keller,9119 Whispering Willow Way,,Tampa,FL,33614,397-53-4992,Y,26,42,Y,5,M,Rent,LI,22982627,DOVX34905935349674,NA,A,Total Loss,None,1,0,MA,Easton,7,AGENT00206,VNDR00500
13/5/2021 0:00,TXN00008728,A00002109,PLC00006153,13/10/2011,5/5/2021,8/5/2021,Health,130.04,12000,Rodger Podbielski,409 Snook Lane,,Panama City Beach,FL,32408,203-61-4945,N,56,63,Y,2,M,Mortgage,MI,120466171,GIIJ52588242643135,Bachelor,A,Total Loss,Police,0,0,CO,Arvada,17,AGENT00303,
13/5/2021 0:00,TXN00008734,A00007945,PLC00001473,17/10/2016,7/5/2021,9/5/2021,Health,137.88,19000,Timothy Broadfoot,10802 Brickside Court,,Riverview,FL,33579,608-51-8332,Y,51,7,Y,4,L,Own,LI,51695066,KDCA31927243091213,High School,A,Total Loss,Police,1,0,CA,Madera,22,AGENT00769,
13/5/2021 0:00,TXN00008735,A00001330,PLC00001456,27/12/2013,12/5/2021,12/5/2021,Health,179,19000,Donovan Jackson,1217 Bay Street,#318-A,Tybee Island,GA,31328,575-28-3007,Y,55,65,Y,4,M,Rent,HI,42084482,WQTI25746629228356,High School,A,Major Loss,Police,1,1,AL,Montgomery,3,AGENT00192,
14/5/2021 0:00,TXN00008748,A00003102,PLC00002603,23/8/2012,2/5/2021,7/5/2021,Health,197.47,7000,Michael Hager,91 85th Avenue,,Fayetteville,AR,72704,584-25-9401,Y,35,27,Y,6,L,Own,MI,89705449,AKWZ76965498803579,College,A,Total Loss,Police,1,0,CA,Cupertino,2,AGENT00137,VNDR00584
14/5/2021 0:00,TXN00008752,A00006708,PLC00007126,15/2/2015,25/4/2021,30/4/2021,Health,149.11,12000,Heather Morris,713 East 32nd Street,,Savannah,GA,31401,230-03-3984,Y,60,15,Y,4,L,Rent,MI,106794951,XRYE04884449923539,Bachelor,A,Minor Loss,Ambulance,1,0,CA,Berkeley,13,AGENT00009,
14/5/2021 0:00,TXN00008753,A00006194,PLC00001620,28/1/2019,5/5/2021,8/5/2021,Health,142.57,6000,Amanda Koffman,3162 Martin Luther King Junior Boulevard,#2,Fayetteville,AR,72704,304-81-4080,N,58,83,Y,5,L,Own,LI,63825646,GRGK23895368866444,MD,A,Total Loss,Ambulance,1,1,CO,Arvada,23,AGENT00821,VNDR00037
14/5/2021 0:00,TXN00008760,A00005315,PLC00006242,26/4/2011,5/5/2021,8/5/2021,Health,197.76,3000,Jovita Richardson,108 East 11th Avenue,#APT 000002,Anchorage,AK,99501,720-08-0264,Y,29,88,Y,7,H,Mortgage,MI,102073540,ANHY45070401144882,Masters,A,Minor Loss,Ambulance,1,0,MD,Severn,5,AGENT00404,
15/5/2021 0:00,TXN00008765,A00009363,PLC00005397,21/4/2019,3/5/2021,8/5/2021,Health,124.82,9000,Douglas Perez,357 Chaplin Street Southeast,,Washington,DC,20019,685-25-8651,Y,29,111,Y,4,L,Mortgage,MI,34657018,ZOIW25156021306998,High School,A,Minor Loss,Police,1,1,AR,Fayetteville,23,AGENT00058,VNDR00539
15/5/2021 0:00,TXN00008768,A00008366,PLC00000883,10/6/2013,4/5/2021,9/5/2021,Health,166.52,9000,Danielle Lohr,9209 Eupora Court,,Jeffersontown,KY,40299,131-63-8804,Y,35,118,Y,4,H,Rent,LI,115396434,PHYV93218523914147,PhD,A,Total Loss,Ambulance,1,1,AR,Fayetteville,19,AGENT00349,VNDR00295
15/5/2021 0:00,TXN00008778,A00001738,PLC00009819,9/6/2018,1/5/2021,6/5/2021,Health,190.9,9000,Virgie Gordon,5144 Cattail Court,,Fayetteville,AR,72701,256-27-9551,N,28,75,Y,4,L,Rent,LI,120012282,JSTK70213340429659,Bachelor,A,Minor Loss,Ambulance,1,1,MA,Bourne,21,AGENT00094,VNDR00108
15/5/2021 0:00,TXN00008781,A00008966,PLC00007443,5/5/2011,12/5/2021,12/5/2021,Health,188.82,5000,Margarita Haynes,12 Winter Street,,Manchester,CT,6040,873-56-9927,Y,46,103,Y,6,L,Rent,LI,123243883,SVQS45019479757224,NA,A,Minor Loss,None,0,1,CA,Newark,23,AGENT01164,VNDR00377
15/5/2021 0:00,TXN00008783,A00001320,PLC00006454,23/7/2017,13/5/2021,13/5/2021,Health,191.82,10000,Jeffrey Gould,31 Ashworth Street,,Manchester,CT,6040,261-99-9288,N,41,96,Y,5,L,Mortgage,MI,36408032,UTLT96112541297950,College,A,Minor Loss,Ambulance,0,1,CA,Livermore,17,AGENT00281,VNDR00374
15/5/2021 0:00,TXN00008784,A00002552,PLC00000431,4/12/2015,2/5/2021,7/5/2021,Health,171.78,11000,Mary Davis,5611 Kendall Court,#3,Arvada,CO,80002,250-58-3712,Y,27,23,Y,3,L,Own,HI,74647169,YAJU60179657558448,Bachelor,A,Major Loss,None,1,1,AL,Montgomery,11,AGENT00229,
15/5/2021 0:00,TXN00008789,A00002025,PLC00004083,17/7/2018,28/4/2021,3/5/2021,Health,153.09,16000,Ann Crowder,45 Parsons Avenue,,Saint Albans City,VT,5478,531-19-1945,Y,62,104,Y,3,M,Rent,HI,108647323,BJFI17434843532930,College,A,Total Loss,Police,1,0,AR,Fayetteville,10,AGENT00836,VNDR00568
16/5/2021 0:00,TXN00008798,A00006852,PLC00007843,4/12/2017,5/5/2021,10/5/2021,Health,147.4,8000,Tommie Smith,982 Stonington Drive,,Arnold,MD,21012,675-35-3765,N,27,78,Y,3,M,Rent,LI,55710604,SWLQ97057958531663,NA,A,Total Loss,None,0,1,CO,Arvada,23,AGENT00439,VNDR00472
16/5/2021 0:00,TXN00008801,A00006249,PLC00006801,1/10/2013,4/5/2021,9/5/2021,Health,198.81,2000,Trevor Weitzman,145 Grau Drive,,Fremont,CA,94536,583-14-5509,Y,48,19,Y,2,L,Mortgage,MI,39285511,PROI57545057960425,Bachelor,A,Major Loss,Ambulance,1,1,AR,Fayetteville,19,AGENT01159,
16/5/2021 0:00,TXN00008803,A00001360,PLC00009460,31/12/2018,30/4/2021,5/5/2021,Health,163.7,3000,Diane Carlisle,60 Montgomery Street,#3,Springfield,MA,1151,680-73-9441,Y,29,83,N,2,M,Rent,MI,23352120,SPVD81301433576865,PhD,A,Major Loss,Ambulance,1,0,CT,Manchester,7,AGENT00334,VNDR00154
16/5/2021 0:00,TXN00008805,A00002761,PLC00002105,6/10/2019,28/4/2021,3/5/2021,Health,105.84,14000,Brandon Ward,Career Avenue,,Washington,DC,20032,773-63-4049,Y,49,115,Y,7,L,Own,MI,54751525,ISSA60451747217328,Bachelor,A,Minor Loss,Police,1,1,CT,Manchester,11,AGENT00719,VNDR00118
16/5/2021 0:00,TXN00008807,A00000672,PLC00006322,13/1/2012,14/5/2021,14/5/2021,Health,190.34,1000,Tamika Mathews,23 Cove Drive,,Savannah,GA,31419,049-25-4328,N,38,78,Y,4,H,Own,LI,110481881,QHAI44089064657531,PhD,A,Minor Loss,Ambulance,1,1,AZ,Glendale,2,AGENT00620,VNDR00543
17/5/2021 0:00,TXN00008815,A00001790,PLC00009707,24/7/2015,13/5/2021,14/5/2021,Health,176.15,15000,Carolyn Schmucker,30 Windermere Drive,,Agawam,MA,1030,324-71-4415,N,41,76,Y,4,L,Own,HI,24839943,BNXJ99992406369722,Bachelor,A,Minor Loss,Police,1,1,AK,Anchorage,12,AGENT00956,
17/5/2021 0:00,TXN00008829,A00000865,PLC00007112,11/11/2010,6/5/2021,11/5/2021,Health,153.8,5000,Michael Rodriguez,1809 Cedar Drive,,Severn,MD,21144,415-09-3412,Y,58,60,Y,2,M,Rent,LI,83444531,BCSI41443105772218,Bachelor,A,Major Loss,Police,1,1,AZ,Glendale,19,AGENT00633,VNDR00449
18/5/2021 0:00,TXN00008852,A00003889,PLC00000562,8/6/2018,11/5/2021,13/5/2021,Health,181.51,8000,Willie Hardin,23 Florida Avenue Northeast,,Washington,DC,20002,187-02-5637,Y,61,84,Y,6,M,Own,MI,17686064,PVIJ57805026198933,Bachelor,A,Total Loss,Police,0,1,GA,Pooler,21,AGENT00557,VNDR00428
18/5/2021 0:00,TXN00008855,A00008161,PLC00008199,9/10/2013,10/5/2021,13/5/2021,Health,125.14,6000,Charles Parry,319 Elderwood Court,,Annapolis,MD,21409,587-76-7542,N,26,8,Y,7,L,Mortgage,MI,40434050,VZTX57585180922591,High School,A,Minor Loss,Ambulance,1,1,AZ,Glendale,16,AGENT00195,VNDR00355
18/5/2021 0:00,TXN00008863,A00009301,PLC00002447,6/1/2018,30/4/2021,5/5/2021,Health,153.81,17000,Jennifer Quintanilla,422 Richmond Street,,El Cerrito,CA,94530,405-08-1941,N,46,68,Y,4,H,Rent,MI,42149563,DXMQ91576704694373,College,A,Minor Loss,Other,0,1,KY,Louisville,20,AGENT00588,VNDR00454
19/5/2021 0:00,TXN00008874,A00001046,PLC00003181,16/4/2016,9/5/2021,12/5/2021,Health,143.22,3000,John Noll,9209 Eupora Court,,Jeffersontown,KY,40299,401-34-2784,Y,64,80,Y,7,M,Rent,MI,97550453,JSDG95011409647717,MD,A,Minor Loss,None,0,1,AK,Anchorage,20,AGENT00919,VNDR00494
19/5/2021 0:00,TXN00008886,A00005782,PLC00009782,19/9/2016,4/5/2021,9/5/2021,Health,161.62,13000,Matthew Lee,6624 Strawberry Lane,,Louisville,KY,40214,123-99-7453,Y,53,69,Y,7,H,Own,HI,128404562,HZRX01850757942388,Bachelor,A,Major Loss,Ambulance,1,0,TN,Nashville,23,AGENT00593,VNDR00445
19/5/2021 0:00,TXN00008894,A00006333,PLC00005564,4/3/2015,12/5/2021,14/5/2021,Health,169.06,1000,Gary Snyder,5 Winslow Circle,,Pooler,GA,31322,788-72-8333,N,52,39,Y,4,L,Mortgage,MI,101619497,AHFT82809981970662,High School,A,Minor Loss,None,1,1,OK,Norman,5,AGENT00883,
20/5/2021 0:00,TXN00008899,A00002675,PLC00005328,22/7/2013,1/5/2021,6/5/2021,Health,185.01,15000,Joe Maclean,1608 Gales Street Northeast,,Washington,DC,20002,747-83-1159,Y,57,48,Y,2,L,Own,LI,18718025,CFIQ25411447472566,MD,A,Major Loss,Ambulance,0,1,FL,Panama City,20,AGENT00148,VNDR00586
20/5/2021 0:00,TXN00008902,A00002344,PLC00001841,3/10/2010,30/4/2021,5/5/2021,Health,136.58,8000,George Glynn,8398 West 62nd Place,,Arvada,CO,80004,709-59-0351,Y,43,78,Y,4,M,Mortgage,MI,39912237,CIOM12554712769911,Masters,A,Total Loss,None,1,0,MA,Millis,17,AGENT01029,VNDR00277
20/5/2021 0:00,TXN00008903,A00009026,PLC00009859,7/6/2011,15/5/2021,16/5/2021,Health,120.13,18000,Elizabeth Katechis,501 West Maple Street,#203,Fayetteville,AR,72701,260-78-8503,N,45,23,Y,4,L,Own,HI,39724933,UYNV29219141535011,Bachelor,A,Total Loss,Ambulance,1,0,AK,Anchorage,8,AGENT00448,VNDR00372
20/5/2021 0:00,TXN00008908,A00002719,PLC00003942,22/8/2012,16/5/2021,17/5/2021,Health,132.34,6000,Justin Bonds,5615 West Acoma Drive,#24,Glendale,AZ,85306,394-64-2406,Y,58,79,Y,4,H,Rent,MI,120565179,HDGZ00995842716762,Bachelor,A,Minor Loss,Police,0,1,VT,Chester,6,AGENT00747,VNDR00279
20/5/2021 0:00,TXN00008910,A00007107,PLC00001281,17/5/2018,15/5/2021,16/5/2021,Health,146.01,3000,Brandi Ney,701 West 36th Avenue,#STE 000012,Anchorage,AK,99503,013-12-7543,N,64,11,Y,4,M,Own,HI,82139245,SEJT00737122478913,Bachelor,A,Total Loss,Ambulance,0,1,AZ,Glendale,8,AGENT01110,VNDR00552
20/5/2021 0:00,TXN00008912,A00004642,PLC00006299,30/6/2019,2/5/2021,7/5/2021,Health,182.18,11000,Christopher Garcia,65 Clark Street,#2,Newton,MA,2459,843-86-7662,N,42,10,Y,2,L,Own,MI,16481927,UHKH36792621745225,College,A,Minor Loss,None,0,0,AR,Fayetteville,6,AGENT00619,
20/5/2021 0:00,TXN00008919,A00005764,PLC00002886,27/11/2018,3/5/2021,8/5/2021,Health,143.47,9000,Bertha Trotter,1361 Barret Park Way,,Montgomery,AL,36117,198-98-2514,Y,51,115,Y,6,M,Own,HI,121484725,UMGZ59389846665901,Bachelor,A,Total Loss,Police,1,0,GA,Savannah,17,AGENT00227,VNDR00256
20/5/2021 0:00,TXN00008920,A00007962,PLC00007176,20/2/2013,10/5/2021,13/5/2021,Health,161.77,7000,Christopher Hanson,3111 West Ika Lane,,Fayetteville,AR,72704,278-07-5475,Y,41,114,Y,7,M,Mortgage,MI,10654640,XIYI59859573344531,Bachelor,A,Major Loss,Police,1,1,OK,Edmond,1,AGENT00623,VNDR00318
21/5/2021 0:00,TXN00008928,A00000289,PLC00007345,16/4/2012,8/5/2021,13/5/2021,Health,151.68,7000,Eva Regan,2909 Minnesota Avenue,,Lynn Haven,FL,32444,418-14-4509,Y,45,17,Y,7,H,Rent,MI,77950895,UYSC05623891079853,High School,A,Minor Loss,Other,1,0,CA,Alameda,16,AGENT00090,VNDR00250
21/5/2021 0:00,TXN00008938,A00007913,PLC00004829,25/8/2013,7/5/2021,12/5/2021,Health,145.78,4000,Brian Cadiz,6342 Kendall Street,,Arvada,CO,80003,059-23-1233,Y,57,66,Y,3,L,Mortgage,HI,123394826,ZUVD94485760836874,College,A,Major Loss,None,1,0,CA,Fremont,10,AGENT00430,VNDR00115
21/5/2021 0:00,TXN00008939,A00005971,PLC00002066,12/10/2014,18/5/2021,18/5/2021,Health,111.49,8000,Dora Kutner,6434 Wright Street,,Arvada,CO,80004,119-62-2955,Y,34,48,Y,5,M,Rent,LI,48028154,ZVZA02681633225974,High School,A,Total Loss,Ambulance,1,0,AL,Montgomery,11,AGENT00579,
21/5/2021 0:00,TXN00008942,A00000930,PLC00002418,18/2/2016,11/5/2021,14/5/2021,Health,117.6,13000,Gloria Straton,4032 Windwood Lane,,Nashville,TN,37214,521-88-9757,Y,31,19,Y,4,L,Own,MI,99031598,IFVM87021069467911,High School,A,Major Loss,Police,1,1,CT,Groton,5,AGENT00525,
21/5/2021 0:00,TXN00008945,A00008431,PLC00006399,19/4/2011,1/5/2021,6/5/2021,Health,167.46,12000,Alberto Morel,1713 Arrow Cove Lane,,Annapolis,MD,21401,252-01-1284,Y,53,88,Y,3,L,Rent,HI,20516273,JDBH04442271646584,Bachelor,A,Major Loss,Ambulance,1,0,AZ,Glendale,17,AGENT00092,
22/5/2021 0:00,TXN00008949,A00003662,PLC00005149,31/10/2012,12/5/2021,15/5/2021,Health,126.55,9000,Janis Johnson,5813 Hammermill Loop,,Montgomery,AL,36116,857-61-0364,Y,47,58,Y,5,M,Rent,MI,70276343,AJML10418918684237,NA,A,Major Loss,Police,0,1,CT,Manchester,11,AGENT00405,VNDR00431
22/5/2021 0:00,TXN00008960,A00000062,PLC00001098,13/6/2014,7/5/2021,12/5/2021,Health,136.05,9000,Stephen Smith,4221 U.S. 5,,Burke,VT,5871,377-50-9375,Y,39,98,Y,3,M,Rent,MI,47291173,AGIC88712948126712,PhD,D,Minor Loss,None,0,1,GA,Thunderbolt,11,AGENT00357,VNDR00323
22/5/2021 0:00,TXN00008968,A00007139,PLC00004940,11/12/2012,5/5/2021,10/5/2021,Health,166.84,17000,Anthony Oneal,3415 Bog Road,,Belvidere,VT,5442,723-58-6814,Y,48,42,Y,4,L,Own,MI,19632540,LYGD88521213285377,NA,A,Major Loss,Ambulance,1,0,AK,Anchorage,21,AGENT00388,VNDR00465
22/5/2021 0:00,TXN00008969,A00002205,PLC00005137,2/4/2013,2/5/2021,7/5/2021,Health,145.79,2000,Amy Butler,210 Lacross Lane,,Westmore,VT,5860,164-72-6289,N,39,60,Y,6,H,Own,HI,81088562,ARXA03214833335697,High School,A,Total Loss,None,1,0,MA,South Hadley,6,AGENT01006,VNDR00499
22/5/2021 0:00,TXN00008976,A00005082,PLC00005549,18/1/2014,10/5/2021,15/5/2021,Health,173.94,5000,Jason Minors,179 Blue Ridge Drive,,Manchester,CT,6040,514-76-1146,N,49,117,Y,7,H,Own,HI,117221112,LJZE98856206723756,High School,A,Minor Loss,Other,1,1,CT,Manchester,17,AGENT00722,VNDR00129
23/5/2021 0:00,TXN00008982,A00000195,PLC00007013,15/6/2018,19/5/2021,20/5/2021,Health,180.16,19000,Felix Waller,816 West 19th Avenue,,Anchorage,AK,99503,484-60-8452,Y,64,6,Y,4,L,Rent,HI,19048105,PFLK47771425588632,High School,A,Minor Loss,Ambulance,1,0,FL,Mexico Beach,14,AGENT00223,VNDR00086
23/5/2021 0:00,TXN00008985,A00003146,PLC00002627,6/2/2015,19/5/2021,20/5/2021,Health,107.83,15000,Pamela Silkwood,218 Oleander Drive,,Panama City Beach,FL,32413,063-46-0570,Y,49,31,Y,6,M,Own,LI,41482409,SQLS74306541795180,High School,A,Major Loss,Police,1,1,MA,Winchester,5,AGENT00697,
23/5/2021 0:00,TXN00008986,A00001698,PLC00008812,8/5/2018,19/5/2021,20/5/2021,Health,143.26,19000,Laura Pittman,1414 West 7th Avenue,#APT 000002,Anchorage,AK,99501,309-69-8135,Y,25,104,Y,4,H,Own,LI,12328385,SDQY65166727554011,Bachelor,A,Total Loss,Police,0,1,AZ,Glendale,17,AGENT00641,VNDR00092
23/5/2021 0:00,TXN00008992,A00006999,PLC00007174,21/8/2010,17/5/2021,19/5/2021,Health,153.72,7000,Marian Carlson,109 Cambridge Station Road,,Louisville,KY,40223,182-51-2603,Y,54,117,Y,7,L,Mortgage,LI,68008303,NVXH92245303583567,Masters,A,Major Loss,Police,1,1,DC,Washington,18,AGENT00053,VNDR00034
23/5/2021 0:00,TXN00008998,A00006901,PLC00007579,10/8/2017,14/5/2021,17/5/2021,Health,185.56,16000,Billy Jaudon,4455 West 61st Place,,Arvada,CO,80003,227-50-6852,Y,51,46,Y,4,H,Mortgage,HI,88451493,KKDS34595163586310,Masters,A,Minor Loss,Other,0,0,DC,Washington,19,AGENT00948,VNDR00510
23/5/2021 0:00,TXN00009000,A00007840,PLC00004972,2/5/2016,7/5/2021,12/5/2021,Health,114.51,10000,Jasmine Taylor,235 17th Street Southeast,,Washington,DC,20003,670-26-4845,N,53,83,Y,3,L,Mortgage,MI,33217129,XACO89325205537092,Bachelor,A,Minor Loss,Ambulance,1,1,GA,Savannah,19,AGENT01041,VNDR00336
24/5/2021 0:00,TXN00009005,A00005882,PLC00005673,25/8/2011,22/5/2021,22/5/2021,Health,154.58,20000,Thomas Austin,11117 Stonehedge Drive,,South Burlington,VT,5403,389-19-8157,Y,61,77,Y,3,M,Own,HI,80571407,DOCK24569775713091,College,A,Total Loss,None,1,1,AL,Montgomery,14,AGENT00686,VNDR00239
24/5/2021 0:00,TXN00009006,A00006120,PLC00001049,21/3/2015,12/5/2021,17/5/2021,Health,143.03,4000,Jonathan Espinoza,7450 Wade Circle,,Anchorage,AK,99518,712-57-8079,Y,45,19,N,4,L,Own,MI,71584005,FKFP09414690130572,Bachelor,A,Major Loss,Other,0,1,MD,Severn,17,AGENT00157,
24/5/2021 0:00,TXN00009010,A00004695,PLC00002817,9/7/2013,12/5/2021,17/5/2021,Health,188.42,4000,Woodrow Turner,3313 Daisy Trail,,Nashville,TN,37013,787-08-4495,N,32,59,Y,5,M,Own,LI,21386004,GQOO20148620282809,Bachelor,A,Major Loss,Ambulance,1,1,AL,Montgomery,16,AGENT00307,
24/5/2021 0:00,TXN00009011,A00003186,PLC00002952,11/2/2016,12/5/2021,17/5/2021,Health,148.41,17000,Eleanore Roper,4300 Soquel Drive,##71,Soquel,CA,95073,211-79-7358,Y,40,55,Y,4,L,Own,MI,125997506,ZLFT04864560502827,Bachelor,A,Minor Loss,Police,0,0,GA,Calhoun,13,AGENT00278,VNDR00215
24/5/2021 0:00,TXN00009012,A00002332,PLC00007075,11/9/2011,8/5/2021,13/5/2021,Health,151.64,18000,Jonathan Easley,6276 Devinney Circle,,Arvada,CO,80004,760-17-7622,Y,61,15,Y,6,M,Own,MI,31611882,CGGY66542917352115,Bachelor,A,Minor Loss,Ambulance,1,1,AK,Anchorage,2,AGENT00272,VNDR00273
24/5/2021 0:00,TXN00009013,A00003715,PLC00004654,29/2/2016,20/5/2021,21/5/2021,Health,142.29,2000,Amy Jobst,2909 Minnesota Avenue,,Lynn Haven,FL,32444,788-73-7554,Y,50,18,Y,7,H,Own,LI,48473547,YUAO04762294710798,College,A,Total Loss,Police,1,0,CA,Tollhouse,4,AGENT01002,
24/5/2021 0:00,TXN00009014,A00003607,PLC00002745,2/12/2016,8/5/2021,13/5/2021,Health,105.15,4000,Jamie Carlson,3718 Bay Tree Road,,Lynn Haven,FL,32444,871-88-6967,Y,34,64,N,5,M,Mortgage,LI,48920935,LOHU83870697104202,College,A,Total Loss,None,0,0,KY,Louisville,0,AGENT00724,
24/5/2021 0:00,TXN00009015,A00009971,PLC00003104,25/10/2017,21/5/2021,21/5/2021,Health,150.74,4000,Wanda Cessna,6717 North 59th Avenue,,Glendale,AZ,85301,601-17-1189,Y,48,38,Y,6,L,Own,LI,57249209,VIAM67127570746272,High School,A,Major Loss,Ambulance,1,1,CA,Woodland,11,AGENT00798,VNDR00313
24/5/2021 0:00,TXN00009016,A00002134,PLC00006250,15/1/2016,17/5/2021,19/5/2021,Health,111.25,15000,Stanley Grimes,65 Arcellia Drive,,Manchester,CT,6042,898-55-8865,Y,40,43,Y,2,M,Rent,LI,47975473,VFBU70934684584224,High School,A,Major Loss,None,1,1,AK,Anchorage,16,AGENT00999,VNDR00286
24/5/2021 0:00,TXN00009017,A00000788,PLC00001540,3/6/2015,14/5/2021,17/5/2021,Health,195.07,4000,Paula Martin,8505 Waters Avenue,#66,Savannah,GA,31406,133-08-6486,Y,53,10,Y,2,M,Rent,MI,121728821,PCCO75548710760368,College,A,Minor Loss,Ambulance,0,0,AZ,Glendale,0,AGENT00178,
24/5/2021 0:00,TXN00009023,A00009856,PLC00005055,24/6/2014,22/5/2021,22/5/2021,Health,108.85,1000,Ruben Hale,702 East 53rd Street,,Savannah,GA,31405,063-63-6021,Y,31,112,Y,3,M,Own,HI,57514264,NMBB26196558701027,Bachelor,A,Major Loss,Ambulance,0,0,AK,Anchorage,21,AGENT00447,VNDR00129
24/5/2021 0:00,TXN00009030,A00008277,PLC00000324,26/7/2014,8/5/2021,13/5/2021,Health,173.68,9000,Harvey Laduke,111 Lakeview Terrace,,Lynn Haven,FL,32444,699-70-2826,Y,39,72,Y,2,L,Rent,LI,111714777,QPXO42782349184934,High School,A,Total Loss,None,1,1,GA,Savannah,22,AGENT00665,VNDR00154
25/5/2021 0:00,TXN00009035,A00009419,PLC00005670,20/1/2016,5/5/2021,10/5/2021,Health,170.49,20000,Jerry Bulson,2162 Mulberry Hill Road,,Annapolis,MD,21409,369-09-0664,Y,48,119,Y,2,M,Mortgage,LI,121225285,AHRC31711887232536,Bachelor,A,Total Loss,Ambulance,1,0,OK,Oklahoma City,5,AGENT00069,VNDR00301
25/5/2021 0:00,TXN00009036,A00004074,PLC00002549,21/12/2013,6/5/2021,11/5/2021,Health,183.27,17000,Tiffanie Holland,832 51st Street Northeast,,Washington,DC,20019,025-51-4844,Y,28,41,Y,2,L,Rent,LI,25437043,MPWK10270482600046,High School,A,Major Loss,Police,1,1,GA,Bloomingdale,3,AGENT00810,
26/5/2021 0:00,TXN00009066,A00007893,PLC00002276,4/6/2010,18/5/2021,21/5/2021,Health,165.56,1000,Debra Taylor,6911 Steven Road,,Panama City,FL,32404,201-16-3057,N,45,95,Y,6,H,Mortgage,MI,65577785,DYDM52729948476303,High School,A,Major Loss,Ambulance,1,1,AK,Anchorage,4,AGENT00079,VNDR00505
26/5/2021 0:00,TXN00009080,A00002554,PLC00001328,7/2/2014,12/5/2021,17/5/2021,Health,186.87,2000,Trevor Cordero,5228 North 70th Avenue,,Glendale,AZ,85303,570-56-7466,Y,25,39,Y,4,M,Rent,MI,89152199,SGYF95440442417901,Bachelor,A,Minor Loss,Police,1,1,MA,Hingham,12,AGENT00134,
27/5/2021 0:00,TXN00009095,A00003017,PLC00002249,30/12/2017,15/5/2021,20/5/2021,Health,169.48,1000,Julia Ungerecht,12870 Old Seward Highway,#STE 000105,Anchorage,AK,99515,863-20-8012,Y,33,59,Y,5,L,Own,MI,48004592,FUEL91663159260697,Bachelor,A,Minor Loss,Ambulance,1,1,TN,Nashville,17,AGENT00238,
27/5/2021 0:00,TXN00009096,A00003224,PLC00000060,5/3/2012,19/5/2021,22/5/2021,Health,160.26,14000,Michael Robinson,55620 Jolon Road,,King City,CA,93930,244-43-9966,Y,63,65,Y,2,H,Own,HI,101908742,EXAK25680333202297,MD,D,Total Loss,Police,0,0,FL,Lynn Haven,22,AGENT00526,VNDR00434
27/5/2021 0:00,TXN00009098,A00009606,PLC00006877,29/1/2018,11/5/2021,16/5/2021,Health,112.69,7000,Robert Marinez,1797 Pasatiempo Drive,,Chico,CA,95928,216-84-2933,N,50,97,Y,5,M,Own,MI,112772323,CVIW71813315580621,Bachelor,A,Major Loss,Police,1,0,GA,Savannah,9,AGENT00475,VNDR00590
27/5/2021 0:00,TXN00009106,A00002787,PLC00007133,31/12/2010,11/5/2021,16/5/2021,Health,165.43,10000,William Morris,211 West Oak Street,#519,Louisville,KY,40203,855-05-1581,N,61,59,Y,4,L,Own,MI,49847046,FHJK21618963398916,Bachelor,A,Minor Loss,Police,1,1,CT,Manchester,10,AGENT00558,
27/5/2021 0:00,TXN00009114,A00008816,PLC00001082,3/1/2018,20/5/2021,22/5/2021,Health,181.28,20000,Edward Petty,4738 Mallard Common,,Fremont,CA,94555,399-72-5213,N,29,113,Y,6,M,Mortgage,MI,84044079,PQVY00033107346828,Masters,A,Minor Loss,Ambulance,0,0,FL,Panama City,22,AGENT00423,VNDR00261
28/5/2021 0:00,TXN00009119,A00002611,PLC00003966,3/5/2011,25/5/2021,25/5/2021,Health,175.65,2000,Rose Gant,6739 Taft Court,,Arvada,CO,80004,272-30-5439,N,46,42,Y,7,L,Mortgage,MI,34976595,DFWP61100673311372,High School,A,Major Loss,Police,0,1,CO,Arvada,14,AGENT00494,VNDR00156
28/5/2021 0:00,TXN00009137,A00002342,PLC00002181,31/10/2019,18/5/2021,21/5/2021,Health,106.24,6000,Richard Rodriguez,643 Farragut Street Northwest,,Washington,DC,20011,689-70-3793,N,43,48,Y,4,L,Mortgage,MI,38952405,WULV11338957275249,High School,A,Total Loss,None,1,1,MA,Wakefield,9,AGENT00320,VNDR00204
28/5/2021 0:00,TXN00009138,A00004548,PLC00008291,24/4/2017,20/5/2021,23/5/2021,Health,118.17,5000,Keith Pacheco,7645 Marshall Street,,Arvada,CO,80003,617-53-6101,Y,50,7,Y,6,L,Mortgage,MI,125207209,WKZZ71348143227708,MD,A,Total Loss,None,0,0,OK,Oklahoma City,14,AGENT00191,VNDR00535
29/5/2021 0:00,TXN00009154,A00004214,PLC00000322,4/9/2019,27/5/2021,27/5/2021,Health,161.37,18000,Dustin Howland,44 Downey Drive,,Manchester,CT,6040,488-42-3196,Y,37,14,Y,2,L,Mortgage,MI,111217274,PSNI39060105615292,Bachelor,A,Total Loss,Police,1,1,DC,Washington,2,AGENT00761,VNDR00521
29/5/2021 0:00,TXN00009155,A00001716,PLC00003180,19/5/2016,19/5/2021,22/5/2021,Health,109.26,4000,Jose Knapp,1417 Stoneykirk Road,,Pelham,AL,35124,418-70-9452,Y,29,93,Y,3,L,Mortgage,HI,30516496,KIEU75217747126823,Bachelor,A,Total Loss,Ambulance,0,0,FL,Panama City,2,AGENT00244,
29/5/2021 0:00,TXN00009160,A00009119,PLC00006358,24/12/2012,16/5/2021,21/5/2021,Health,159.47,13000,Robert Rocha,145 Saint John Street,,Manchester,CT,6040,856-65-5837,Y,54,38,Y,6,L,Mortgage,LI,25684922,SZFY76854174400270,High School,A,Major Loss,Ambulance,1,1,CO,Arvada,2,AGENT00390,VNDR00119
30/5/2021 0:00,TXN00009166,A00000476,PLC00002126,20/3/2018,12/5/2021,17/5/2021,Health,134.29,20000,Alejandra Adams,940 Ironwood Drive,,Montgomery,AL,36117,112-31-1770,Y,30,24,N,3,L,Rent,MI,117347847,QWQQ07756235041861,College,D,Minor Loss,Police,0,1,DC,Washington,16,AGENT00115,
30/5/2021 0:00,TXN00009171,A00002816,PLC00004982,1/8/2012,15/5/2021,20/5/2021,Health,147.07,3000,Santos Osborne,1122 McDaniel Street,,Sun City Center,FL,33573,556-46-0487,Y,56,21,Y,5,M,Own,MI,73272755,BSLS44593863821749,High School,A,Major Loss,None,1,1,CA,Tahoe City,18,AGENT00507,VNDR00472
30/5/2021 0:00,TXN00009177,A00001888,PLC00000228,14/6/2012,23/5/2021,25/5/2021,Health,152.9,12000,Tyler Alvarez,6514 West Golden Lane,,Glendale,AZ,85302,233-79-1180,Y,27,33,Y,2,M,Own,HI,69596649,UFMY48345100321930,High School,A,Major Loss,None,1,0,KY,Louisville,21,AGENT00434,VNDR00450
30/5/2021 0:00,TXN00009179,A00001081,PLC00000458,11/3/2013,21/5/2021,24/5/2021,Health,170.11,13000,Robin Bowie,144 Lauderdale Street,,Montgomery,AL,36116,446-15-1884,Y,42,80,Y,5,L,Rent,HI,63243833,XXIK40627377060365,Masters,A,Minor Loss,None,0,0,FL,Panama City,13,AGENT00131,
30/5/2021 0:00,TXN00009180,A00004110,PLC00003876,15/10/2017,21/5/2021,24/5/2021,Health,160.97,15000,Jeremy Cook,812 Southwest 151st Street,,Oklahoma City,OK,73170,527-41-3617,Y,25,55,Y,5,L,Rent,MI,99379881,HVYL54014368160211,Bachelor,A,Total Loss,None,0,0,MA,Reading,3,AGENT00789,VNDR00533
30/5/2021 0:00,TXN00009186,A00002604,PLC00003834,13/9/2016,18/5/2021,23/5/2021,Health,168.24,8000,Sherrie Mckissick,430 Cornish Drive,,Nashville,TN,37207,170-42-2864,N,25,109,Y,3,M,Own,LI,106105236,IXQN35738329806592,NA,A,Major Loss,Police,1,0,MD,Glen Burnie,18,AGENT00016,VNDR00588
31/5/2021 0:00,TXN00009195,A00005442,PLC00005304,3/1/2017,26/5/2021,27/5/2021,Health,193.49,5000,Beth Hickman,8642 Yule Street,,Arvada,CO,80007,065-82-8746,Y,41,72,Y,2,L,Rent,LI,97509970,SZSN39510426005258,MD,A,Total Loss,Police,1,1,KY,Louisville,9,AGENT00950,
31/5/2021 0:00,TXN00009201,A00008041,PLC00002192,1/6/2010,14/5/2021,19/5/2021,Health,148.99,14000,Jamie Crisp,210 Lacross Lane,,Westmore,VT,5860,878-50-2946,N,38,13,Y,5,L,Mortgage,MI,74362143,ZIIW30484599768310,NA,A,Major Loss,Ambulance,0,1,MD,Arnold,19,AGENT01171,VNDR00057
31/5/2021 0:00,TXN00009202,A00004941,PLC00003997,14/7/2011,24/5/2021,26/5/2021,Health,110.11,13000,Rudy Robinson,10001 Pheasant Lane,,Oklahoma City,OK,73162,735-80-6604,N,62,8,Y,4,H,Rent,MI,112872854,UKYW14995145755303,High School,A,Major Loss,Ambulance,1,0,MD,Glen Burnie,3,AGENT00818,
31/5/2021 0:00,TXN00009206,A00008155,PLC00004187,9/6/2018,12/5/2021,17/5/2021,Health,122.66,2000,Stephanie Rhodes,8219 Minor Lane,#9,Louisville,KY,40219,101-30-3330,Y,31,95,Y,7,L,Rent,MI,87874929,KXAN27726658232151,High School,A,Minor Loss,Ambulance,1,1,AR,Fayetteville,13,AGENT00131,VNDR00278
31/5/2021 0:00,TXN00009216,A00006698,PLC00001730,7/6/2010,21/5/2021,24/5/2021,Health,147.35,14000,William Perryman,7027 West Phelps Road,,Peoria,AZ,85382,403-72-3860,Y,47,26,Y,2,M,Rent,HI,94232758,OGPZ33104513098259,NA,A,Total Loss,Police,1,1,AK,Anchorage,3,AGENT00398,VNDR00045
1/6/2021 0:00,TXN00009219,A00002184,PLC00007907,20/9/2017,30/5/2021,30/5/2021,Health,140.12,19000,Patricia Buenrostro,105 Courtland Drive,,Montgomery,AL,36105,857-73-0632,N,44,18,Y,7,M,Own,MI,31491785,CJTE40411720976144,College,A,Major Loss,Other,1,1,TN,Nashville,23,AGENT00222,
1/6/2021 0:00,TXN00009223,A00003046,PLC00000299,26/1/2013,27/5/2021,28/5/2021,Health,160.58,20000,Barbara Gangler,2209 East Manor Drive,,Fayetteville,AR,72701,603-49-0373,Y,44,64,Y,4,M,Rent,HI,18565113,PFVU84715243291835,College,A,Total Loss,Police,1,1,CO,Arvada,14,AGENT01192,
2/6/2021 0:00,TXN00009245,A00000959,PLC00009231,2/3/2015,14/5/2021,19/5/2021,Health,184.63,8000,Bula Sanchez,1516 Ringe Drive,,Severn,MD,21144,115-40-7705,Y,52,56,Y,2,L,Rent,MI,113132933,EQFI16386395851256,Masters,A,Major Loss,Ambulance,0,0,CT,Manchester,23,AGENT00857,
2/6/2021 0:00,TXN00009247,A00003086,PLC00008524,9/5/2015,1/6/2021,1/6/2021,Health,191.1,13000,Pamela Wunderlich,108 East 11th Avenue,#APT 000002,Anchorage,AK,99501,600-83-0133,Y,32,93,Y,3,M,Mortgage,LI,117212422,JJWE07650620327701,High School,A,Total Loss,Police,1,1,CT,Manchester,1,AGENT00661,VNDR00197
2/6/2021 0:00,TXN00009249,A00009099,PLC00009811,21/10/2012,20/5/2021,25/5/2021,Health,168.42,10000,Joseph Wing,3601 South Portland Avenue,,Oklahoma City,OK,73119,154-06-3869,N,43,91,Y,3,M,Mortgage,MI,14677775,PVAX84721700245377,Bachelor,A,Major Loss,Other,1,1,CO,Arvada,11,AGENT00948,VNDR00575
2/6/2021 0:00,TXN00009250,A00008901,PLC00007580,8/10/2018,29/5/2021,30/5/2021,Health,176.47,14000,Lula Simmons,36 Grove Street,F,Manchester,CT,6042,380-92-1160,N,43,44,Y,5,L,Own,HI,120185300,NWRQ44604108223423,Bachelor,A,Total Loss,Police,1,1,TN,Nolensville,20,AGENT00170,VNDR00203
2/6/2021 0:00,TXN00009253,A00006095,PLC00005788,10/5/2017,31/5/2021,31/5/2021,Health,198.68,20000,Hugh Brinson,6622 West Altadena Avenue,,Glendale,AZ,85304,267-15-6363,Y,50,101,Y,6,H,Own,LI,109922021,OXAV27453346429066,High School,A,Major Loss,Ambulance,1,1,CA,San Jose,21,AGENT00600,VNDR00538
2/6/2021 0:00,TXN00009259,A00002648,PLC00008070,25/9/2012,31/5/2021,31/5/2021,Health,199.92,13000,Monique Banks,1013 Balboa Avenue,#A,Capitola,CA,95010,848-06-0169,Y,37,63,Y,7,M,Own,MI,109529916,TSGZ85209146930443,Masters,A,Total Loss,None,1,0,VT,Barre,9,AGENT00476,VNDR00214
2/6/2021 0:00,TXN00009261,A00001674,PLC00009675,2/9/2010,15/5/2021,20/5/2021,Health,136.56,11000,Elizabet Kranawetter,42 Adams Road,#45,Greenfield,MA,1301,564-35-0504,Y,61,94,Y,2,L,Own,LI,110642222,XXZW06642384676677,Bachelor,A,Minor Loss,Ambulance,1,0,CT,Manchester,22,AGENT01070,VNDR00132
2/6/2021 0:00,TXN00009262,A00004990,PLC00000818,14/1/2016,16/5/2021,21/5/2021,Health,153.78,9000,Lillie Brinton,1311 Durrett Lane,,Louisville,KY,40213,407-71-0434,N,55,54,Y,2,L,Rent,LI,40619859,YUHU58260088879131,Bachelor,A,Total Loss,None,1,1,CO,Arvada,4,AGENT00847,VNDR00477
3/6/2021 0:00,TXN00009274,A00006518,PLC00009315,26/6/2016,15/5/2021,20/5/2021,Health,121.16,6000,Wanda Krick,2040 Innes Circle,,Anchorage,AK,99515,630-32-2322,Y,38,34,Y,2,M,Own,MI,13331915,PJOP66526701101424,High School,A,Major Loss,Ambulance,1,0,AZ,Glendale,14,AGENT00635,VNDR00134
3/6/2021 0:00,TXN00009278,A00009764,PLC00005284,6/8/2015,15/5/2021,20/5/2021,Health,108.98,14000,Michelle Hope,525 Middle Turnpike West,,Manchester,CT,6040,370-07-8910,Y,25,21,Y,4,M,Mortgage,HI,107719485,WAEZ40574892780527,Bachelor,D,Minor Loss,Ambulance,1,1,AL,Montgomery,16,AGENT00076,VNDR00364
3/6/2021 0:00,TXN00009284,A00004249,PLC00007743,9/3/2018,18/5/2021,23/5/2021,Health,180.03,20000,Douglas Grinage,3604 West Market Street,,Louisville,KY,40212,749-42-1799,Y,59,69,Y,7,L,Rent,LI,72238567,IWIB71721226949002,High School,A,Minor Loss,Police,1,0,AL,Montgomery,4,AGENT00888,VNDR00003
3/6/2021 0:00,TXN00009293,A00006934,PLC00000563,6/10/2010,30/5/2021,31/5/2021,Health,170.43,6000,Kenneth Dishong,1405 Tolkien Drive,,Conway,AR,72034,273-37-4976,Y,52,97,Y,4,M,Mortgage,MI,104831117,HQYT98995032774444,Bachelor,A,Minor Loss,Police,1,1,CT,Manchester,12,AGENT00873,VNDR00410
3/6/2021 0:00,TXN00009299,A00006726,PLC00003137,12/3/2016,17/5/2021,22/5/2021,Health,192.38,5000,Fred Whitehead,8785 Ellis Court,,Arvada,CO,80005,465-31-3815,Y,38,100,Y,6,M,Own,LI,22893091,ZALD01834479401195,Bachelor,A,Total Loss,Ambulance,1,1,AK,Anchorage,18,AGENT01006,VNDR00066
3/6/2021 0:00,TXN00009300,A00007613,PLC00004056,20/5/2017,24/5/2021,27/5/2021,Health,113.36,3000,Pamela Lewis,1600 West 11th Avenue,#APT 000028,Anchorage,AK,99501,827-17-8208,N,32,9,Y,6,M,Rent,HI,114235664,LQGX10358569115832,High School,A,Major Loss,Ambulance,0,1,AZ,Glendale,4,AGENT00326,VNDR00448
4/6/2021 0:00,TXN00009310,A00000477,PLC00007242,24/11/2010,23/5/2021,28/5/2021,Health,169.2,18000,John Knickrehm,1909 Seventh Street,M,Berkeley,CA,94710,885-58-5308,Y,29,103,Y,7,L,Rent,MI,65734654,OHFK00293737625644,Masters,A,Major Loss,Ambulance,1,1,CA,Berkeley,16,AGENT00271,
4/6/2021 0:00,TXN00009317,A00005945,PLC00006047,7/1/2020,15/5/2021,20/5/2021,Health,137.7,18000,Jean Schultz,172 Chestnut Street,,Lynn,MA,1902,085-89-0842,Y,28,66,Y,7,L,Mortgage,LI,10516681,UTPR83653931005855,Bachelor,A,Major Loss,Ambulance,1,1,FL,Panama City,17,AGENT00888,
4/6/2021 0:00,TXN00009319,A00009695,PLC00009920,4/8/2014,19/5/2021,24/5/2021,Health,139.9,8000,Tyler Nichols,3810 Camp Ground Road,#8,Louisville,KY,40211,222-16-7846,Y,61,26,Y,2,L,Rent,LI,35107240,JNGB33341812379080,Bachelor,A,Minor Loss,Ambulance,1,1,AK,Anchorage,11,AGENT00872,VNDR00054
4/6/2021 0:00,TXN00009325,A00007551,PLC00006031,23/10/2016,1/6/2021,1/6/2021,Health,134.98,9000,Jenny Simmons,2560 Michigan Court,,Panama City,FL,32405,565-19-5463,Y,45,35,N,3,L,Mortgage,LI,59808855,OZYK97846733149685,NA,A,Minor Loss,Ambulance,0,1,VT,Moretown,20,AGENT00802,
4/6/2021 0:00,TXN00009330,A00005858,PLC00000552,12/11/2015,2/6/2021,2/6/2021,Health,146.14,6000,Dennis Jones,6081 Jay Street,,Arvada,CO,80003,079-30-5194,Y,32,79,Y,5,L,Mortgage,LI,74380691,LSQX16588802221901,Bachelor,A,Major Loss,Police,1,0,AK,Anchorage,21,AGENT00603,VNDR00252
4/6/2021 0:00,TXN00009331,A00002749,PLC00007662,13/10/2010,19/5/2021,24/5/2021,Health,194.17,4000,Viola Coppin,2713 Mitscher Road,,Washington,DC,20373,363-27-5043,Y,53,81,Y,3,L,Own,MI,111576821,MOUU83862664067507,Bachelor,A,Major Loss,Ambulance,0,1,KY,Louisville,16,AGENT00351,VNDR00275
5/6/2021 0:00,TXN00009334,A00009757,PLC00008325,19/6/2015,1/6/2021,2/6/2021,Health,153.29,19000,Henry Fitzpatrick,3762 Royalton Turnpike,,Barnard,VT,5068,415-02-9622,Y,56,7,Y,7,H,Mortgage,MI,98558629,IMPO40188211608481,Bachelor,A,Minor Loss,Ambulance,1,1,AL,Montgomery,9,AGENT00307,
5/6/2021 0:00,TXN00009352,A00004461,PLC00005894,30/12/2013,31/5/2021,1/6/2021,Health,151.54,17000,Jill White,6941 West 87th Way,,Arvada,CO,80003,557-33-4796,Y,49,31,Y,2,M,Own,LI,54396870,CFJZ44473775404816,Bachelor,D,Major Loss,Ambulance,1,1,MA,Waltham,6,AGENT00707,VNDR00247
6/6/2021 0:00,TXN00009359,A00003456,PLC00007143,20/1/2011,25/5/2021,30/5/2021,Health,153.93,12000,Lindsay Young,112 Coleman Boulevard,,Savannah,GA,31408,856-51-1756,Y,38,39,Y,6,M,Mortgage,MI,42329118,KMAY01368842891371,Masters,A,Total Loss,Ambulance,0,1,DC,Washington,18,AGENT01012,VNDR00382
6/6/2021 0:00,TXN00009365,A00005116,PLC00009570,3/3/2016,4/6/2021,4/6/2021,Health,162.8,6000,Megan Gilbert,1400 Doris Drive,,Louisville,KY,40118,650-22-8155,Y,29,118,Y,6,M,Mortgage,HI,16317567,IEXL98309431282744,MD,A,Major Loss,Ambulance,1,0,CO,Wheat Ridge,6,AGENT00791,VNDR00368
6/6/2021 0:00,TXN00009378,A00000125,PLC00005758,18/10/2012,1/6/2021,2/6/2021,Health,138.21,18000,Matthew Newsom,1478 Sharps Point Road,,Annapolis,MD,21409,057-89-4121,Y,28,72,Y,2,L,Own,HI,95153069,NGXC92533233264715,Bachelor,A,Major Loss,None,0,0,MD,Edgewater,4,AGENT00880,VNDR00556
7/6/2021 0:00,TXN00009391,A00005359,PLC00004801,21/8/2010,22/5/2021,27/5/2021,Health,125.03,8000,John Cruz,1528 Stafford Avenue,,Hayward,CA,94541,116-54-5092,N,55,106,Y,4,L,Rent,LI,61647570,YEXB67776278998823,PhD,A,Major Loss,Ambulance,1,1,DC,Washington,14,AGENT00944,
7/6/2021 0:00,TXN00009407,A00001675,PLC00009852,19/11/2010,28/5/2021,31/5/2021,Health,160.91,13000,Donnell Reynolds,4525 West Frier Drive,,Glendale,AZ,85301,048-14-4150,Y,48,20,Y,7,L,Mortgage,MI,95886491,FOTB90580340878287,High School,A,Total Loss,Ambulance,1,1,AR,Fayetteville,19,AGENT01097,VNDR00537
8/6/2021 0:00,TXN00009413,A00004104,PLC00006793,9/2/2013,5/6/2021,5/6/2021,Health,141.61,4000,Linda Thomas,1710 Massachusetts Avenue Southeast,,Washington,DC,20003,788-12-3881,N,59,44,Y,6,M,Rent,HI,59633554,TPKL16972176258692,NA,A,Total Loss,Police,1,0,TN,Nashville,19,AGENT00262,VNDR00556
8/6/2021 0:00,TXN00009423,A00006456,PLC00008453,6/6/2012,6/6/2021,6/6/2021,Health,134.43,6000,Phyliss Blevins,25 Cliffside Drive,D,Manchester,CT,6042,491-35-8660,Y,44,103,Y,4,M,Rent,MI,92496473,EGXC64982100264877,High School,A,Total Loss,Police,1,1,TN,Nashville,0,AGENT00362,VNDR00540
8/6/2021 0:00,TXN00009425,A00000240,PLC00001817,16/5/2011,24/5/2021,29/5/2021,Health,177.97,8000,Ruth Royse,1770 Colony Way,,Fayetteville,AR,72704,483-81-2764,Y,54,119,Y,3,M,Own,MI,52894426,NLPJ91263331307535,High School,A,Major Loss,Ambulance,1,1,CO,Arvada,19,AGENT00836,VNDR00355
8/6/2021 0:00,TXN00009430,A00001672,PLC00008224,13/12/2018,5/6/2021,5/6/2021,Health,163.41,4000,Christopher Richardson,1995 Nolensville Pike,,Nashville,TN,37211,533-42-3119,Y,28,78,Y,7,M,Rent,LI,108293832,YOCS27757501845318,High School,A,Total Loss,Police,1,0,DC,Washington,17,AGENT01002,VNDR00092
9/6/2021 0:00,TXN00009440,A00001495,PLC00004576,16/1/2018,30/5/2021,2/6/2021,Health,182.43,9000,Kara Farmer,208 Kinnaird Lane,,Louisville,KY,40243,084-06-1014,Y,28,107,Y,4,L,Own,MI,48346991,OKNX38873784133957,Bachelor,A,Major Loss,None,1,1,TN,Nashville,20,AGENT00664,VNDR00489
9/6/2021 0:00,TXN00009454,A00007039,PLC00008341,25/11/2013,26/5/2021,31/5/2021,Health,112.48,19000,Patricia Kelly,4313 Wisconsin Street,#APT 000007,Anchorage,AK,99517,523-38-4713,N,31,30,Y,3,L,Mortgage,LI,80495004,RNFF54750023913688,High School,A,Total Loss,Ambulance,0,0,MA,Medford,15,AGENT00931,VNDR00540
9/6/2021 0:00,TXN00009457,A00001226,PLC00002129,1/9/2011,28/5/2021,2/6/2021,Health,166.27,6000,Sally Adams,382 Ocean Avenue,#1602,Revere,MA,2151,871-43-2306,Y,41,35,Y,7,M,Own,HI,79105046,KQRX42952298018933,High School,A,Minor Loss,Ambulance,0,1,AR,Fayetteville,7,AGENT00698,
9/6/2021 0:00,TXN00009461,A00007740,PLC00009716,4/2/2019,23/5/2021,28/5/2021,Health,142.87,14000,Allen Reiss,840 River Crest Court,#5,Louisville,KY,40206,602-60-2281,Y,51,72,Y,3,M,Mortgage,LI,48610559,NSPU17483462567637,College,A,Total Loss,Ambulance,1,0,FL,Lynn Haven,18,AGENT00137,
9/6/2021 0:00,TXN00009464,A00008929,PLC00001969,12/3/2014,24/5/2021,29/5/2021,Health,115.52,2000,Thomas Carollo,1169 East Hopkins Avenue,,Aspen,CO,81611,886-73-1021,N,44,49,Y,7,H,Own,MI,29101294,GKQJ59483037292639,Bachelor,A,Total Loss,Ambulance,1,0,GA,Savannah,15,AGENT00237,
10/6/2021 0:00,TXN00009473,A00009249,PLC00009970,27/6/2011,21/5/2021,26/5/2021,Health,156.45,16000,Angela Wilson,13 Warren Avenue,#1011,Somerville,MA,2143,228-99-4951,N,31,9,Y,5,M,Own,MI,61113855,QJZQ09561342470497,Bachelor,A,Major Loss,Other,0,1,CA,Oakland,13,AGENT00950,VNDR00255
10/6/2021 0:00,TXN00009479,A00002233,PLC00000176,8/1/2015,7/6/2021,7/6/2021,Health,180.63,16000,Diana Delahoussaye,5144 Cattail Court,,Fayetteville,AR,72701,611-20-5515,Y,43,65,Y,3,M,Own,LI,82704421,CEEZ33931428452908,High School,A,Major Loss,Police,1,0,OK,Edmond,1,AGENT00723,
10/6/2021 0:00,TXN00009480,A00005421,PLC00006656,8/7/2014,4/6/2021,6/6/2021,Health,166,13000,William Hemphill,4600 Ritchie Highway,,Baltimore,MD,21225,419-60-1568,Y,30,100,Y,5,M,Own,LI,45157293,QYSB22254736479989,Bachelor,A,Minor Loss,Other,1,1,TN,Nashville,0,AGENT00105,VNDR00353
10/6/2021 0:00,TXN00009482,A00007383,PLC00009601,26/12/2010,7/6/2021,7/6/2021,Health,100.44,9000,Jesus Huffman,15510 Champion Lakes Place,,Louisville,KY,40245,151-23-7140,N,42,14,Y,4,M,Mortgage,LI,38222164,ZUEA15538304091209,High School,A,Major Loss,Ambulance,1,1,TN,Nashville,6,AGENT00091,
10/6/2021 0:00,TXN00009487,A00003900,PLC00004037,10/1/2014,8/6/2021,8/6/2021,Health,105.03,10000,Jim Thomas,3483 Canyon Creek Drive,,San Jose,CA,95132,754-07-2454,Y,32,40,Y,6,L,Rent,MI,31578190,BTUZ71085988696582,High School,D,Minor Loss,None,1,1,AL,Montgomery,14,AGENT00243,VNDR00137
10/6/2021 0:00,TXN00009488,A00004259,PLC00009102,25/1/2017,7/6/2021,7/6/2021,Health,160.29,19000,Michelle Jones,2113 Bowen Drive,,Montgomery,AL,36106,774-13-3785,Y,35,118,Y,6,M,Rent,MI,46973955,ZKGJ14556973597118,High School,A,Minor Loss,Police,0,1,AR,Fayetteville,11,AGENT00913,VNDR00425
11/6/2021 0:00,TXN00009501,A00009395,PLC00009552,1/7/2010,4/6/2021,6/6/2021,Health,162.83,19000,Tammy Cooper,5 Little Deer Road,,Groton,VT,5046,255-53-7033,N,35,106,Y,3,M,Own,LI,83709933,NTKO08695338439222,Bachelor,A,Minor Loss,None,1,0,AR,Farmington,3,AGENT01080,VNDR00414
11/6/2021 0:00,TXN00009506,A00008329,PLC00009115,23/4/2012,3/6/2021,6/6/2021,Health,193.39,19000,Kevin Hansen,4132 Northwest 57th Street,,Oklahoma City,OK,73112,218-69-9550,Y,31,113,Y,7,L,Rent,LI,53722034,XWBN70954020706530,PhD,A,Major Loss,Ambulance,1,1,OK,Oklahoma City,2,AGENT00030,VNDR00054
12/6/2021 0:00,TXN00009519,A00006100,PLC00007051,17/2/2016,25/5/2021,30/5/2021,Health,168.55,17000,Barbara Sommerville,1939 Greenwood Street,,Savannah,GA,31404,681-44-9752,Y,51,46,Y,7,M,Mortgage,HI,26331245,ZVYJ16027321742321,College,A,Minor Loss,Police,1,1,CA,Union City,13,AGENT00151,VNDR00493
12/6/2021 0:00,TXN00009520,A00004388,PLC00003349,14/2/2018,4/6/2021,7/6/2021,Health,129.87,20000,William Kittle,1601 Algonquin Parkway,#3,Louisville,KY,40210,751-62-5611,Y,54,36,Y,2,H,Rent,MI,63142811,PEQV90940441192087,Bachelor,A,Minor Loss,Police,1,1,FL,Panama City,11,AGENT00733,
12/6/2021 0:00,TXN00009523,A00001472,PLC00009363,25/5/2013,23/5/2021,28/5/2021,Health,148.21,4000,Stephanie Todd,3752 Roswell Place,,Montgomery,AL,36116,664-79-6765,Y,28,96,N,4,L,Rent,MI,31020127,WTXN34343929515242,Bachelor,A,Total Loss,Other,0,1,FL,Panama City Beach,13,AGENT00619,VNDR00454
12/6/2021 0:00,TXN00009530,A00005162,PLC00008447,24/2/2016,10/6/2021,10/6/2021,Health,122.17,2000,James Lockhart,77 Shadow Brook Estates,,South Hadley,MA,1075,256-11-3826,Y,27,114,Y,4,L,Rent,LI,70517329,CZAE13283206380166,High School,A,Minor Loss,Other,1,1,MA,Cambridge,5,AGENT01085,VNDR00142
12/6/2021 0:00,TXN00009531,A00008245,PLC00006488,17/10/2019,8/6/2021,9/6/2021,Health,120.34,14000,Melinda Whitcomb,1513 Southeast 9th Street,,Moore,OK,73160,066-97-4795,Y,57,90,Y,5,M,Mortgage,HI,52645905,EFTT48070055358366,High School,A,Major Loss,None,1,0,OK,Edmond,13,AGENT00444,VNDR00598
13/6/2021 0:00,TXN00009533,A00004955,PLC00008241,28/6/2018,1/6/2021,6/6/2021,Health,110.65,19000,Virginia Lombardo,9805 South Youngs Lane,,Oklahoma City,OK,73159,132-95-1190,Y,39,13,Y,3,M,Mortgage,LI,92746673,MGYD68595577502772,Bachelor,A,Minor Loss,Ambulance,0,1,TN,Nashville,2,AGENT00584,VNDR00592
13/6/2021 0:00,TXN00009535,A00003478,PLC00001760,26/7/2014,1/6/2021,6/6/2021,Health,150.9,9000,Gerald Johns,17372 Crestview Road,,Fayetteville,AR,72701,391-65-6777,Y,33,116,Y,7,M,Rent,HI,93045564,IIZG41745464749154,PhD,A,Total Loss,None,1,1,TN,Nashville,23,AGENT00759,VNDR00128
13/6/2021 0:00,TXN00009537,A00001788,PLC00001342,13/10/2016,1/6/2021,6/6/2021,Health,184.43,18000,Dewey Anderson,24 Lambert Street,,Medford,MA,2155,481-86-9374,N,29,48,Y,6,L,Own,MI,94623189,ETWK11701966636532,College,A,Total Loss,Ambulance,1,1,GA,Savannah,9,AGENT00352,VNDR00135
13/6/2021 0:00,TXN00009539,A00001693,PLC00004261,27/12/2019,27/5/2021,1/6/2021,Health,191.89,8000,Karen Tatro,382 Ocean Avenue,#1602,Revere,MA,2151,221-51-3303,Y,36,114,Y,5,H,Mortgage,LI,40864293,EOBA01380071328125,Bachelor,A,Minor Loss,Ambulance,1,0,MD,Laurel,9,AGENT00129,VNDR00570
13/6/2021 0:00,TXN00009545,A00009653,PLC00000798,2/12/2014,29/5/2021,3/6/2021,Health,190.37,4000,Beverly Cook,22 Charnock Street,#2,Beverly,MA,1915,288-13-2671,Y,57,23,Y,6,L,Own,MI,60729732,AUCD72829824705081,Bachelor,A,Major Loss,Police,1,1,TN,Nolensville,6,AGENT00918,VNDR00473
13/6/2021 0:00,TXN00009546,A00000590,PLC00009306,5/4/2012,30/5/2021,4/6/2021,Health,193.07,5000,Christopher Bryant,5725 Medallion Court,,Castro Valley,CA,94552,068-77-9980,Y,36,65,Y,7,L,Mortgage,LI,95767345,LRZG77516275882092,High School,A,Major Loss,Police,1,1,KY,Louisville,20,AGENT01082,VNDR00214
13/6/2021 0:00,TXN00009547,A00006056,PLC00003451,18/2/2014,1/6/2021,6/6/2021,Health,141.23,5000,Alejandrina Plaza,68 Route 66,,,VT,5149,192-88-1539,Y,58,119,Y,2,L,Mortgage,MI,15426776,FGPH34717025252596,Masters,A,Major Loss,Ambulance,1,1,FL,Panama City,13,AGENT00242,
13/6/2021 0:00,TXN00009550,A00005831,PLC00000227,1/9/2013,29/5/2021,3/6/2021,Health,137.24,12000,Merlin Gunning,1340 5th Street Northwest,,Washington,DC,20001,093-93-4533,Y,34,88,Y,6,M,Own,MI,85062050,KSMA11098379743658,Bachelor,A,Minor Loss,Ambulance,1,0,KY,Prospect,17,AGENT00634,VNDR00440
13/6/2021 0:00,TXN00009557,A00002056,PLC00009981,12/11/2010,8/6/2021,9/6/2021,Health,170.01,1000,Bradley Olsen,210 Long Hill Court,,Pasadena,MD,21122,328-21-0472,Y,56,46,Y,4,L,Mortgage,LI,99108955,AICD06374175521627,Bachelor,A,Total Loss,Ambulance,1,0,AL,Montgomery,15,AGENT00171,VNDR00524
14/6/2021 0:00,TXN00009561,A00008744,PLC00000112,2/8/2016,31/5/2021,5/6/2021,Health,101.38,6000,Kristy Rosa,141 Parker Road,,Pittsford,VT,5763,645-20-5200,Y,48,29,Y,6,L,Rent,MI,54080500,ZDWC89290664169679,Bachelor,A,Major Loss,None,1,1,CO,Arvada,10,AGENT00124,VNDR00314
14/6/2021 0:00,TXN00009563,A00005934,PLC00001466,1/12/2010,30/5/2021,4/6/2021,Health,115.89,6000,Carl Omalley,1427 South Carolina Avenue Southeast,,Washington,DC,20003,469-91-0717,N,52,41,Y,6,L,Own,MI,53764157,KYXL73757400641544,High School,A,Minor Loss,None,1,1,OK,Oklahoma City,19,AGENT01200,VNDR00251
14/6/2021 0:00,TXN00009572,A00008142,PLC00001264,1/9/2014,5/6/2021,8/6/2021,Health,187.36,16000,Annette Clark,11 Proctor Circle,,Peabody,MA,1960,233-55-3433,N,49,25,Y,3,L,Rent,MI,104108455,HZZW29826703023440,Bachelor,A,Total Loss,Ambulance,1,1,CA,Selma,8,AGENT00599,VNDR00040
14/6/2021 0:00,TXN00009575,A00007296,PLC00003920,22/10/2016,29/5/2021,3/6/2021,Health,172.73,11000,Christopher Voss,2200 East Victory Drive,#36,Savannah,GA,31404,369-94-7826,N,51,24,Y,6,L,Mortgage,LI,68538569,QNJC89567030020408,Masters,A,Major Loss,None,0,0,AZ,Peoria,12,AGENT00180,VNDR00399
14/6/2021 0:00,TXN00009578,A00005294,PLC00007725,27/2/2019,2/6/2021,7/6/2021,Health,136.93,17000,Theresa Harding,205 West Montgomery Cross Road,#1602,Savannah,GA,31406,739-52-4094,N,52,87,Y,3,M,Rent,HI,107183451,XLXR70070780438101,College,A,Major Loss,None,0,0,VT,Windham,23,AGENT00693,
15/6/2021 0:00,TXN00009585,A00002287,PLC00005657,30/5/2018,9/6/2021,11/6/2021,Health,183.03,14000,Sean Baldwin,117 East Cook Avenue,,Anchorage,AK,99501,086-18-3246,Y,64,43,Y,2,L,Rent,HI,98999123,TRCB71074897648583,High School,A,Total Loss,Ambulance,0,1,MD,Edgewater,6,AGENT00630,VNDR00114
15/6/2021 0:00,TXN00009591,A00009999,PLC00000829,8/4/2011,14/6/2021,14/6/2021,Health,119.7,14000,Michael King,3801 North Ann Arbor Place,,Oklahoma City,OK,73122,410-18-3387,Y,63,59,Y,6,H,Mortgage,MI,95844792,WHMF34039798731693,MD,A,Major Loss,Ambulance,1,1,GA,Pooler,9,AGENT00701,
15/6/2021 0:00,TXN00009592,A00004976,PLC00006700,16/6/2011,6/6/2021,9/6/2021,Health,181.35,7000,Mary Thom,1707 6th Street Northwest,,Washington,DC,20001,278-69-0003,N,46,83,Y,5,L,Rent,LI,93525589,DRVO20460733530344,High School,A,Major Loss,Police,1,1,FL,Panama City,17,AGENT00584,VNDR00505
15/6/2021 0:00,TXN00009594,A00008775,PLC00006616,10/9/2012,3/6/2021,8/6/2021,Health,105.73,3000,Richard Hernandez,1320 Huffman Park Drive,#STE 000170,Anchorage,AK,99515,054-06-6864,Y,29,78,Y,3,L,Rent,MI,14320585,WHWU08336621697136,NA,A,Minor Loss,None,1,1,CT,Manchester,18,AGENT01134,
15/6/2021 0:00,TXN00009599,A00001176,PLC00004424,28/4/2013,28/5/2021,2/6/2021,Health,162.04,8000,Mae Parker,5370 Business Park Drive,,Montgomery,AL,36116,227-23-8187,N,55,44,Y,7,M,Rent,LI,25000920,LRFN98635472565392,Bachelor,A,Total Loss,Ambulance,1,1,AZ,Glendale,4,AGENT01016,VNDR00550
15/6/2021 0:00,TXN00009614,A00004333,PLC00006534,6/10/2018,11/6/2021,12/6/2021,Health,156.04,19000,Alane Thomas,713 Millard Fuller Drive,,Montgomery,AL,36110,260-62-0273,Y,48,35,Y,2,M,Mortgage,LI,123452331,AKYJ16865287109137,High School,A,Minor Loss,Police,1,0,DC,Washington,13,AGENT00399,VNDR00416
16/6/2021 0:00,TXN00009619,A00009740,PLC00006159,9/4/2015,6/6/2021,9/6/2021,Health,173.23,13000,Richard Mcdermott,8573 North 63rd Drive,,Glendale,AZ,85302,355-37-1917,N,53,37,Y,5,L,Mortgage,LI,108375268,IYZI63993505795231,Bachelor,A,Total Loss,Other,0,0,AL,Montgomery,3,AGENT00917,VNDR00327
16/6/2021 0:00,TXN00009631,A00006700,PLC00008358,11/8/2019,30/5/2021,4/6/2021,Health,139.42,3000,Teresa Bates,1311 Durrett Lane,,Louisville,KY,40213,898-99-6646,Y,31,30,Y,4,L,Mortgage,MI,80618548,EIIZ02908370543601,Masters,A,Total Loss,Ambulance,0,0,AL,Montgomery,18,AGENT00956,
16/6/2021 0:00,TXN00009639,A00004282,PLC00003063,12/7/2016,11/6/2021,12/6/2021,Health,184.78,6000,Angela Herrington,2436 Naples Avenue,,Panama City,FL,32405,866-70-4082,Y,30,21,Y,3,L,Mortgage,HI,49429192,NZMB94768395147438,Bachelor,A,Major Loss,Ambulance,1,0,AK,Anchorage,22,AGENT00006,VNDR00557
16/6/2021 0:00,TXN00009644,A00001006,PLC00001557,23/5/2011,30/5/2021,4/6/2021,Health,122.44,17000,Virginia Howard,308 School Avenue,,Panama City,FL,32401,704-32-9302,Y,48,39,Y,2,M,Own,LI,118754332,MMUO41825803434608,High School,D,Total Loss,Police,1,1,VT,Guildhall,23,AGENT01003,VNDR00437
16/6/2021 0:00,TXN00009646,A00006183,PLC00005587,29/1/2014,7/6/2021,10/6/2021,Health,153.79,17000,Mark Herring,11 Proctor Circle,,Peabody,MA,1960,662-77-4241,N,44,20,Y,2,L,Rent,MI,91358392,DZHH95869822747217,Bachelor,A,Total Loss,Ambulance,1,1,AK,Anchorage,1,AGENT00709,VNDR00478
17/6/2021 0:00,TXN00009647,A00005504,PLC00009798,30/7/2014,31/5/2021,5/6/2021,Health,106.07,8000,Shawn Briggs,2014 Clemens Road,,Oakland,CA,94602,639-65-2102,Y,55,7,Y,7,L,Rent,MI,115504938,LRUV30784953509433,NA,A,Total Loss,Other,1,0,OK,Norman,2,AGENT00118,VNDR00278
17/6/2021 0:00,TXN00009658,A00001281,PLC00003545,29/10/2015,16/6/2021,16/6/2021,Health,161.45,5000,Bruce Price,4430 Davenport Street Northwest,,Washington,DC,20016,777-11-0891,N,33,37,Y,4,L,Rent,MI,119099342,XKWG27140807619535,College,A,Major Loss,Police,1,1,CO,Fort Collins,16,AGENT00054,
17/6/2021 0:00,TXN00009665,A00000030,PLC00003231,12/4/2014,15/6/2021,15/6/2021,Health,125.32,19000,Lee Hughes,6518 Dolphin Court,,Glen Burnie,MD,21061,383-81-8658,N,49,78,N,4,M,Rent,HI,65594991,LHHY44210855495223,Bachelor,A,Total Loss,Other,1,1,KY,Louisville,12,AGENT00919,
17/6/2021 0:00,TXN00009667,A00008994,PLC00007942,25/9/2010,12/6/2021,13/6/2021,Health,170.54,18000,Debra Martinez,322 East Taylor Street,#1103,Savannah,GA,31401,162-94-6337,Y,53,75,Y,3,M,Mortgage,HI,100811212,QORV47401782274629,College,A,Total Loss,Ambulance,1,0,CA,Hayward,22,AGENT01099,VNDR00491
17/6/2021 0:00,TXN00009669,A00007410,PLC00004866,8/4/2019,6/6/2021,11/6/2021,Health,102.34,20000,Lucius Williams,313 Post Road,,Rutland,VT,5701,690-13-5237,Y,64,68,Y,4,M,Own,MI,39933229,GIDM64209566077428,Bachelor,A,Major Loss,Ambulance,1,1,MD,Brooklyn Park,13,AGENT00646,VNDR00529
18/6/2021 0:00,TXN00009675,A00003676,PLC00007763,23/10/2018,9/6/2021,12/6/2021,Health,147.6,18000,Richard Hepburn,1823 North Munchkin Lane,,Fayetteville,AR,72704,051-34-6526,Y,46,85,Y,5,L,Mortgage,MI,98258673,IHUQ32550555878923,High School,A,Major Loss,Ambulance,1,1,AZ,Glendale,3,AGENT00145,
18/6/2021 0:00,TXN00009681,A00005338,PLC00000849,13/5/2013,13/6/2021,14/6/2021,Health,169.61,8000,Vilma Bailey,2611 Bluefield Avenue,,Nashville,TN,37214,160-57-0145,Y,49,56,Y,7,L,Rent,MI,105294627,FHOZ05123268624051,MD,D,Minor Loss,Ambulance,0,0,MD,Crofton,0,AGENT00339,VNDR00339
18/6/2021 0:00,TXN00009684,A00003006,PLC00000776,22/3/2014,30/5/2021,4/6/2021,Health,107.29,6000,William Froneberger,9222 Sandra Grace Road,,Southport,FL,32409,319-82-3068,Y,46,25,Y,2,H,Rent,LI,65605314,ODDX61936916775670,Bachelor,A,Minor Loss,Ambulance,1,0,CO,Arvada,13,AGENT00458,
18/6/2021 0:00,TXN00009697,A00007433,PLC00001176,26/5/2017,31/5/2021,5/6/2021,Health,132.01,15000,Ronald Osborn,5644 Kipling Parkway,#108,Arvada,CO,80002,304-78-8565,Y,30,63,Y,5,M,Rent,LI,14382099,LDDU64897260204884,Masters,A,Total Loss,None,1,1,FL,Panama City Beach,16,AGENT00717,
19/6/2021 0:00,TXN00009708,A00004936,PLC00008069,18/7/2011,14/6/2021,15/6/2021,Health,154.65,20000,Roy Herring,18687 County Road 97,,Woodland,CA,95695,081-05-9532,N,36,72,Y,6,L,Rent,HI,17587176,XBYA50002944972286,Bachelor,A,Major Loss,Ambulance,1,1,KY,Plantation,18,AGENT00879,
19/6/2021 0:00,TXN00009709,A00006987,PLC00009253,7/2/2019,7/6/2021,12/6/2021,Health,174.15,3000,Elly Wallace,18505 Onyx Avenue,,Waddell,AZ,85355,740-97-8490,N,26,47,Y,3,L,Mortgage,HI,115851746,LTPI28570971352563,High School,D,Total Loss,None,1,1,VT,Colchester,3,AGENT00225,VNDR00185
19/6/2021 0:00,TXN00009712,A00001641,PLC00009589,30/10/2017,5/6/2021,10/6/2021,Health,125.04,18000,Keith Stephens,501 West Maple Street,#203,Fayetteville,AR,72701,472-59-4599,Y,50,78,Y,3,M,Own,HI,12858091,YBWF08368041186413,Bachelor,A,Minor Loss,Ambulance,1,0,AZ,Glendale,19,AGENT01189,
20/6/2021 0:00,TXN00009729,A00000915,PLC00008549,7/5/2017,1/6/2021,6/6/2021,Health,198.78,15000,Alan Garrett,12 Fletcher Lane,,Shelburne,VT,5482,173-93-1016,N,37,25,Y,5,M,Own,MI,98204164,LYBY93798593068136,Bachelor,A,Major Loss,None,1,1,AZ,Glendale,6,AGENT00677,VNDR00593
20/6/2021 0:00,TXN00009741,A00005864,PLC00007754,7/9/2014,1/6/2021,6/6/2021,Health,195.65,14000,James Finkle,654 Laurette Place,,Hayward,CA,94544,713-54-3259,Y,35,83,Y,6,L,Mortgage,HI,77722489,JCRQ26659977559548,MD,A,Total Loss,Police,1,0,KY,Louisville,14,AGENT00810,VNDR00020
21/6/2021 0:00,TXN00009757,A00009952,PLC00008873,11/11/2018,8/6/2021,13/6/2021,Health,106.43,20000,Rodney Zimmerman,450 C Street,,Hayward,CA,94541,081-11-9356,Y,38,26,Y,7,H,Rent,LI,125629379,ZZOR81656471941102,Bachelor,A,Minor Loss,Police,1,0,CA,Concord,6,AGENT01000,VNDR00204
21/6/2021 0:00,TXN00009758,A00000251,PLC00002172,10/5/2011,20/6/2021,20/6/2021,Health,152.23,16000,James Previte,4 Village Lake Drive,#4,Fayetteville,AR,72703,595-29-0862,Y,35,93,Y,7,L,Mortgage,LI,37718404,SVWV78041235738971,Bachelor,D,Total Loss,Police,1,1,VT,,16,AGENT00212,VNDR00453
21/6/2021 0:00,TXN00009762,A00005036,PLC00005363,9/1/2017,18/6/2021,18/6/2021,Health,164.34,6000,Annette Lane,5614 Kipling Parkway,#404,Arvada,CO,80002,576-54-1509,Y,59,99,Y,6,M,Own,MI,33306849,HKGK94268046019716,Bachelor,A,Minor Loss,None,1,0,KY,Louisville,18,AGENT01122,
21/6/2021 0:00,TXN00009765,A00009814,PLC00009025,18/11/2018,1/6/2021,6/6/2021,Health,185.27,11000,Bridget Schulz,801 Dale Road,,Glen Burnie,MD,21060,001-47-7236,N,58,118,Y,3,L,Mortgage,MI,108565230,XPJY69400168405142,Masters,A,Major Loss,Police,1,0,DC,Washington,3,AGENT00574,VNDR00206
21/6/2021 0:00,TXN00009767,A00007521,PLC00000616,10/4/2018,9/6/2021,14/6/2021,Health,151.24,20000,Shannon Amsden,3824 Rosewood Court,,Midwest City,OK,73110,328-61-0524,Y,56,42,Y,2,M,Own,LI,62253837,HCYK18320355289602,Bachelor,A,Major Loss,None,0,1,CA,Fremont,17,AGENT00941,VNDR00557
21/6/2021 0:00,TXN00009769,A00009326,PLC00008415,24/7/2017,12/6/2021,15/6/2021,Health,191.7,5000,Susan Hart,2362 Acushnet Avenue,,New Bedford,MA,2745,207-52-0862,Y,41,84,Y,3,H,Mortgage,LI,92973349,ZIXI49581588046225,College,A,Minor Loss,Ambulance,0,1,VT,Saint Albans City,21,AGENT00366,
22/6/2021 0:00,TXN00009786,A00005270,PLC00001011,5/12/2016,20/6/2021,20/6/2021,Health,108.83,8000,Lillian Ross,43 Henderson Avenue,,Savannah,GA,31406,612-53-2419,Y,43,64,Y,5,L,Own,HI,69840599,TPMZ85462008343676,High School,A,Total Loss,None,1,0,DC,Washington,7,AGENT00082,VNDR00555
22/6/2021 0:00,TXN00009788,A00000047,PLC00008507,8/6/2019,10/6/2021,15/6/2021,Health,192.72,8000,Ricky Maxam,7450 Wade Circle,,Anchorage,AK,99518,523-64-0725,Y,52,72,Y,2,H,Mortgage,LI,38323827,LLMP30885451869938,Bachelor,A,Total Loss,None,1,1,FL,Panama City,10,AGENT00683,VNDR00233
22/6/2021 0:00,TXN00009793,A00003334,PLC00006073,26/9/2015,13/6/2021,16/6/2021,Health,191.71,11000,Chris Collazo,122 Summer Street,#1,Medford,MA,2155,653-56-6745,N,34,112,Y,4,M,Rent,LI,120423680,RNRE38739773065932,MD,A,Minor Loss,Police,1,1,VT,Montpelier,12,AGENT00870,VNDR00090
22/6/2021 0:00,TXN00009796,A00004152,PLC00007818,26/9/2016,8/6/2021,13/6/2021,Health,128.28,5000,William Duncan,5327 Pierce Street,,Arvada,CO,80002,776-43-0763,Y,28,9,Y,6,L,Rent,LI,113458633,NNFJ17775067021750,College,A,Minor Loss,Police,1,0,AR,Fayetteville,21,AGENT00890,VNDR00168
22/6/2021 0:00,TXN00009800,A00001810,PLC00008924,15/5/2012,19/6/2021,19/6/2021,Health,122.8,4000,Maria Soule,302 Mcmillin Street,,Nashville,TN,37203,871-34-7645,N,61,60,Y,6,M,Mortgage,MI,31084354,SYKT94504981578892,Bachelor,A,Minor Loss,None,1,0,AZ,Glendale,8,AGENT00716,
23/6/2021 0:00,TXN00009807,A00004113,PLC00000045,23/12/2019,6/6/2021,11/6/2021,Health,152.33,3000,Cynthia Garcia,18687 County Road 97,,Woodland,CA,95695,540-06-3720,Y,49,64,Y,7,L,Mortgage,MI,95550581,QYIO25151683311660,High School,A,Minor Loss,Ambulance,0,1,OK,Oklahoma City,12,AGENT00557,
23/6/2021 0:00,TXN00009809,A00002322,PLC00000785,22/3/2011,16/6/2021,18/6/2021,Health,197.59,3000,Jennifer Rhymes,6862 North 44th Avenue,#3,Glendale,AZ,85301,241-45-2987,N,59,57,Y,7,L,Rent,MI,19388166,FJDN09079728294449,Bachelor,A,Minor Loss,Ambulance,0,1,AR,Fayetteville,23,AGENT00229,
23/6/2021 0:00,TXN00009810,A00001092,PLC00006232,1/6/2018,19/6/2021,20/6/2021,Health,124.89,3000,Lucille Ramirez,1358 Scenic Avenue,R B,Berkeley,CA,94708,595-34-6988,Y,51,39,Y,2,L,Own,HI,21258378,XTEZ65764010769433,Masters,A,Major Loss,None,1,1,FL,Panama City,13,AGENT01199,VNDR00461
23/6/2021 0:00,TXN00009814,A00009011,PLC00008814,25/1/2018,13/6/2021,16/6/2021,Health,184.94,18000,Charles Hutchinson,5 Yerxa Road,#2,Cambridge,MA,2140,065-41-6206,Y,41,16,Y,4,H,Own,MI,110743383,RFKV56658165416115,High School,A,Major Loss,Ambulance,1,1,AR,Fayetteville,23,AGENT00646,VNDR00494
23/6/2021 0:00,TXN00009815,A00003568,PLC00000262,3/2/2011,4/6/2021,9/6/2021,Health,111.99,4000,Dorcas Peterson,62 Prospect Avenue,#1,Quincy,MA,2170,072-41-6251,Y,46,105,Y,3,L,Mortgage,HI,106063611,SESN66855939536759,NA,A,Total Loss,None,1,1,KY,Louisville,4,AGENT00711,
23/6/2021 0:00,TXN00009820,A00004324,PLC00005797,23/8/2013,22/6/2021,22/6/2021,Health,106.68,20000,Mary Strickland,18827 Fish Hatchery Road,,Anchorage,AK,99577,742-15-6082,N,31,88,Y,6,M,Rent,MI,116566140,NXCP95920599518628,Masters,A,Total Loss,Ambulance,1,1,AL,Montgomery,9,AGENT00586,
24/6/2021 0:00,TXN00009831,A00000719,PLC00002289,23/10/2012,23/6/2021,23/6/2021,Health,195.61,2000,Esperanza Thompson,824 Main Street,D,Manchester,CT,6040,898-43-0996,Y,52,53,Y,5,L,Mortgage,HI,87473582,JUGO26736145714982,NA,A,Total Loss,Ambulance,1,0,MD,Deale,10,AGENT00798,VNDR00221
24/6/2021 0:00,TXN00009837,A00000045,PLC00004623,13/1/2012,7/6/2021,12/6/2021,Health,100.43,17000,Corey Phillips,19448 Currant Drive,,Edmond,OK,73012,030-30-3861,Y,33,20,Y,4,L,Own,MI,52325283,MULM31119673084964,Bachelor,A,Total Loss,None,1,1,AZ,Glendale,8,AGENT01133,VNDR00078
24/6/2021 0:00,TXN00009839,A00003275,PLC00009400,31/10/2013,9/6/2021,14/6/2021,Health,199.52,3000,Isabel Cox,3801 North Ann Arbor Place,,Oklahoma City,OK,73122,740-47-8727,Y,61,34,Y,3,H,Mortgage,LI,29269479,DTXN96491160510461,College,A,Major Loss,Police,1,0,GA,Pooler,0,AGENT01015,VNDR00580
25/6/2021 0:00,TXN00009865,A00005047,PLC00007187,11/7/2019,11/6/2021,16/6/2021,Health,140.97,14000,Donna Stayton,2619 North Quality Lane,#315,Fayetteville,AR,72703,102-50-1915,Y,59,101,Y,3,L,Own,HI,112153654,JDNF28599298236818,PhD,A,Total Loss,Ambulance,1,1,TN,Brentwood,10,AGENT00204,VNDR00243
25/6/2021 0:00,TXN00009866,A00000755,PLC00006455,10/2/2016,22/6/2021,22/6/2021,Health,158.35,5000,Faye James,11501 Maple Way,,Louisville,KY,40229,158-67-3334,N,52,67,Y,6,M,Own,HI,110453819,ORRO61143947775279,Bachelor,A,Total Loss,Ambulance,0,0,TN,Nashville,8,AGENT00637,VNDR00200
25/6/2021 0:00,TXN00009872,A00001592,PLC00005416,16/9/2016,17/6/2021,20/6/2021,Health,118.63,5000,Jennifer Allen,4075 North Cadillac Drive,#2,Fayetteville,AR,72703,292-59-5019,N,55,60,Y,7,M,Mortgage,MI,12388943,DCYZ35436882565585,Bachelor,A,Total Loss,Ambulance,1,1,VT,Walden,9,AGENT00485,
25/6/2021 0:00,TXN00009875,A00002588,PLC00004720,2/7/2011,23/6/2021,23/6/2021,Health,123.59,3000,Joey Goodrich,6431 Shattuck Avenue,B,Oakland,CA,94609,286-91-8974,Y,45,75,Y,3,L,Own,LI,20215875,ZOTQ75350973047096,High School,D,Major Loss,None,1,0,AZ,Glendale,21,AGENT00074,VNDR00112
25/6/2021 0:00,TXN00009878,A00002950,PLC00003532,12/4/2019,19/6/2021,21/6/2021,Health,119.05,5000,William Garroutte,42 Lake Lane,,Westmore,VT,5860,592-31-0118,Y,52,77,Y,6,M,Own,MI,96713178,CSSJ29731914968247,High School,A,Minor Loss,Police,0,0,AL,Montgomery,12,AGENT00302,
26/6/2021 0:00,TXN00009884,A00001319,PLC00001201,28/3/2017,13/6/2021,18/6/2021,Health,133.29,10000,Jesus Castle,2433 Southwest 36th Street,,Oklahoma City,OK,73109,711-19-8805,Y,58,80,Y,5,M,Own,MI,47333170,ZMSZ24524613437589,Bachelor,A,Major Loss,Ambulance,1,1,CT,Manchester,0,AGENT00708,
26/6/2021 0:00,TXN00009896,A00005470,PLC00007147,1/9/2015,12/6/2021,17/6/2021,Health,175.85,6000,Cynthia Stancil,13213 Spanish Moss Road,,Savannah,GA,31419,216-39-4622,N,45,46,Y,3,L,Own,MI,61735592,RECT69503172600874,PhD,A,Major Loss,Ambulance,1,1,CO,Arvada,6,AGENT00166,VNDR00002
27/6/2021 0:00,TXN00009903,A00001465,PLC00007140,19/7/2015,20/6/2021,22/6/2021,Health,105.29,18000,Julie Lockett,13 Riverview Avenue,,Groton,CT,6340,418-19-5071,Y,55,27,Y,5,M,Rent,LI,55374765,ZUEG08236034073404,Bachelor,A,Minor Loss,Police,0,1,CT,Manchester,16,AGENT00256,VNDR00474
27/6/2021 0:00,TXN00009906,A00007085,PLC00009655,28/6/2010,11/6/2021,16/6/2021,Health,135.63,17000,William Bird,1738 Annabellas Drive,,Panama City Beach,FL,32407,490-67-7264,Y,40,87,Y,6,L,Mortgage,MI,66847773,AYRT23265711050335,Bachelor,A,Minor Loss,Other,1,0,VT,Plymouth,4,AGENT01194,VNDR00362
27/6/2021 0:00,TXN00009909,A00005922,PLC00005003,30/5/2011,21/6/2021,23/6/2021,Health,152.74,19000,Carl Williams,1711 8th Street Northwest,,Washington,DC,20001,395-60-2587,Y,56,80,Y,5,L,Rent,MI,112187196,NWSJ33006709190735,Masters,A,Total Loss,None,0,0,OK,Midwest City,20,AGENT00042,
27/6/2021 0:00,TXN00009910,A00002779,PLC00005115,19/8/2018,22/6/2021,23/6/2021,Health,164.5,6000,Teresa Hogan,4235 Phelan Court,,Montgomery,AL,36116,713-04-3492,Y,56,42,Y,6,H,Rent,HI,99349510,KHZD77361183324095,Bachelor,A,Minor Loss,Ambulance,0,0,MD,Glen Burnie,18,AGENT00989,VNDR00153
27/6/2021 0:00,TXN00009917,A00001165,PLC00005633,8/11/2014,20/6/2021,22/6/2021,Health,193.37,5000,Tim Farmer,4812 Alton Place Northwest,,Washington,DC,20016,621-31-9720,Y,29,109,Y,7,L,Rent,MI,108260959,DDUC79673499649099,High School,A,Total Loss,Police,1,1,DC,Washington,14,AGENT00808,
28/6/2021 0:00,TXN00009925,A00005615,PLC00008195,1/4/2019,14/6/2021,19/6/2021,Health,120.71,5000,Helga Barnes,5430 Brookdale Avenue,,Oakland,CA,94619,380-49-2333,Y,46,76,Y,5,L,Own,HI,104696226,UZSP43372401096463,Masters,A,Total Loss,None,1,1,AL,Montgomery,19,AGENT00967,
28/6/2021 0:00,TXN00009932,A00003921,PLC00002738,18/10/2019,16/6/2021,21/6/2021,Health,151.21,15000,Anita Chappell,1136 Northwest 31st Street,,Oklahoma City,OK,73118,215-79-3164,Y,58,21,Y,2,L,Rent,HI,29891960,CJTN19588430152347,MD,A,Total Loss,Police,1,1,CA,Eureka,15,AGENT00842,VNDR00183
28/6/2021 0:00,TXN00009935,A00004316,PLC00001391,6/2/2018,17/6/2021,22/6/2021,Health,137.9,18000,Peter Nock,5128 West Carol Avenue,,Glendale,AZ,85302,802-58-5700,Y,49,99,Y,2,M,Mortgage,HI,69470037,AYNF59249937224540,Masters,A,Major Loss,None,1,1,KY,Louisville,15,AGENT00394,VNDR00109
28/6/2021 0:00,TXN00009940,A00008826,PLC00006260,7/11/2018,23/6/2021,24/6/2021,Health,147.17,3000,James Ellis,1643 Oxford Street,R C,Berkeley,CA,94709,149-56-0392,Y,40,11,Y,5,M,Own,MI,49374043,OVHO94859416482122,High School,A,Major Loss,Police,1,0,AK,Anchorage,6,AGENT00283,VNDR00226
28/6/2021 0:00,TXN00009941,A00008376,PLC00006766,24/7/2012,15/6/2021,20/6/2021,Health,145.66,20000,Eddie Gaylor,10202 Vista Drive,,Cupertino,CA,95014,734-18-9967,N,33,106,N,3,M,Mortgage,LI,111817739,QKGN25190020788852,Bachelor,A,Total Loss,Police,1,0,CO,Arvada,6,AGENT00774,VNDR00437
29/6/2021 0:00,TXN00009948,A00000338,PLC00008277,24/6/2014,20/6/2021,23/6/2021,Health,146.14,19000,June Osgood,33 Linscott Road,,Hingham,MA,2043,824-56-0024,Y,62,11,Y,7,L,Mortgage,MI,62426664,STPI60596947140702,Bachelor,A,Total Loss,Ambulance,1,0,GA,Savannah,5,AGENT00421,VNDR00262
29/6/2021 0:00,TXN00009950,A00004404,PLC00007160,16/10/2010,27/6/2021,27/6/2021,Health,127.89,1000,Jessica Verdi,8101 Vaughn Road,,Montgomery,AL,36117,356-74-5657,Y,57,23,Y,2,M,Rent,MI,99787392,DYGF04368384891632,High School,A,Minor Loss,Ambulance,1,1,DC,Washington,0,AGENT00732,
29/6/2021 0:00,TXN00009959,A00008989,PLC00006292,12/1/2018,9/6/2021,14/6/2021,Health,112.88,2000,Nancy Davis,1804 Calhoun Avenue,,Panama City,FL,32405,371-62-9260,Y,50,25,Y,2,H,Rent,HI,55267306,KUHK25998137093934,Bachelor,A,Major Loss,Ambulance,0,0,CA,Oakland,19,AGENT00851,VNDR00010
29/6/2021 0:00,TXN00009963,A00008657,PLC00003051,4/2/2013,12/6/2021,17/6/2021,Health,180.07,10000,Nella Wiggins,10301 La Plaza Drive,,Louisville,KY,40272,518-50-3837,Y,51,111,Y,2,H,Rent,MI,112896571,HHSB16747045330695,Bachelor,A,Minor Loss,Ambulance,0,0,KY,Louisville,12,AGENT00256,VNDR00047
30/6/2021 0:00,TXN00009980,A00002305,PLC00001801,20/4/2012,28/6/2021,28/6/2021,Health,127.68,18000,Aaron Hernandez,208 Towne Lake Way,,Pooler,GA,31322,034-90-1432,Y,49,34,Y,6,M,Own,MI,26940649,MSAK83349541967571,MD,A,Minor Loss,Ambulance,1,1,MA,Merrimac,20,AGENT00855,VNDR00325
30/6/2021 0:00,TXN00009998,A00004230,PLC00006613,11/10/2018,18/6/2021,23/6/2021,Health,183.5,8000,Luis Clark,10980 Splendor Loop,,Anchorage,AK,99577,743-01-9480,Y,53,32,Y,2,M,Mortgage,LI,34475591,ACXF69390753250566,Bachelor,A,Major Loss,None,1,1,OK,Oklahoma City,12,AGENT00786,VNDR00104
